step,episode,episode_reward,episode_shaped_reward,episode_length,epsilon,fps,avg_loss,avg_q
302,1,0.0,-8.409999999999986,302,1.0,516.3,0.0,0.0
516,2,0.0,-7.969999999999995,214,1.0,496.9,0.0,0.0
708,3,0.0,-7.859999999999997,192,1.0,491.4,0.0,0.0
1015,4,100.0,-8.434999999999985,307,1.0,489.8,0.0,0.0
1239,5,0.0,-8.019999999999994,224,1.0,488.3,0.0,0.0
1467,6,0.0,-8.039999999999994,228,1.0,486.9,0.0,0.0
1717,7,0.0,-8.149999999999991,250,1.0,487.0,0.0,0.0
1967,8,0.0,-8.149999999999991,250,1.0,484.8,0.0,0.0
2331,9,0.0,-8.719999999999981,364,1.0,486.3,0.0,0.0
2696,10,200.0,-8.724999999999977,365,1.0,487.6,0.0,0.0
2959,11,0.0,-8.21499999999999,263,1.0,487.3,0.0,0.0
3243,12,0.0,-8.319999999999984,284,1.0,486.9,0.0,0.0
3568,13,0.0,-8.524999999999991,325,1.0,487.5,0.0,0.0
3776,14,0.0,-7.940000000000003,208,1.0,487.4,0.0,0.0
4183,15,0.0,-8.934999999999977,407,1.0,488.5,0.0,0.0
4622,16,200.0,-9.094999999999978,439,1.0,489.5,0.0,0.0
4909,17,0.0,-8.334999999999987,287,1.0,489.4,0.0,0.0
5114,18,0.0,-7.9250000000000025,205,1.0,488.7,0.0,0.0
5387,19,0.0,-8.264999999999985,273,1.0,488.6,0.0,0.0
5727,20,0.0,-8.59999999999998,340,1.0,488.7,0.0,0.0
5997,21,0.0,-8.24999999999999,270,1.0,488.7,0.0,0.0
6440,22,100.0,-9.114999999999975,443,1.0,489.2,0.0,0.0
6848,23,300.0,-8.939999999999973,408,1.0,489.4,0.0,0.0
7131,24,400.0,-8.314999999999989,283,1.0,489.5,0.0,0.0
7346,25,0.0,-7.974999999999996,215,1.0,489.4,0.0,0.0
7612,26,0.0,-8.22999999999999,266,1.0,489.1,0.0,0.0
7885,27,0.0,-8.26499999999999,273,1.0,489.1,0.0,0.0
8156,28,0.0,-8.254999999999995,271,1.0,489.2,0.0,0.0
8495,29,400.0,-8.594999999999992,339,1.0,489.3,0.0,0.0
8683,30,0.0,-7.839999999999997,188,1.0,488.8,0.0,0.0
8972,31,400.0,-8.344999999999986,289,1.0,488.8,0.0,0.0
9272,32,100.0,-8.399999999999988,300,1.0,488.8,0.0,0.0
9567,33,0.0,-8.374999999999986,295,1.0,488.8,0.0,0.0
9802,34,0.0,-8.075,235,1.0,488.5,0.0,0.0
10015,35,0.0,-7.964999999999995,213,1.0,488.3,0.0,0.0
10232,36,0.0,-7.984999999999995,217,1.0,487.9,0.0,0.0
10567,37,0.0,-8.574999999999987,335,1.0,488.0,0.0,0.0
10839,38,100.0,-8.259999999999987,272,1.0,487.8,0.0,0.0
11148,39,200.0,-8.444999999999986,309,1.0,487.8,0.0,0.0
11439,40,0.0,-8.354999999999983,291,1.0,487.9,0.0,0.0
11773,41,0.0,-8.569999999999983,334,1.0,487.8,0.0,0.0
11986,42,0.0,-7.9649999999999945,213,1.0,487.6,0.0,0.0
12288,43,300.0,-8.409999999999982,302,1.0,487.8,0.0,0.0
12556,44,0.0,-8.239999999999986,268,1.0,487.6,0.0,0.0
12838,45,0.0,-8.309999999999993,282,1.0,487.7,0.0,0.0
13154,46,200.0,-7.779999999999984,316,1.0,487.8,0.0,0.0
13469,47,200.0,-8.474999999999985,315,1.0,487.9,0.0,0.0
13700,48,0.0,-8.054999999999989,231,1.0,487.8,0.0,0.0
13921,49,0.0,-8.005000000000003,221,1.0,487.6,0.0,0.0
14312,50,100.0,-8.154999999999973,391,1.0,487.7,0.0,0.0
14580,51,0.0,-8.23999999999999,268,1.0,487.5,0.0,0.0
14830,52,0.0,-7.45,250,1.0,487.4,0.0,0.0
15099,53,0.0,-8.244999999999987,269,1.0,487.3,0.0,0.0
15358,54,0.0,-8.19499999999999,259,1.0,487.1,0.0,0.0
15668,55,500.0,-8.449999999999985,310,1.0,487.1,0.0,0.0
16026,56,100.0,-7.989999999999986,358,1.0,487.4,0.0,0.0
16297,57,0.0,-8.25499999999999,271,1.0,487.3,0.0,0.0
16638,58,0.0,-8.604999999999983,341,1.0,487.0,0.0,0.0
16845,59,0.0,-7.935000000000003,207,1.0,486.8,0.0,0.0
17032,60,0.0,-7.834999999999997,187,1.0,486.4,0.0,0.0
17375,61,0.0,-8.61499999999998,343,1.0,485.6,0.0,0.0
17623,62,100.0,-8.139999999999992,248,1.0,484.7,0.0,0.0
17834,63,0.0,-7.955000000000002,211,1.0,484.6,0.0,0.0
18025,64,0.0,-7.854999999999997,191,1.0,484.4,0.0,0.0
18299,65,0.0,-8.269999999999989,274,1.0,484.3,0.0,0.0
18610,66,0.0,-8.454999999999993,311,1.0,484.2,0.0,0.0
18993,67,300.0,-8.81499999999998,383,1.0,483.6,0.0,0.0
19275,68,0.0,-8.30999999999999,282,1.0,483.3,0.0,0.0
19547,69,0.0,-8.25999999999999,272,1.0,483.3,0.0,0.0
19815,70,200.0,-8.23999999999999,268,1.0,483.1,0.0,0.0
20108,71,200.0,-8.364999999999982,293,1.0,483.1,0.0,0.0
20457,72,500.0,-8.644999999999982,349,1.0,483.2,0.0,0.0
20786,73,100.0,-8.544999999999991,329,1.0,483.3,0.0,0.0
21001,74,0.0,-7.974999999999991,215,1.0,483.3,0.0,0.0
21241,75,0.0,-7.399999999999988,240,1.0,483.3,0.0,0.0
21534,76,0.0,-8.364999999999991,293,1.0,483.3,0.0,0.0
21774,77,0.0,-8.099999999999993,240,1.0,483.3,0.0,0.0
22042,78,100.0,-8.239999999999991,268,1.0,483.3,0.0,0.0
22235,79,0.0,-7.864999999999997,193,1.0,483.2,0.0,0.0
22534,80,0.0,-8.394999999999985,299,1.0,483.4,0.0,0.0
22930,81,200.0,-8.879999999999978,396,1.0,483.5,0.0,0.0
23204,82,100.0,-8.269999999999985,274,1.0,483.6,0.0,0.0
23430,83,0.0,-8.029999999999989,226,1.0,483.5,0.0,0.0
23833,84,200.0,-8.914999999999978,403,1.0,483.7,0.0,0.0
24067,85,0.0,-8.069999999999993,234,1.0,483.7,0.0,0.0
24297,86,100.0,-8.049999999999994,230,1.0,483.5,0.0,0.0
24646,87,100.0,-8.644999999999978,349,1.0,483.6,0.0,0.0
25024,88,300.0,-8.789999999999987,378,1.0,483.8,0.0,0.0
25352,89,100.0,-8.539999999999992,328,1.0,484.0,0.0,0.0
25671,90,0.0,-7.794999999999985,319,1.0,484.1,0.0,0.0
26037,91,200.0,-8.729999999999986,366,1.0,484.1,0.0,0.0
26391,92,300.0,-8.66999999999998,354,1.0,484.1,0.0,0.0
26604,93,0.0,-7.964999999999991,213,1.0,483.8,0.0,0.0
26797,94,0.0,-7.8649999999999975,193,1.0,483.7,0.0,0.0
27074,95,0.0,-8.28499999999999,277,1.0,483.6,0.0,0.0
27345,96,300.0,-8.25499999999999,271,1.0,483.6,0.0,0.0
27626,97,200.0,-8.304999999999993,281,1.0,483.4,0.0,0.0
27926,98,700.0,-8.399999999999986,300,1.0,482.9,0.0,0.0
28157,99,0.0,-8.054999999999993,231,1.0,482.6,0.0,0.0
28460,100,0.0,-8.414999999999987,303,1.0,482.7,0.0,0.0
28663,101,0.0,-7.914999999999996,203,1.0,482.7,0.0,0.0
28907,102,0.0,-8.119999999999992,244,1.0,482.6,0.0,0.0
29282,103,0.0,-8.77499999999998,375,1.0,482.7,0.0,0.0
29537,104,300.0,-8.174999999999992,255,1.0,482.7,0.0,0.0
29793,105,0.0,-8.17999999999999,256,1.0,482.7,0.0,0.0
30081,106,0.0,-8.339999999999982,288,1.0,482.7,0.0,0.0
30445,107,200.0,-8.719999999999985,364,1.0,482.6,0.0,0.0
30820,108,400.0,-8.074999999999989,375,1.0,482.6,0.0,0.0
31164,109,200.0,-8.619999999999983,344,1.0,482.5,0.0,0.0
31400,110,0.0,-7.379999999999994,236,1.0,482.5,0.0,0.0
31683,111,0.0,-8.314999999999989,283,1.0,482.4,0.0,0.0
31872,112,0.0,-7.844999999999997,189,1.0,482.3,0.0,0.0
32299,113,100.0,-9.034999999999975,427,1.0,482.5,0.0,0.0
32539,114,0.0,-8.099999999999993,240,1.0,482.5,0.0,0.0
32787,115,0.0,-8.139999999999993,248,1.0,482.4,0.0,0.0
33069,116,0.0,-8.309999999999999,282,1.0,482.2,0.0,0.0
33293,117,0.0,-8.019999999999994,224,1.0,482.1,0.0,0.0
33600,118,400.0,-8.434999999999986,307,1.0,482.1,0.0,0.0
33868,119,0.0,-8.239999999999988,268,1.0,482.1,0.0,0.0
34204,120,400.0,-8.57999999999998,336,1.0,482.2,0.0,0.0
34419,121,0.0,-7.974999999999995,215,1.0,482.1,0.0,0.0
34667,122,200.0,-8.139999999999992,248,1.0,482.0,0.0,0.0
34978,123,200.0,-8.454999999999988,311,1.0,482.0,0.0,0.0
35371,124,200.0,-8.86499999999998,393,1.0,482.1,0.0,0.0
35726,125,0.0,-8.674999999999981,355,1.0,482.1,0.0,0.0
36050,126,100.0,-8.519999999999982,324,1.0,482.1,0.0,0.0
36404,127,0.0,-8.66999999999998,354,1.0,482.2,0.0,0.0
36713,128,100.0,-8.444999999999986,309,1.0,482.2,0.0,0.0
37113,129,300.0,-8.19999999999997,400,1.0,482.3,0.0,0.0
37380,130,0.0,-8.234999999999989,267,1.0,482.3,0.0,0.0
37665,131,200.0,-7.624999999999986,285,1.0,482.4,0.0,0.0
37967,132,200.0,-8.409999999999986,302,1.0,482.4,0.0,0.0
38219,133,0.0,-8.15999999999999,252,1.0,482.3,0.0,0.0
38606,134,700.0,-8.134999999999977,387,1.0,482.4,0.0,0.0
38857,135,200.0,-8.154999999999992,251,1.0,482.4,0.0,0.0
39049,136,0.0,-7.859999999999998,192,1.0,482.3,0.0,0.0
39323,137,0.0,-8.269999999999989,274,1.0,482.3,0.0,0.0
39568,138,200.0,-7.424999999999989,245,1.0,482.3,0.0,0.0
39787,139,0.0,-7.99499999999999,219,1.0,482.2,0.0,0.0
40052,140,100.0,-8.224999999999989,265,1.0,482.2,0.0,0.0
40375,141,0.0,-8.514999999999986,323,1.0,482.2,0.0,0.0
40751,142,0.0,-8.779999999999976,376,1.0,482.2,0.0,0.0
40992,143,200.0,-8.104999999999993,241,1.0,482.3,0.0,0.0
41182,144,0.0,-7.849999999999998,190,1.0,482.2,0.0,0.0
41382,145,0.0,-7.899999999999997,200,1.0,482.2,0.0,0.0
41691,146,0.0,-8.444999999999986,309,1.0,482.3,0.0,0.0
42083,147,0.0,-8.859999999999978,392,1.0,482.4,0.0,0.0
42325,148,0.0,-8.109999999999992,242,1.0,482.4,0.0,0.0
42668,149,200.0,-8.614999999999984,343,1.0,482.5,0.0,0.0
42858,150,0.0,-7.849999999999997,190,1.0,482.4,0.0,0.0
43139,151,0.0,-8.30499999999999,281,1.0,482.4,0.0,0.0
43361,152,0.0,-8.009999999999994,222,1.0,482.4,0.0,0.0
43657,153,200.0,-8.379999999999988,296,1.0,482.5,0.0,0.0
43913,154,0.0,-8.17999999999999,256,1.0,482.5,0.0,0.0
44104,155,0.0,-7.854999999999998,191,1.0,482.4,0.0,0.0
44330,156,0.0,-8.029999999999989,226,1.0,482.4,0.0,0.0
44619,157,0.0,-7.644999999999986,289,1.0,482.4,0.0,0.0
44863,158,0.0,-8.119999999999994,244,1.0,482.4,0.0,0.0
45172,159,0.0,-8.444999999999984,309,1.0,482.5,0.0,0.0
45385,160,0.0,-7.96499999999999,213,1.0,482.4,0.0,0.0
45658,161,0.0,-8.26499999999999,273,1.0,482.4,0.0,0.0
46158,162,500.0,-9.399999999999963,500,1.0,482.5,0.0,0.0
46453,163,0.0,-8.374999999999986,295,1.0,482.5,0.0,0.0
46643,164,0.0,-7.849999999999997,190,1.0,482.4,0.0,0.0
46893,165,0.0,-8.149999999999991,250,1.0,482.4,0.0,0.0
47167,166,0.0,-8.269999999999989,274,1.0,482.4,0.0,0.0
47683,167,0.0,-9.479999999999968,516,1.0,482.6,0.0,0.0
47992,168,100.0,-8.444999999999986,309,1.0,482.7,0.0,0.0
48328,169,100.0,-8.579999999999991,336,1.0,482.7,0.0,0.0
48529,170,0.0,-7.904999999999997,201,1.0,482.7,0.0,0.0
48816,171,0.0,-8.334999999999994,287,1.0,482.8,0.0,0.0
49272,172,300.0,-9.179999999999971,456,1.0,482.9,0.0,0.0
49623,173,300.0,-8.65499999999999,351,1.0,483.0,0.0,0.0
49904,174,100.0,-8.304999999999989,281,1.0,483.0,0.0,0.0
50372,175,200.0,-9.239999999999974,468,1.0,483.1,0.0,0.0
50626,176,0.0,-8.169999999999991,254,1.0,483.1,0.0,0.0
50894,177,0.0,-8.23999999999999,268,1.0,483.1,0.0,0.0
51205,178,0.0,-8.454999999999993,311,1.0,483.1,0.0,0.0
51492,179,0.0,-8.334999999999983,287,1.0,483.2,0.0,0.0
51780,180,0.0,-8.339999999999993,288,1.0,483.2,0.0,0.0
52143,181,200.0,-8.714999999999979,363,1.0,483.3,0.0,0.0
52455,182,200.0,-8.459999999999987,312,1.0,483.3,0.0,0.0
52776,183,400.0,-8.504999999999985,321,1.0,483.3,0.0,0.0
53050,184,0.0,-8.269999999999989,274,1.0,483.3,0.0,0.0
53285,185,200.0,-8.074999999999992,235,1.0,483.2,0.0,0.0
53539,186,0.0,-8.169999999999987,254,1.0,483.2,0.0,0.0
53853,187,200.0,-8.469999999999986,314,1.0,483.3,0.0,0.0
54164,188,0.0,-8.45499999999998,311,1.0,483.3,0.0,0.0
54432,189,0.0,-8.239999999999988,268,1.0,483.3,0.0,0.0
54663,190,0.0,-8.054999999999994,231,1.0,483.2,0.0,0.0
54970,191,0.0,-8.434999999999988,307,1.0,483.3,0.0,0.0
55192,192,0.0,-8.009999999999994,222,1.0,483.3,0.0,0.0
55465,193,0.0,-8.26499999999999,273,1.0,483.3,0.0,0.0
55701,194,0.0,-8.079999999999991,236,1.0,483.3,0.0,0.0
55995,195,200.0,-8.369999999999989,294,1.0,483.4,0.0,0.0
56354,196,100.0,-8.69499999999999,359,1.0,483.4,0.0,0.0
56704,197,0.0,-8.649999999999983,350,1.0,483.5,0.0,0.0
56962,198,0.0,-8.18999999999999,258,1.0,483.5,0.0,0.0
57309,199,100.0,-8.634999999999984,347,1.0,483.6,0.0,0.0
57609,200,0.0,-8.39999999999998,300,1.0,483.6,0.0,0.0
57846,201,0.0,-8.084999999999994,237,1.0,483.5,0.0,0.0
58157,202,0.0,-8.454999999999993,311,1.0,483.6,0.0,0.0
58441,203,500.0,-8.31999999999999,284,1.0,483.6,0.0,0.0
58719,204,0.0,-8.289999999999985,278,1.0,483.5,0.0,0.0
59013,205,0.0,-8.369999999999987,294,1.0,483.6,0.0,0.0
59290,206,0.0,-8.28499999999999,277,1.0,483.6,0.0,0.0
59524,207,0.0,-8.069999999999993,234,1.0,483.6,0.0,0.0
59762,208,0.0,-8.089999999999993,238,1.0,483.6,0.0,0.0
60030,209,200.0,-8.23999999999999,268,1.0,483.6,0.0,0.0
60293,210,0.0,-8.214999999999991,263,1.0,483.6,0.0,0.0
60671,211,300.0,-8.789999999999978,378,1.0,483.7,0.0,0.0
60901,212,0.0,-8.049999999999994,230,1.0,483.6,0.0,0.0
61300,213,0.0,-8.894999999999978,399,1.0,483.7,0.0,0.0
61575,214,200.0,-8.274999999999984,275,1.0,483.7,0.0,0.0
61878,215,0.0,-8.414999999999985,303,1.0,483.8,0.0,0.0
62082,216,0.0,-7.920000000000003,204,1.0,483.7,0.0,0.0
62395,217,300.0,-8.46499999999999,313,1.0,483.8,0.0,0.0
62653,218,0.0,-8.189999999999994,258,1.0,483.8,0.0,0.0
62846,219,0.0,-7.8649999999999975,193,1.0,483.8,0.0,0.0
63095,220,0.0,-8.144999999999992,249,1.0,483.8,0.0,0.0
63303,221,0.0,-7.939999999999996,208,1.0,483.7,0.0,0.0
63494,222,0.0,-7.854999999999998,191,1.0,483.7,0.0,0.0
63789,223,200.0,-7.674999999999984,295,1.0,483.7,0.0,0.0
64008,224,100.0,-7.994999999999995,219,1.0,483.7,0.0,0.0
64288,225,0.0,-8.29999999999999,280,1.0,483.7,0.0,0.0
64584,226,0.0,-8.379999999999985,296,1.0,483.7,0.0,0.0
64856,227,0.0,-8.259999999999991,272,1.0,483.7,0.0,0.0
65236,228,200.0,-8.799999999999972,380,1.0,483.8,0.0,0.0
65476,229,0.0,-8.1,240,1.0,483.8,0.0,0.0
65665,230,0.0,-7.844999999999997,189,1.0,483.7,0.0,0.0
66009,231,400.0,-8.619999999999981,344,1.0,483.8,0.0,0.0
66328,232,400.0,-8.494999999999985,319,1.0,483.8,0.0,0.0
66601,233,0.0,-8.264999999999993,273,1.0,483.8,0.0,0.0
66865,234,0.0,-8.219999999999988,264,1.0,483.8,0.0,0.0
67115,235,200.0,-8.149999999999991,250,1.0,483.8,0.0,0.0
67398,236,100.0,-8.314999999999989,283,1.0,483.8,0.0,0.0
67745,237,500.0,-8.634999999999977,347,1.0,483.9,0.0,0.0
68298,238,400.0,-9.664999999999967,553,1.0,484.1,0.0,0.0
68622,239,200.0,-7.819999999999984,324,1.0,484.1,0.0,0.0
68961,240,0.0,-8.594999999999985,339,1.0,484.2,0.0,0.0
69264,241,200.0,-8.414999999999983,303,1.0,484.2,0.0,0.0
69516,242,300.0,-8.159999999999991,252,1.0,484.2,0.0,0.0
69850,243,500.0,-8.569999999999983,334,1.0,484.2,0.0,0.0
70100,244,0.0,-8.149999999999988,250,1.0,484.2,0.0,0.0
70356,245,0.0,-8.179999999999993,256,1.0,484.2,0.0,0.0
70710,246,100.0,-8.669999999999984,354,1.0,484.3,0.0,0.0
71028,247,0.0,-7.789999999999982,318,1.0,484.3,0.0,0.0
71392,248,0.0,-8.719999999999978,364,1.0,484.3,0.0,0.0
71626,249,0.0,-8.069999999999988,234,1.0,484.3,0.0,0.0
71824,250,0.0,-7.889999999999992,198,1.0,484.3,0.0,0.0
72060,251,0.0,-8.079999999999991,236,1.0,484.3,0.0,0.0
72265,252,0.0,-7.92499999999999,205,1.0,484.2,0.0,0.0
72455,253,0.0,-7.849999999999997,190,1.0,484.2,0.0,0.0
72645,254,0.0,-7.849999999999997,190,1.0,484.1,0.0,0.0
73025,255,200.0,-8.79999999999998,380,1.0,484.2,0.0,0.0
73313,256,0.0,-8.33999999999999,288,1.0,484.2,0.0,0.0
73535,257,0.0,-8.009999999999994,222,1.0,484.2,0.0,0.0
73793,258,0.0,-8.18999999999999,258,1.0,484.2,0.0,0.0
74094,259,200.0,-8.404999999999987,301,1.0,484.2,0.0,0.0
74401,260,300.0,-7.734999999999985,307,1.0,484.2,0.0,0.0
74742,261,0.0,-8.604999999999979,341,1.0,484.3,0.0,0.0
75016,262,400.0,-8.269999999999989,274,1.0,484.3,0.0,0.0
75271,263,100.0,-7.47499999999999,255,1.0,484.3,0.0,0.0
75462,264,0.0,-7.854999999999997,191,1.0,484.2,0.0,0.0
75676,265,0.0,-7.269999999999995,214,1.0,484.2,0.0,0.0
75975,266,0.0,-8.394999999999985,299,1.0,484.3,0.0,0.0
76205,267,200.0,-8.049999999999994,230,1.0,484.2,0.0,0.0
76433,268,0.0,-8.039999999999996,228,1.0,484.2,0.0,0.0
76698,269,0.0,-8.224999999999989,265,1.0,484.2,0.0,0.0
77072,270,200.0,-8.769999999999982,374,1.0,484.3,0.0,0.0
77328,271,0.0,-8.17999999999999,256,1.0,484.3,0.0,0.0
77580,272,0.0,-7.459999999999988,252,1.0,484.3,0.0,0.0
77977,273,0.0,-8.884999999999984,397,1.0,484.3,0.0,0.0
78282,274,200.0,-8.424999999999986,305,1.0,484.3,0.0,0.0
78520,275,0.0,-8.089999999999993,238,1.0,484.3,0.0,0.0
78867,276,600.0,-8.634999999999991,347,1.0,484.4,0.0,0.0
79190,277,0.0,-8.514999999999988,323,1.0,484.4,0.0,0.0
79447,278,0.0,-7.484999999999988,257,1.0,484.4,0.0,0.0
79767,279,0.0,-8.499999999999986,320,1.0,484.5,0.0,0.0
80203,280,500.0,-9.079999999999977,436,0.9999,469.6,0.0113,-0.0172
80456,281,0.0,-8.164999999999987,253,0.9998,464.6,0.0103,-0.0038
80657,282,0.0,-7.904999999999991,201,0.9997,460.8,0.0101,0.002
80952,283,0.0,-8.37499999999999,295,0.9996,456.0,0.0096,-0.01
81273,284,400.0,-8.504999999999981,321,0.9994,450.4,0.0102,-0.0029
81563,285,0.0,-8.349999999999984,290,0.9993,445.2,0.0126,-0.0365
81890,286,100.0,-7.834999999999983,327,0.9991,439.9,0.0131,-0.0117
82177,287,0.0,-8.334999999999985,287,0.999,434.9,0.013,-0.0355
82501,288,0.0,-8.519999999999985,324,0.9989,430.1,0.01,-0.0029
82778,289,0.0,-8.284999999999993,277,0.9987,426.0,0.0141,0.0033
83050,290,0.0,-8.259999999999987,272,0.9986,422.3,0.0117,-0.018
83351,291,300.0,-7.704999999999985,301,0.9985,418.2,0.0107,-0.0064
83541,292,0.0,-7.849999999999997,190,0.9984,415.4,0.0143,-0.0005
83801,293,0.0,-8.199999999999992,260,0.9983,411.8,0.0112,-0.0087
84042,294,0.0,-8.104999999999993,241,0.9982,408.4,0.0137,-0.0308
84297,295,200.0,-8.17499999999999,255,0.9981,405.1,0.0102,-0.037
84560,296,200.0,-8.21499999999999,263,0.9979,401.9,0.0131,-0.0066
84820,297,0.0,-8.199999999999992,260,0.9978,398.8,0.0117,-0.0289
85118,298,0.0,-7.689999999999982,298,0.9977,395.5,0.0082,-0.0005
85307,299,0.0,-7.844999999999997,189,0.9976,393.3,0.0111,-0.0334
85562,300,0.0,-8.174999999999994,255,0.9975,390.2,0.0115,-0.0391
85896,301,300.0,-8.569999999999983,334,0.9973,386.2,0.0137,0.0044
86152,302,400.0,-7.479999999999996,256,0.9972,383.4,0.0088,0.0013
86355,303,0.0,-7.914999999999996,203,0.9971,381.2,0.0128,-0.0037
86676,304,0.0,-7.804999999999981,321,0.997,378.0,0.0134,-0.0018
87015,305,0.0,-8.594999999999983,339,0.9968,374.6,0.0109,-0.0195
87270,306,0.0,-8.174999999999994,255,0.9967,372.0,0.0124,-0.0179
87522,307,0.0,-8.159999999999991,252,0.9966,369.5,0.0107,-0.0039
87776,308,0.0,-8.169999999999991,254,0.9965,367.0,0.0085,-0.0397
88032,309,0.0,-8.179999999999987,256,0.9964,364.4,0.0122,-0.0569
88336,310,0.0,-8.41999999999999,304,0.9962,361.4,0.0134,0.0071
88749,311,100.0,-8.964999999999975,413,0.9961,357.4,0.0114,0.0049
88951,312,0.0,-7.909999999999991,202,0.996,355.5,0.0126,0.0018
89152,313,0.0,-7.904999999999992,201,0.9959,353.6,0.0118,-0.0018
89394,314,100.0,-8.109999999999989,242,0.9958,351.4,0.01,-0.0061
89633,315,0.0,-8.094999999999992,239,0.9957,349.3,0.0133,-0.0094
89963,316,0.0,-8.549999999999981,330,0.9955,346.4,0.0127,-0.0121
90381,317,100.0,-8.98999999999998,418,0.9953,342.8,0.0071,-0.0504
90661,318,0.0,-8.299999999999994,280,0.9952,340.5,0.0118,-0.0553
90977,319,0.0,-8.479999999999984,316,0.9951,337.9,0.0135,-0.0561
91375,320,200.0,-8.889999999999972,398,0.9949,334.8,0.0096,-0.0579
91613,321,0.0,-8.089999999999993,238,0.9948,333.0,0.0093,-0.0529
91953,322,0.0,-8.599999999999984,340,0.9946,330.6,0.0109,-0.0545
92199,323,0.0,-8.12999999999999,246,0.9945,328.9,0.0107,-0.0614
92462,324,100.0,-8.214999999999991,263,0.9944,327.0,0.0091,-0.0557
92648,325,0.0,-7.829999999999997,186,0.9943,325.6,0.0133,-0.0576
92912,326,0.0,-8.21999999999999,264,0.9942,323.8,0.0113,-0.0586
93171,327,0.0,-8.194999999999991,259,0.9941,322.2,0.0125,-0.0565
93373,328,0.0,-7.909999999999997,202,0.994,321.0,0.0144,-0.0579
93680,329,0.0,-8.434999999999988,307,0.9938,319.1,0.0078,-0.0566
94012,330,0.0,-8.559999999999986,332,0.9937,317.1,0.011,-0.0562
94369,331,100.0,-8.684999999999981,357,0.9935,315.0,0.0119,-0.0579
94634,332,0.0,-8.224999999999987,265,0.9934,313.4,0.0099,-0.0528
94887,333,0.0,-8.164999999999992,253,0.9933,312.0,0.0095,-0.0522
95090,334,0.0,-7.914999999999996,203,0.9932,310.8,0.0102,-0.0544
95385,335,0.0,-8.374999999999988,295,0.9931,309.1,0.0072,-0.0536
95643,336,0.0,-8.18999999999999,258,0.993,307.5,0.0116,-0.0611
95909,337,200.0,-8.22999999999999,266,0.9928,305.9,0.011,-0.0573
96114,338,0.0,-7.9250000000000025,205,0.9927,304.8,0.0104,-0.0564
96365,339,100.0,-8.154999999999987,251,0.9926,303.2,0.0092,-0.0544
96713,340,200.0,-7.939999999999983,348,0.9925,301.3,0.0113,-0.0555
97017,341,0.0,-8.419999999999987,304,0.9923,299.7,0.0112,-0.0618
97258,342,0.0,-8.104999999999993,241,0.9922,298.5,0.0141,-0.0556
97587,343,300.0,-8.544999999999984,329,0.9921,296.9,0.0123,-0.055
97900,344,200.0,-8.464999999999984,313,0.9919,295.4,0.008,-0.0532
98187,345,0.0,-8.33499999999999,287,0.9918,293.9,0.009,-0.0586
98448,346,0.0,-8.204999999999991,261,0.9917,292.7,0.0107,-0.0576
98735,347,0.0,-8.334999999999988,287,0.9916,291.3,0.007,-0.0577
99173,348,100.0,-9.089999999999973,438,0.9914,289.3,0.0144,-0.0586
99399,349,0.0,-8.029999999999994,226,0.9913,288.2,0.0075,-0.0539
99676,350,0.0,-8.284999999999984,277,0.9911,287.0,0.0128,-0.0595
99865,351,0.0,-7.844999999999997,189,0.9911,286.1,0.0082,-0.0544
100160,352,0.0,-8.374999999999982,295,0.9909,259.3,0.0108,-0.0678
100425,353,500.0,-8.22499999999999,265,0.9908,258.5,0.0076,-0.0797
100687,354,0.0,-8.20999999999999,262,0.9907,257.7,0.0096,-0.0777
101029,355,0.0,-8.609999999999985,342,0.9905,256.6,0.0094,-0.0779
101287,356,200.0,-8.189999999999998,258,0.9904,255.8,0.0118,-0.0811
101506,357,0.0,-7.994999999999995,219,0.9903,255.1,0.0133,-0.0833
101801,358,0.0,-8.374999999999988,295,0.9902,254.2,0.0121,-0.0823
102115,359,0.0,-7.769999999999985,314,0.99,253.2,0.0101,-0.0789
102511,360,200.0,-8.879999999999983,396,0.9899,252.1,0.0112,-0.0801
102746,361,0.0,-7.374999999999989,235,0.9898,251.4,0.0118,-0.0821
103087,362,0.0,-8.604999999999977,341,0.9896,250.4,0.0119,-0.0796
103287,363,0.0,-7.899999999999996,200,0.9895,249.8,0.0101,-0.0789
103607,364,300.0,-8.499999999999986,320,0.9894,248.8,0.0082,-0.0799
103911,365,300.0,-7.719999999999981,304,0.9892,247.9,0.0094,-0.08
104221,366,300.0,-8.449999999999985,310,0.9891,247.0,0.011,-0.0831
104522,367,0.0,-7.704999999999988,301,0.989,246.1,0.0103,-0.0817
104761,368,0.0,-8.094999999999992,239,0.9889,245.4,0.0104,-0.0844
105068,369,0.0,-8.434999999999986,307,0.9887,244.5,0.0111,-0.0782
105324,370,0.0,-8.179999999999993,256,0.9886,243.8,0.0105,-0.0833
105513,371,0.0,-7.844999999999997,189,0.9885,243.3,0.007,-0.082
105835,372,0.0,-8.509999999999984,322,0.9884,242.4,0.0079,-0.0784
106051,373,0.0,-7.979999999999994,216,0.9883,241.9,0.0114,-0.0804
106319,374,0.0,-8.23999999999999,268,0.9882,241.2,0.0098,-0.0807
106638,375,200.0,-8.494999999999994,319,0.988,240.3,0.0097,-0.0818
106951,376,200.0,-8.464999999999986,313,0.9879,239.5,0.0095,-0.0823
107151,377,0.0,-7.900000000000003,200,0.9878,239.0,0.01,-0.0837
107416,378,0.0,-8.224999999999987,265,0.9877,238.4,0.0104,-0.0842
107658,379,100.0,-8.109999999999989,242,0.9876,237.8,0.0125,-0.0831
107910,380,200.0,-8.159999999999991,252,0.9874,237.1,0.0098,-0.0823
108164,381,100.0,-8.169999999999993,254,0.9873,236.5,0.0092,-0.0819
108381,382,0.0,-7.984999999999995,217,0.9872,236.0,0.0092,-0.0818
108638,383,100.0,-8.184999999999988,257,0.9871,235.3,0.0103,-0.0795
108878,384,0.0,-8.099999999999993,240,0.987,234.6,0.01,-0.0823
109216,385,0.0,-8.58999999999999,338,0.9869,233.7,0.0102,-0.0832
109502,386,100.0,-8.329999999999988,286,0.9867,233.0,0.0108,-0.0826
109827,387,100.0,-8.524999999999986,325,0.9866,232.3,0.0091,-0.0824
110218,388,400.0,-8.154999999999983,391,0.9864,231.4,0.0081,-0.0901
110411,389,0.0,-7.8649999999999975,193,0.9863,231.0,0.0113,-0.099
110597,390,0.0,-7.829999999999997,186,0.9862,230.6,0.0108,-0.096
110786,391,0.0,-7.844999999999994,189,0.9861,230.2,0.0119,-0.095
111010,392,0.0,-8.019999999999994,224,0.986,229.7,0.0115,-0.0985
111334,393,200.0,-8.519999999999978,324,0.9859,229.0,0.0094,-0.0992
111679,394,300.0,-8.624999999999982,345,0.9857,228.3,0.0103,-0.0976
111891,395,0.0,-7.959999999999995,212,0.9856,227.9,0.0121,-0.0994
112255,396,200.0,-8.719999999999986,364,0.9855,227.1,0.01,-0.0978
112511,397,0.0,-8.17999999999999,256,0.9854,226.6,0.0114,-0.0976
112724,398,0.0,-7.964999999999995,213,0.9853,226.1,0.0106,-0.0956
112938,399,0.0,-7.969999999999995,214,0.9852,225.7,0.0101,-0.098
113136,400,0.0,-7.889999999999994,198,0.9851,225.2,0.0105,-0.0947
113345,401,0.0,-7.944999999999996,209,0.985,224.8,0.0107,-0.0952
113663,402,0.0,-8.48999999999998,318,0.9849,224.2,0.0095,-0.0943
113901,403,0.0,-8.089999999999996,238,0.9847,223.7,0.0078,-0.0958
114145,404,0.0,-8.119999999999992,244,0.9846,223.2,0.0097,-0.1006
114420,405,200.0,-8.274999999999991,275,0.9845,222.7,0.0108,-0.0965
114757,406,0.0,-8.584999999999983,337,0.9844,222.0,0.0109,-0.098
115038,407,300.0,-8.304999999999989,281,0.9842,221.5,0.01,-0.0975
115263,408,0.0,-8.025000000000002,225,0.9841,221.1,0.0066,-0.0936
115544,409,200.0,-8.304999999999989,281,0.984,220.5,0.0099,-0.0986
115902,410,100.0,-8.689999999999987,358,0.9838,219.9,0.0106,-0.098
116271,411,300.0,-8.74499999999999,369,0.9837,219.2,0.0098,-0.0957
116549,412,100.0,-7.5899999999999865,278,0.9836,218.7,0.0098,-0.0967
116831,413,0.0,-8.309999999999988,282,0.9834,218.2,0.0116,-0.0965
117104,414,200.0,-7.56499999999999,273,0.9833,217.7,0.0105,-0.0975
117292,415,0.0,-7.839999999999997,188,0.9832,217.3,0.0096,-0.0955
117584,416,200.0,-8.359999999999982,292,0.9831,216.8,0.0088,-0.0965
117870,417,0.0,-7.629999999999989,286,0.983,216.3,0.0096,-0.0945
118069,418,0.0,-7.894999999999995,199,0.9829,215.9,0.0067,-0.0963
118326,419,0.0,-8.184999999999992,257,0.9828,215.5,0.0109,-0.0998
118530,420,0.0,-7.9199999999999955,204,0.9827,215.1,0.01,-0.1006
118862,421,100.0,-8.559999999999988,332,0.9825,214.6,0.0112,-0.0972
119155,422,0.0,-8.364999999999984,293,0.9824,214.1,0.0094,-0.0955
119360,423,0.0,-7.924999999999996,205,0.9823,213.8,0.0092,-0.0976
119573,424,0.0,-7.965000000000002,213,0.9822,213.4,0.0115,-0.097
119841,425,0.0,-8.239999999999991,268,0.9821,213.0,0.0112,-0.0999
120108,426,0.0,-8.234999999999985,267,0.982,212.6,0.0105,-0.1059
120542,427,400.0,-9.069999999999984,434,0.9818,211.9,0.0111,-0.1155
120768,428,0.0,-8.029999999999989,226,0.9817,211.5,0.0084,-0.114
121112,429,0.0,-8.619999999999983,344,0.9815,211.0,0.0092,-0.1139
121352,430,0.0,-8.099999999999994,240,0.9814,210.5,0.0092,-0.113
121555,431,0.0,-7.9149999999999965,203,0.9813,210.2,0.0099,-0.1145
121819,432,0.0,-8.219999999999985,264,0.9812,209.7,0.0106,-0.1163
122048,433,0.0,-8.044999999999995,229,0.9811,209.3,0.0116,-0.1158
122326,434,100.0,-8.289999999999988,278,0.981,208.9,0.0084,-0.1126
122595,435,0.0,-8.24499999999999,269,0.9808,208.4,0.0083,-0.1162
122823,436,0.0,-8.039999999999994,228,0.9807,208.1,0.0079,-0.1139
123170,437,500.0,-8.634999999999987,347,0.9806,207.5,0.0071,-0.1135
123576,438,200.0,-8.929999999999978,406,0.9804,206.9,0.0092,-0.1131
123838,439,0.0,-8.20999999999999,262,0.9803,206.4,0.0086,-0.1119
124065,440,0.0,-8.034999999999993,227,0.9802,206.1,0.0103,-0.1176
124340,441,0.0,-8.274999999999988,275,0.98,205.7,0.0096,-0.1165
124556,442,0.0,-7.979999999999995,216,0.9799,205.4,0.0098,-0.1126
124867,443,200.0,-8.454999999999988,311,0.9798,204.9,0.0071,-0.1132
125144,444,200.0,-8.284999999999988,277,0.9797,204.5,0.0072,-0.1124
125360,445,0.0,-7.979999999999999,216,0.9796,204.2,0.0117,-0.1183
125600,446,0.0,-8.099999999999993,240,0.9795,203.8,0.01,-0.1168
125960,447,0.0,-8.699999999999982,360,0.9793,203.3,0.0104,-0.1187
126279,448,0.0,-8.494999999999985,319,0.9792,202.9,0.0096,-0.1146
126662,449,200.0,-8.81499999999998,383,0.979,202.4,0.008,-0.1141
126964,450,0.0,-8.409999999999984,302,0.9789,202.0,0.0091,-0.1122
127245,451,200.0,-8.304999999999989,281,0.9787,201.7,0.0077,-0.1173
127528,452,200.0,-8.314999999999987,283,0.9786,201.2,0.0111,-0.1171
127820,453,200.0,-8.359999999999989,292,0.9785,200.8,0.0095,-0.1159
128113,454,0.0,-8.364999999999982,293,0.9783,200.3,0.0073,-0.1119
128387,455,0.0,-8.269999999999989,274,0.9782,199.9,0.0098,-0.1137
128620,456,0.0,-8.064999999999989,233,0.9781,199.6,0.0103,-0.1142
128839,457,0.0,-7.994999999999995,219,0.978,199.4,0.0124,-0.1163
129155,458,100.0,-8.479999999999986,316,0.9779,199.0,0.0108,-0.1172
129336,459,0.0,-7.804999999999995,181,0.9778,198.8,0.0103,-0.1166
129566,460,0.0,-8.049999999999994,230,0.9777,198.5,0.0077,-0.1147
129840,461,0.0,-8.269999999999989,274,0.9776,198.2,0.0092,-0.1154
130073,462,100.0,-8.064999999999994,233,0.9775,197.9,0.008,-0.1169
130346,463,100.0,-8.26499999999999,273,0.9773,197.6,0.0085,-0.13
130630,464,0.0,-8.319999999999983,284,0.9772,197.3,0.0107,-0.1309
130958,465,100.0,-8.539999999999985,328,0.9771,196.9,0.0103,-0.1285
131212,466,0.0,-7.469999999999988,254,0.977,196.6,0.0108,-0.1308
131463,467,500.0,-8.154999999999987,251,0.9768,196.3,0.0085,-0.1281
131735,468,0.0,-8.259999999999991,272,0.9767,196.0,0.0089,-0.1294
132068,469,200.0,-8.56499999999999,333,0.9766,195.7,0.0099,-0.1317
132305,470,0.0,-8.08499999999999,237,0.9765,195.4,0.0086,-0.1302
132629,471,0.0,-8.519999999999984,324,0.9763,195.0,0.0083,-0.1291
132931,472,300.0,-8.409999999999993,302,0.9762,194.7,0.0083,-0.1318
133289,473,600.0,-8.689999999999978,358,0.976,194.2,0.0083,-0.1319
133537,474,0.0,-8.139999999999992,248,0.9759,194.0,0.0073,-0.1289
133866,475,200.0,-8.544999999999984,329,0.9758,193.6,0.0092,-0.1274
134209,476,0.0,-8.614999999999993,343,0.9756,193.2,0.0106,-0.1308
134524,477,0.0,-8.474999999999984,315,0.9755,192.9,0.0113,-0.1301
134781,478,0.0,-8.184999999999997,257,0.9753,192.6,0.0105,-0.1345
135059,479,0.0,-7.589999999999986,278,0.9752,192.3,0.0091,-0.1295
135231,480,0.0,-7.759999999999995,172,0.9751,192.1,0.0118,-0.1285
135542,481,0.0,-8.454999999999988,311,0.975,191.8,0.01,-0.1316
135813,482,0.0,-8.254999999999985,271,0.9749,191.5,0.0113,-0.1301
136110,483,0.0,-8.384999999999987,297,0.9748,191.1,0.0071,-0.1284
136354,484,0.0,-8.119999999999989,244,0.9746,190.8,0.0082,-0.1285
136665,485,100.0,-8.454999999999984,311,0.9745,190.5,0.0084,-0.1315
136891,486,100.0,-8.030000000000003,226,0.9744,190.3,0.0085,-0.1313
137322,487,0.0,-8.354999999999972,431,0.9742,189.9,0.0086,-0.1313
137532,488,0.0,-7.949999999999995,210,0.9741,189.7,0.0071,-0.1304
137836,489,0.0,-8.419999999999987,304,0.974,189.3,0.0076,-0.131
138041,490,0.0,-7.9250000000000025,205,0.9739,189.1,0.0086,-0.1307
138276,491,0.0,-8.074999999999992,235,0.9738,188.8,0.0078,-0.1287
138505,492,200.0,-8.044999999999995,229,0.9737,188.5,0.0089,-0.1308
138692,493,0.0,-7.834999999999997,187,0.9736,188.3,0.0093,-0.129
138984,494,200.0,-8.359999999999989,292,0.9735,187.9,0.0077,-0.1315
139215,495,0.0,-8.054999999999993,231,0.9734,187.7,0.007,-0.1255
139473,496,0.0,-8.18999999999999,258,0.9732,187.4,0.0093,-0.1326
139664,497,0.0,-7.854999999999998,191,0.9732,187.2,0.0068,-0.1291
139996,498,200.0,-7.85999999999999,332,0.973,186.8,0.0091,-0.1348
140198,499,0.0,-7.909999999999997,202,0.9729,186.6,0.0101,-0.1488
140480,500,300.0,-7.609999999999987,282,0.9728,186.3,0.0089,-0.1478
140714,501,100.0,-8.069999999999997,234,0.9727,186.1,0.0073,-0.1502
141034,502,300.0,-8.499999999999982,320,0.9725,185.8,0.0085,-0.1491
141351,503,0.0,-8.484999999999982,317,0.9724,185.4,0.0091,-0.1472
141633,504,100.0,-8.309999999999985,282,0.9723,185.1,0.0104,-0.1493
142074,505,300.0,-8.404999999999983,441,0.9721,184.7,0.0084,-0.1513
142370,506,0.0,-7.6799999999999855,296,0.9719,184.4,0.0083,-0.1476
142621,507,0.0,-8.15499999999999,251,0.9718,184.2,0.0072,-0.146
142971,508,0.0,-8.649999999999984,350,0.9717,183.8,0.0103,-0.1483
143306,509,200.0,-8.574999999999983,335,0.9715,183.6,0.0091,-0.1508
143558,510,0.0,-8.159999999999995,252,0.9714,183.3,0.0088,-0.148
143876,511,0.0,-8.489999999999991,318,0.9713,183.0,0.0087,-0.1479
144226,512,100.0,-8.64999999999998,350,0.9711,182.7,0.0086,-0.1498
144493,513,400.0,-8.23499999999999,267,0.971,182.5,0.0091,-0.1508
144772,514,0.0,-8.294999999999987,279,0.9709,182.3,0.0102,-0.1523
145029,515,0.0,-8.184999999999992,257,0.9707,182.1,0.0124,-0.1525
145326,516,0.0,-7.684999999999991,297,0.9706,181.8,0.0085,-0.1475
145533,517,0.0,-7.934999999999996,207,0.9705,181.6,0.0103,-0.1517
145745,518,0.0,-7.9599999999999955,212,0.9704,181.4,0.0075,-0.1499
146028,519,0.0,-8.314999999999994,283,0.9703,181.2,0.0096,-0.1535
146246,520,0.0,-7.989999999999995,218,0.9702,181.0,0.012,-0.1482
146451,521,0.0,-7.924999999999996,205,0.9701,180.9,0.0093,-0.1489
146651,522,0.0,-7.899999999999997,200,0.97,180.7,0.0091,-0.1499
146960,523,600.0,-8.444999999999986,309,0.9699,180.5,0.0093,-0.1466
147281,524,200.0,-8.504999999999983,321,0.9697,180.2,0.0088,-0.1503
147582,525,400.0,-7.704999999999985,301,0.9696,180.0,0.0078,-0.1498
147863,526,0.0,-8.304999999999989,281,0.9695,179.8,0.0076,-0.1468
148116,527,0.0,-8.165,253,0.9693,179.6,0.0083,-0.1493
148363,528,200.0,-8.134999999999987,247,0.9692,179.4,0.0084,-0.1484
148565,529,100.0,-7.909999999999996,202,0.9691,179.2,0.0075,-0.1488
148777,530,0.0,-7.9599999999999955,212,0.9691,179.0,0.0079,-0.1473
149083,531,0.0,-8.429999999999986,306,0.9689,178.7,0.0097,-0.1519
150482,532,400.0,-38.694999999999645,1399,0.9683,177.6,0.0096,-0.1541
150757,533,200.0,-8.274999999999995,275,0.9682,177.4,0.0068,-0.1604
151055,534,200.0,-8.389999999999986,298,0.968,177.2,0.0084,-0.163
151248,535,0.0,-7.164999999999993,193,0.9679,177.0,0.0078,-0.1621
151513,536,0.0,-8.224999999999984,265,0.9678,176.8,0.0063,-0.162
151791,537,0.0,-8.289999999999988,278,0.9677,176.6,0.0099,-0.1678
152091,538,0.0,-8.399999999999984,300,0.9676,176.4,0.0084,-0.1689
152423,539,0.0,-8.559999999999985,332,0.9674,176.1,0.0074,-0.1677
152756,540,200.0,-7.864999999999978,333,0.9673,175.8,0.0055,-0.1614
152963,541,0.0,-7.934999999999996,207,0.9672,175.7,0.01,-0.1675
153219,542,0.0,-8.17999999999999,256,0.9671,175.5,0.0084,-0.1672
153548,543,200.0,-7.844999999999984,329,0.9669,175.2,0.0081,-0.1633
153773,544,0.0,-8.024999999999995,225,0.9668,175.1,0.0076,-0.1651
154078,545,0.0,-8.424999999999986,305,0.9667,174.9,0.0098,-0.1666
154315,546,0.0,-8.084999999999994,237,0.9666,174.7,0.0092,-0.1651
154575,547,0.0,-8.2,260,0.9664,174.5,0.0078,-0.1654
154878,548,0.0,-8.414999999999985,303,0.9663,174.3,0.0078,-0.1632
155117,549,0.0,-8.094999999999992,239,0.9662,174.2,0.0074,-0.1608
155304,550,0.0,-7.1349999999999945,187,0.9661,174.0,0.0079,-0.1631
155591,551,100.0,-8.33499999999999,287,0.966,173.8,0.0101,-0.1652
155877,552,0.0,-8.329999999999988,286,0.9659,173.7,0.0075,-0.1633
156210,553,0.0,-8.564999999999984,333,0.9657,173.5,0.0078,-0.1655
156468,554,0.0,-8.18999999999999,258,0.9656,173.3,0.0066,-0.1607
156792,555,0.0,-8.519999999999989,324,0.9654,173.1,0.0082,-0.1623
157102,556,0.0,-8.449999999999983,310,0.9653,172.9,0.0085,-0.1658
157310,557,0.0,-7.939999999999996,208,0.9652,172.8,0.0058,-0.1584
157591,558,0.0,-8.304999999999989,281,0.9651,172.6,0.0073,-0.1623
157885,559,0.0,-8.369999999999992,294,0.965,172.4,0.0077,-0.162
158077,560,0.0,-7.859999999999998,192,0.9649,172.3,0.0095,-0.1626
158472,561,100.0,-8.874999999999986,395,0.9647,172.0,0.0093,-0.1668
158748,562,0.0,-8.279999999999996,276,0.9646,171.8,0.0089,-0.1614
159055,563,0.0,-8.434999999999986,307,0.9644,171.7,0.0076,-0.1654
159414,564,0.0,-7.994999999999986,359,0.9643,171.4,0.0104,-0.1678
159763,565,400.0,-7.944999999999982,349,0.9641,171.2,0.0069,-0.1657
159972,566,0.0,-7.944999999999993,209,0.964,171.1,0.0083,-0.1627
160258,567,0.0,-8.329999999999984,286,0.9639,170.9,0.0081,-0.1784
160603,568,0.0,-7.9249999999999865,345,0.9637,170.6,0.0081,-0.177
160845,569,0.0,-8.109999999999987,242,0.9636,170.5,0.0075,-0.1807
161114,570,0.0,-8.24499999999999,269,0.9635,170.3,0.009,-0.1812
161391,571,0.0,-8.28499999999999,277,0.9634,170.1,0.0092,-0.1814
161752,572,0.0,-8.704999999999982,361,0.9632,169.7,0.0079,-0.1798
162141,573,0.0,-8.844999999999978,389,0.963,169.4,0.009,-0.1811
162433,574,200.0,-8.359999999999985,292,0.9629,169.1,0.0085,-0.1767
162677,575,0.0,-8.119999999999992,244,0.9628,168.9,0.0104,-0.1788
162962,576,0.0,-8.324999999999992,285,0.9627,168.6,0.0097,-0.1782
163321,577,100.0,-8.694999999999986,359,0.9625,168.4,0.0064,-0.1783
163634,578,200.0,-8.464999999999986,313,0.9624,168.2,0.0081,-0.18
163982,579,0.0,-8.63999999999998,348,0.9622,168.0,0.0092,-0.1813
164220,580,0.0,-8.089999999999993,238,0.9621,167.9,0.0099,-0.1856
164466,581,300.0,-8.129999999999992,246,0.962,167.7,0.0078,-0.1799
164742,582,0.0,-8.279999999999985,276,0.9619,167.6,0.0077,-0.1808
165126,583,100.0,-8.819999999999975,384,0.9617,167.4,0.0081,-0.1775
165335,584,200.0,-7.944999999999995,209,0.9616,167.3,0.0072,-0.1772
165639,585,0.0,-8.419999999999987,304,0.9615,167.1,0.0096,-0.1822
165963,586,100.0,-8.519999999999985,324,0.9613,166.9,0.0076,-0.1789
166186,587,0.0,-8.014999999999993,223,0.9612,166.8,0.0115,-0.1805
166455,588,0.0,-8.24499999999999,269,0.9611,166.6,0.0093,-0.1804
166782,589,200.0,-8.534999999999986,327,0.9609,166.5,0.0079,-0.1736
167082,590,200.0,-8.399999999999991,300,0.9608,166.3,0.008,-0.1788
167324,591,0.0,-8.109999999999992,242,0.9607,166.2,0.0105,-0.1796
167571,592,0.0,-8.134999999999993,247,0.9606,166.0,0.0088,-0.1802
167898,593,0.0,-8.534999999999984,327,0.9604,165.9,0.0087,-0.1807
168136,594,0.0,-8.089999999999996,238,0.9603,165.7,0.0099,-0.182
168459,595,0.0,-8.514999999999993,323,0.9602,165.5,0.0077,-0.1779
168871,596,0.0,-8.959999999999987,412,0.96,165.3,0.009,-0.1808
169169,597,200.0,-8.389999999999986,298,0.9599,165.1,0.0087,-0.1806
169437,598,0.0,-8.239999999999991,268,0.9598,165.0,0.007,-0.1809
169759,599,0.0,-8.509999999999984,322,0.9596,164.8,0.0073,-0.1795
170062,600,200.0,-8.414999999999988,303,0.9595,164.6,0.0083,-0.1818
170368,601,200.0,-7.729999999999987,306,0.9593,164.4,0.01,-0.1927
170639,602,0.0,-8.254999999999992,271,0.9592,164.3,0.0094,-0.1941
170876,603,0.0,-7.385000000000001,237,0.9591,164.2,0.0061,-0.198
171089,604,0.0,-7.964999999999995,213,0.959,164.0,0.0084,-0.1941
171362,605,0.0,-7.564999999999987,273,0.9589,163.9,0.0089,-0.197
171705,606,0.0,-7.9149999999999885,343,0.9587,163.7,0.0084,-0.1966
171959,607,0.0,-8.169999999999987,254,0.9586,163.6,0.0078,-0.1934
172261,608,200.0,-7.709999999999985,302,0.9585,163.4,0.0075,-0.1972
172456,609,0.0,-7.874999999999997,195,0.9584,163.3,0.0073,-0.1955
172868,610,0.0,-8.25999999999998,412,0.9582,163.1,0.0068,-0.1929
173098,611,0.0,-8.04999999999999,230,0.9581,163.0,0.0079,-0.1955
173331,612,0.0,-7.3649999999999896,233,0.958,162.8,0.0094,-0.197
173640,613,100.0,-8.444999999999988,309,0.9579,162.7,0.0088,-0.1947
173866,614,0.0,-8.029999999999994,226,0.9578,162.6,0.0077,-0.1967
174078,615,200.0,-7.9599999999999955,212,0.9577,162.5,0.0085,-0.1903
174366,616,200.0,-8.339999999999982,288,0.9575,162.3,0.0092,-0.1953
174570,617,0.0,-7.919999999999996,204,0.9574,162.2,0.009,-0.1967
174877,618,0.0,-8.434999999999986,307,0.9573,162.1,0.0095,-0.1981
175127,619,200.0,-8.149999999999991,250,0.9572,161.9,0.0062,-0.193
175318,620,0.0,-7.854999999999998,191,0.9571,161.8,0.0087,-0.2035
175568,621,0.0,-7.4499999999999895,250,0.957,161.7,0.0071,-0.1971
175806,622,0.0,-8.089999999999993,238,0.9569,161.6,0.0087,-0.1938
176076,623,200.0,-8.249999999999991,270,0.9568,161.5,0.0072,-0.1936
176255,624,0.0,-7.794999999999994,179,0.9567,161.4,0.0075,-0.1985
176571,625,0.0,-8.479999999999986,316,0.9565,161.2,0.0073,-0.1965
176884,626,200.0,-8.46499999999999,313,0.9564,161.1,0.0095,-0.1949
177221,627,200.0,-8.584999999999983,337,0.9563,160.9,0.0075,-0.2003
177482,628,0.0,-8.204999999999991,261,0.9561,160.8,0.0085,-0.1949
177809,629,100.0,-8.534999999999984,327,0.956,160.6,0.0104,-0.1967
178305,630,400.0,-8.67999999999998,496,0.9558,160.4,0.0074,-0.1962
178539,631,0.0,-8.069999999999993,234,0.9557,160.3,0.0094,-0.1995
178895,632,200.0,-8.679999999999978,356,0.9555,160.1,0.0066,-0.1942
179156,633,0.0,-8.204999999999984,261,0.9554,160.0,0.0075,-0.1942
179500,634,200.0,-8.619999999999983,344,0.9552,159.8,0.0093,-0.196
179751,635,200.0,-8.15499999999999,251,0.9551,159.7,0.0069,-0.1922
180130,636,200.0,-8.094999999999978,379,0.9549,159.5,0.0083,-0.1951
180456,637,600.0,-7.829999999999986,326,0.9548,159.3,0.0073,-0.2025
180658,638,0.0,-7.209999999999992,202,0.9547,159.2,0.0076,-0.1999
180965,639,400.0,-8.434999999999985,307,0.9546,159.1,0.0078,-0.2064
181281,640,0.0,-8.479999999999993,316,0.9544,158.9,0.0105,-0.2053
181724,641,200.0,-8.414999999999981,443,0.9542,158.7,0.0086,-0.2022
181931,642,0.0,-7.934999999999996,207,0.9541,158.6,0.0063,-0.2077
182274,643,100.0,-8.614999999999982,343,0.954,158.5,0.008,-0.2048
182556,644,600.0,-8.309999999999988,282,0.9538,158.3,0.0071,-0.2023
182940,645,200.0,-8.819999999999975,384,0.9537,158.1,0.0082,-0.2032
183184,646,0.0,-8.119999999999994,244,0.9536,158.0,0.0103,-0.2035
183438,647,0.0,-8.169999999999995,254,0.9535,157.9,0.0086,-0.2047
183781,648,400.0,-8.614999999999984,343,0.9533,157.8,0.0099,-0.2042
184046,649,0.0,-8.22499999999999,265,0.9532,157.6,0.0085,-0.2005
184331,650,0.0,-8.324999999999989,285,0.9531,157.5,0.008,-0.2063
184639,651,0.0,-8.439999999999987,308,0.9529,157.4,0.0096,-0.2056
184872,652,0.0,-8.064999999999998,233,0.9528,157.2,0.0085,-0.2056
185123,653,0.0,-8.154999999999989,251,0.9527,157.1,0.0073,-0.2047
185378,654,0.0,-8.174999999999992,255,0.9526,157.0,0.0077,-0.203
185600,655,0.0,-8.009999999999994,222,0.9525,156.9,0.0081,-0.2015
185895,656,0.0,-8.374999999999988,295,0.9523,156.8,0.0091,-0.2064
186219,657,200.0,-8.519999999999985,324,0.9522,156.7,0.0073,-0.2022
186518,658,200.0,-8.394999999999987,299,0.9521,156.5,0.0119,-0.2001
186830,659,200.0,-8.459999999999996,312,0.9519,156.4,0.0066,-0.2026
187109,660,0.0,-8.294999999999987,279,0.9518,156.3,0.0101,-0.2035
187535,661,400.0,-8.329999999999973,426,0.9516,156.1,0.0077,-0.2068
187861,662,0.0,-8.529999999999985,326,0.9515,156.0,0.0095,-0.2037
188258,663,100.0,-8.884999999999978,397,0.9513,155.8,0.0081,-0.2055
188461,664,0.0,-7.9149999999999965,203,0.9512,155.8,0.0075,-0.2026
188750,665,0.0,-8.344999999999988,289,0.9511,155.7,0.0057,-0.2037
189014,666,0.0,-8.219999999999992,264,0.9509,155.6,0.0073,-0.2043
189349,667,700.0,-8.574999999999985,335,0.9508,155.4,0.0101,-0.2058
189674,668,0.0,-8.52499999999998,325,0.9506,155.3,0.0085,-0.206
189844,669,0.0,-7.749999999999995,170,0.9506,155.2,0.0063,-0.2001
190091,670,0.0,-8.134999999999991,247,0.9505,155.1,0.0068,-0.2045
190370,671,0.0,-7.594999999999986,279,0.9503,155.0,0.0083,-0.2112
190670,672,0.0,-8.399999999999988,300,0.9502,154.9,0.0098,-0.2111
190937,673,100.0,-8.23499999999999,267,0.9501,154.8,0.0094,-0.2124
191166,674,0.0,-7.344999999999991,229,0.95,154.7,0.0082,-0.2084
191507,675,300.0,-8.604999999999979,341,0.9498,154.6,0.0061,-0.2081
192036,676,700.0,-8.844999999999974,529,0.9496,154.4,0.0063,-0.2118
192240,677,0.0,-7.919999999999996,204,0.9495,154.3,0.0072,-0.2131
192516,678,0.0,-8.279999999999983,276,0.9494,154.2,0.0071,-0.2073
192776,679,0.0,-8.199999999999996,260,0.9493,154.0,0.0081,-0.2141
193056,680,0.0,-8.299999999999983,280,0.9491,153.9,0.0082,-0.2161
193500,681,200.0,-8.419999999999968,444,0.9489,153.8,0.0098,-0.2166
193897,682,200.0,-8.884999999999973,397,0.9487,153.6,0.0072,-0.2125
194209,683,100.0,-8.459999999999987,312,0.9486,153.5,0.0053,-0.2115
194417,684,0.0,-7.939999999999996,208,0.9485,153.4,0.0058,-0.2078
194707,685,300.0,-8.349999999999989,290,0.9484,153.3,0.0073,-0.2114
194993,686,0.0,-8.32999999999999,286,0.9483,153.2,0.0069,-0.2134
195366,687,0.0,-8.76499999999999,373,0.9481,153.0,0.0083,-0.2148
195655,688,0.0,-8.344999999999995,289,0.948,152.9,0.007,-0.208
195897,689,0.0,-8.109999999999992,242,0.9478,152.8,0.0087,-0.2118
196254,690,200.0,-8.684999999999992,357,0.9477,152.7,0.0069,-0.2124
196560,691,300.0,-8.429999999999986,306,0.9475,152.6,0.0101,-0.2184
196960,692,200.0,-8.89999999999998,400,0.9474,152.4,0.0092,-0.2144
197233,693,0.0,-7.564999999999988,273,0.9472,152.3,0.0061,-0.2142
197563,694,200.0,-7.8499999999999845,330,0.9471,152.2,0.0083,-0.2103
197947,695,500.0,-8.819999999999979,384,0.9469,152.1,0.0087,-0.2145
198144,696,100.0,-7.884999999999996,197,0.9468,152.0,0.0066,-0.2112
198506,697,800.0,-8.009999999999978,362,0.9467,151.9,0.0086,-0.2147
198723,698,0.0,-7.984999999999995,217,0.9466,151.8,0.0086,-0.2096
199152,699,100.0,-8.344999999999974,429,0.9464,151.6,0.0088,-0.2155
199555,700,500.0,-8.914999999999976,403,0.9462,151.5,0.0069,-0.2137
199842,701,0.0,-8.334999999999988,287,0.9461,151.4,0.0069,-0.2153
200258,702,100.0,-8.979999999999976,416,0.9459,146.5,0.0104,-0.2225
200519,703,200.0,-7.504999999999989,261,0.9458,146.4,0.0079,-0.2274
200813,704,0.0,-7.6699999999999875,294,0.9456,146.3,0.008,-0.2257
201129,705,0.0,-8.479999999999983,316,0.9455,146.2,0.0075,-0.2249
201418,706,0.0,-7.644999999999986,289,0.9454,146.1,0.0075,-0.219
201651,707,0.0,-8.065,233,0.9453,146.1,0.0071,-0.228
201905,708,0.0,-8.169999999999998,254,0.9451,146.0,0.0087,-0.2309
202190,709,0.0,-8.324999999999989,285,0.945,145.9,0.0085,-0.228
202569,710,200.0,-8.794999999999977,379,0.9448,145.8,0.0099,-0.2279
202755,711,0.0,-7.829999999999997,186,0.9448,145.7,0.0072,-0.2234
203010,712,200.0,-7.474999999999986,255,0.9446,145.6,0.011,-0.2318
203296,713,0.0,-8.329999999999988,286,0.9445,145.5,0.0079,-0.2237
203525,714,0.0,-8.04499999999999,229,0.9444,145.5,0.0102,-0.2263
203953,715,200.0,-8.339999999999979,428,0.9442,145.4,0.0082,-0.2263
204276,716,0.0,-7.814999999999983,323,0.9441,145.3,0.0077,-0.2274
204565,717,0.0,-7.6449999999999845,289,0.9439,145.2,0.0075,-0.2278
204775,718,0.0,-7.949999999999996,210,0.9439,145.1,0.0084,-0.2201
205064,719,100.0,-8.344999999999986,289,0.9437,145.0,0.0062,-0.229
205277,720,0.0,-7.964999999999995,213,0.9436,145.0,0.0084,-0.2288
205499,721,0.0,-8.009999999999994,222,0.9435,144.9,0.0071,-0.2276
205755,722,100.0,-8.18,256,0.9434,144.8,0.0098,-0.2278
205976,723,200.0,-8.004999999999995,221,0.9433,144.8,0.0069,-0.2208
206363,724,100.0,-8.83499999999998,387,0.9431,144.7,0.0099,-0.2293
206690,725,100.0,-8.534999999999982,327,0.943,144.6,0.0088,-0.2266
206965,726,0.0,-8.274999999999988,275,0.9429,144.5,0.008,-0.2265
207264,727,0.0,-8.394999999999989,299,0.9427,144.4,0.0081,-0.2271
207535,728,0.0,-7.554999999999987,271,0.9426,144.4,0.0081,-0.2303
207831,729,0.0,-8.379999999999985,296,0.9425,144.3,0.009,-0.2275
208205,730,300.0,-8.76999999999998,374,0.9423,144.2,0.0079,-0.2253
208470,731,0.0,-8.22499999999999,265,0.9422,144.1,0.0072,-0.225
208863,732,100.0,-8.864999999999979,393,0.942,144.0,0.0062,-0.2261
209139,733,0.0,-8.27999999999999,276,0.9419,143.9,0.0091,-0.2296
209426,734,0.0,-8.33499999999999,287,0.9418,143.8,0.0062,-0.2225
209811,735,400.0,-8.124999999999986,385,0.9416,143.7,0.008,-0.2244
210058,736,0.0,-8.134999999999991,247,0.9415,143.7,0.0092,-0.2308
210423,737,300.0,-8.724999999999982,365,0.9413,143.6,0.0068,-0.2395
210659,738,0.0,-8.079999999999997,236,0.9412,143.5,0.0077,-0.2414
210955,739,200.0,-8.379999999999988,296,0.9411,143.4,0.0086,-0.2415
211144,740,0.0,-7.844999999999997,189,0.941,143.4,0.0075,-0.251
211502,741,200.0,-8.68999999999998,358,0.9408,143.3,0.0085,-0.2403
211778,742,0.0,-8.279999999999989,276,0.9407,143.2,0.0072,-0.2451
212113,743,200.0,-7.874999999999978,335,0.9405,143.1,0.0084,-0.2452
212445,744,200.0,-8.559999999999981,332,0.9404,143.0,0.0097,-0.2473
212924,745,200.0,-9.294999999999973,479,0.9402,142.9,0.0085,-0.2414
213232,746,100.0,-8.439999999999987,308,0.94,142.8,0.0078,-0.2424
213524,747,0.0,-7.659999999999985,292,0.9399,142.7,0.0081,-0.2378
213787,748,0.0,-7.514999999999989,263,0.9398,142.7,0.01,-0.2438
214094,749,400.0,-7.734999999999988,307,0.9397,142.6,0.0068,-0.2406
214345,750,100.0,-8.154999999999994,251,0.9395,142.5,0.0099,-0.2435
214658,751,0.0,-8.464999999999993,313,0.9394,142.4,0.0062,-0.2432
214938,752,0.0,-8.29999999999999,280,0.9393,142.3,0.011,-0.2412
215218,753,0.0,-8.299999999999988,280,0.9392,142.3,0.0088,-0.2423
215477,754,0.0,-8.19499999999999,259,0.939,142.2,0.0081,-0.2437
215792,755,0.0,-8.474999999999987,315,0.9389,142.1,0.0078,-0.2401
216251,756,500.0,-8.494999999999978,459,0.9387,142.0,0.0084,-0.2395
216477,757,0.0,-8.029999999999994,226,0.9386,142.0,0.0083,-0.2413
216750,758,0.0,-8.26499999999999,273,0.9385,141.9,0.0077,-0.2425
217023,759,0.0,-8.264999999999986,273,0.9383,141.8,0.0078,-0.2406
217309,760,200.0,-8.329999999999986,286,0.9382,141.7,0.0069,-0.2415
217638,761,200.0,-8.544999999999984,329,0.9381,141.7,0.0073,-0.243
217926,762,200.0,-8.339999999999986,288,0.9379,141.6,0.0075,-0.2405
218291,763,200.0,-8.024999999999983,365,0.9378,141.5,0.0071,-0.2402
218759,764,200.0,-9.239999999999977,468,0.9376,141.4,0.0064,-0.2408
219024,765,100.0,-8.224999999999987,265,0.9374,141.3,0.0067,-0.2392
219281,766,0.0,-8.184999999999988,257,0.9373,141.3,0.0082,-0.2424
219569,767,100.0,-7.639999999999986,288,0.9372,141.2,0.0089,-0.2397
219740,768,0.0,-7.754999999999995,171,0.9371,141.2,0.0071,-0.2425
220133,769,0.0,-8.164999999999978,393,0.9369,141.1,0.0072,-0.2431
220332,770,0.0,-7.194999999999999,199,0.9369,141.0,0.0074,-0.2498
220595,771,0.0,-8.214999999999986,263,0.9367,141.0,0.0078,-0.2474
220932,772,0.0,-8.584999999999981,337,0.9366,140.9,0.0092,-0.2479
221233,773,100.0,-8.404999999999987,301,0.9364,140.8,0.0069,-0.2486
221511,774,200.0,-8.289999999999988,278,0.9363,140.8,0.0088,-0.2543
221902,775,200.0,-8.85499999999998,391,0.9361,140.7,0.0083,-0.2509
222099,776,0.0,-7.884999999999997,197,0.9361,140.6,0.008,-0.2513
222491,777,1200.0,-8.859999999999978,392,0.9359,140.5,0.0084,-0.2534
222812,778,200.0,-7.804999999999983,321,0.9357,140.5,0.007,-0.2511
223027,779,0.0,-7.274999999999992,215,0.9356,140.4,0.0068,-0.2515
223251,780,300.0,-8.019999999999992,224,0.9355,140.4,0.0088,-0.2537
223450,781,0.0,-7.894999999999996,199,0.9354,140.3,0.0084,-0.2576
223788,782,300.0,-8.589999999999986,338,0.9353,140.2,0.0084,-0.2547
224069,783,0.0,-8.304999999999996,281,0.9352,140.2,0.0091,-0.2559
224517,784,600.0,-9.139999999999972,448,0.935,140.1,0.0082,-0.2488
224933,785,200.0,-8.279999999999973,416,0.9348,140.0,0.0082,-0.2499
225171,786,0.0,-8.089999999999993,238,0.9347,139.9,0.0064,-0.2474
225453,787,0.0,-8.309999999999992,282,0.9345,139.9,0.0066,-0.2467
225793,788,0.0,-8.59999999999998,340,0.9344,139.8,0.0096,-0.2546
226055,789,0.0,-7.509999999999988,262,0.9343,139.7,0.0077,-0.2472
226236,790,0.0,-7.804999999999998,181,0.9342,139.7,0.0102,-0.2593
226413,791,0.0,-7.084999999999996,177,0.9341,139.6,0.0089,-0.2549
226856,792,300.0,-8.414999999999981,443,0.9339,139.5,0.008,-0.2512
227223,793,200.0,-8.734999999999982,367,0.9337,139.5,0.0089,-0.2537
227505,794,0.0,-8.309999999999988,282,0.9336,139.4,0.0074,-0.2465
227919,795,200.0,-8.969999999999983,414,0.9334,139.3,0.0083,-0.2547
228245,796,200.0,-8.529999999999983,326,0.9333,139.3,0.0075,-0.2501
228574,797,400.0,-8.544999999999986,329,0.9331,139.2,0.0085,-0.2512
228860,798,200.0,-8.329999999999988,286,0.933,139.2,0.0086,-0.251
229119,799,0.0,-8.194999999999997,259,0.9329,139.1,0.0073,-0.2513
229540,800,400.0,-9.004999999999974,421,0.9327,139.0,0.0079,-0.2497
229748,801,0.0,-7.939999999999996,208,0.9326,139.0,0.0077,-0.2483
230009,802,0.0,-8.204999999999991,261,0.9325,138.9,0.0078,-0.2502
230432,803,800.0,-9.014999999999976,423,0.9323,138.8,0.0064,-0.2433
230729,804,200.0,-7.684999999999985,297,0.9322,138.7,0.0069,-0.2439
231058,805,100.0,-8.544999999999986,329,0.932,138.7,0.0093,-0.2474
231321,806,0.0,-7.514999999999987,263,0.9319,138.6,0.0095,-0.245
231662,807,200.0,-7.904999999999977,341,0.9318,138.5,0.0102,-0.2468
231969,808,0.0,-8.434999999999986,307,0.9316,138.5,0.01,-0.2474
232303,809,200.0,-8.569999999999984,334,0.9315,138.4,0.0076,-0.2489
232631,810,100.0,-7.839999999999981,328,0.9313,138.3,0.0108,-0.2489
232900,811,200.0,-8.24499999999999,269,0.9312,138.3,0.0077,-0.2487
233093,812,0.0,-7.8649999999999975,193,0.9311,138.2,0.0076,-0.2468
233345,813,200.0,-8.15999999999999,252,0.931,138.2,0.0065,-0.242
233638,814,200.0,-7.664999999999985,293,0.9309,138.1,0.008,-0.2472
233901,815,0.0,-8.214999999999991,263,0.9307,138.1,0.0074,-0.2448
234202,816,200.0,-7.70499999999999,301,0.9306,138.0,0.0078,-0.2481
234437,817,0.0,-7.374999999999989,235,0.9305,138.0,0.0088,-0.2506
234639,818,0.0,-7.909999999999996,202,0.9304,137.9,0.0074,-0.2495
234874,819,0.0,-8.074999999999994,235,0.9303,137.9,0.008,-0.2381
235194,820,0.0,-8.499999999999986,320,0.9302,137.8,0.0059,-0.2472
235495,821,0.0,-8.404999999999983,301,0.93,137.8,0.01,-0.2492
235733,822,0.0,-8.08999999999999,238,0.9299,137.7,0.008,-0.2478
236028,823,0.0,-8.374999999999986,295,0.9298,137.6,0.0099,-0.2517
236300,824,0.0,-8.259999999999991,272,0.9297,137.6,0.0076,-0.2463
236570,825,0.0,-8.24999999999999,270,0.9295,137.5,0.008,-0.2442
236837,826,0.0,-8.234999999999989,267,0.9294,137.5,0.0067,-0.2477
237180,827,0.0,-7.914999999999981,343,0.9293,137.4,0.0082,-0.2514
237442,828,0.0,-8.209999999999994,262,0.9292,137.4,0.0083,-0.2493
237785,829,100.0,-8.614999999999982,343,0.929,137.3,0.0081,-0.2479
237996,830,0.0,-7.954999999999996,211,0.9289,137.3,0.0062,-0.2447
238288,831,100.0,-8.359999999999985,292,0.9288,137.2,0.0093,-0.2438
238669,832,200.0,-8.104999999999976,381,0.9286,137.1,0.0093,-0.2488
238937,833,0.0,-8.239999999999991,268,0.9285,137.1,0.007,-0.2429
239212,834,0.0,-8.27499999999999,275,0.9284,137.0,0.0066,-0.2467
239489,835,0.0,-7.5849999999999875,277,0.9282,137.0,0.0092,-0.249
239703,836,0.0,-7.969999999999995,214,0.9281,136.9,0.0086,-0.2443
240003,837,0.0,-8.39999999999998,300,0.928,136.9,0.0092,-0.2503
240266,838,0.0,-8.21499999999999,263,0.9279,136.8,0.0077,-0.2426
240594,839,0.0,-8.539999999999988,328,0.9277,136.8,0.0099,-0.2431
240915,840,0.0,-7.804999999999985,321,0.9276,136.7,0.0102,-0.2483
241278,841,200.0,-8.71499999999998,363,0.9274,136.7,0.0072,-0.2416
241598,842,0.0,-8.499999999999986,320,0.9273,136.6,0.008,-0.2396
241853,843,0.0,-8.17499999999999,255,0.9272,136.5,0.0105,-0.2512
242324,844,100.0,-9.254999999999985,471,0.927,136.5,0.008,-0.2421
242666,845,0.0,-8.609999999999978,342,0.9268,136.4,0.0076,-0.242
242963,846,800.0,-7.6849999999999845,297,0.9267,136.3,0.0082,-0.2433
243360,847,200.0,-8.184999999999985,397,0.9265,136.2,0.0082,-0.2376
243722,848,500.0,-8.009999999999984,362,0.9263,136.2,0.0094,-0.2419
244022,849,0.0,-7.699999999999988,300,0.9262,136.1,0.0082,-0.241
244315,850,0.0,-8.364999999999988,293,0.9261,136.1,0.0073,-0.2406
244501,851,0.0,-7.129999999999995,186,0.926,136.0,0.0085,-0.2486
244765,852,0.0,-8.21999999999999,264,0.9259,136.0,0.008,-0.2405
245034,853,0.0,-8.24499999999999,269,0.9257,135.9,0.0079,-0.2439
245338,854,500.0,-8.419999999999987,304,0.9256,135.9,0.0064,-0.239
245602,855,0.0,-8.219999999999997,264,0.9255,135.8,0.008,-0.247
245798,856,0.0,-7.879999999999992,196,0.9254,135.8,0.0079,-0.2436
246101,857,300.0,-8.414999999999987,303,0.9253,135.7,0.0087,-0.2422
246594,858,200.0,-8.664999999999967,493,0.925,135.6,0.0069,-0.2414
246845,859,0.0,-8.15499999999999,251,0.9249,135.6,0.0096,-0.2506
247184,860,0.0,-7.8949999999999845,339,0.9248,135.5,0.0082,-0.2468
247483,861,0.0,-8.394999999999989,299,0.9246,135.5,0.0081,-0.2444
247793,862,0.0,-8.449999999999992,310,0.9245,135.4,0.0092,-0.243
248070,863,0.0,-8.28499999999999,277,0.9244,135.4,0.0077,-0.2412
248287,864,200.0,-7.984999999999995,217,0.9243,135.3,0.0083,-0.2452
248474,865,0.0,-7.834999999999997,187,0.9242,135.3,0.0083,-0.2454
248852,866,200.0,-8.089999999999975,378,0.924,135.2,0.0075,-0.241
249033,867,0.0,-7.804999999999995,181,0.9239,135.2,0.0099,-0.2444
249338,868,0.0,-8.42499999999999,305,0.9238,135.1,0.0071,-0.2397
249534,869,200.0,-7.879999999999996,196,0.9237,135.1,0.0075,-0.249
249855,870,0.0,-8.504999999999985,321,0.9236,135.0,0.0083,-0.243
250196,871,100.0,-7.904999999999987,341,0.9234,135.0,0.0061,-0.2298
250433,872,200.0,-8.084999999999994,237,0.9233,134.9,0.0072,-0.2283
250737,873,100.0,-8.419999999999982,304,0.9232,134.9,0.0092,-0.2321
251104,874,200.0,-8.734999999999976,367,0.923,134.8,0.0078,-0.2253
251518,875,200.0,-8.269999999999973,414,0.9228,134.7,0.0086,-0.2299
251781,876,0.0,-7.5149999999999855,263,0.9227,134.7,0.0078,-0.2305
252068,877,0.0,-7.634999999999995,287,0.9226,134.6,0.0088,-0.2285
252431,878,0.0,-8.014999999999981,363,0.9224,134.6,0.008,-0.2288
252766,879,0.0,-8.574999999999985,335,0.9223,134.5,0.0081,-0.232
253086,880,100.0,-7.799999999999993,320,0.9221,134.4,0.0074,-0.226
253274,881,0.0,-7.839999999999997,188,0.922,134.4,0.0083,-0.2238
253598,882,200.0,-7.81999999999998,324,0.9219,134.4,0.0087,-0.2283
253824,883,200.0,-8.029999999999994,226,0.9218,134.3,0.0074,-0.2256
254140,884,0.0,-7.779999999999983,316,0.9216,134.3,0.0083,-0.2298
254533,885,100.0,-8.864999999999977,393,0.9215,134.2,0.0073,-0.2268
254821,886,0.0,-8.339999999999982,288,0.9213,134.2,0.0071,-0.2235
255226,887,0.0,-8.924999999999976,405,0.9211,134.1,0.0092,-0.2292
255586,888,200.0,-8.699999999999982,360,0.921,134.1,0.0088,-0.2329
255775,889,0.0,-7.844999999999997,189,0.9209,134.0,0.0108,-0.2362
256089,890,300.0,-8.469999999999985,314,0.9208,134.0,0.0071,-0.228
256339,891,100.0,-8.149999999999991,250,0.9206,134.0,0.0083,-0.2338
256696,892,200.0,-8.684999999999983,357,0.9205,133.9,0.0085,-0.2339
256969,893,0.0,-8.26499999999999,273,0.9204,133.9,0.0069,-0.2274
257253,894,0.0,-7.619999999999983,284,0.9202,133.8,0.0097,-0.2335
257605,895,200.0,-7.959999999999989,352,0.9201,133.7,0.0082,-0.2285
257822,896,200.0,-7.984999999999995,217,0.92,133.7,0.0099,-0.2381
258045,897,200.0,-8.015,223,0.9199,133.7,0.0081,-0.2317
258241,898,0.0,-7.879999999999996,196,0.9198,133.6,0.007,-0.2334
258407,899,0.0,-7.029999999999995,166,0.9197,133.6,0.0094,-0.2284
258628,900,0.0,-8.004999999999995,221,0.9196,133.6,0.008,-0.2215
258859,901,0.0,-7.354999999999991,231,0.9195,133.5,0.0077,-0.232
259179,902,0.0,-8.499999999999986,320,0.9194,133.5,0.0079,-0.2291
259496,903,0.0,-7.784999999999983,317,0.9192,133.4,0.0079,-0.2321
259837,904,0.0,-8.604999999999986,341,0.9191,133.4,0.0082,-0.2304
260099,905,0.0,-7.5099999999999865,262,0.919,133.3,0.0094,-0.2317
260307,906,100.0,-7.939999999999995,208,0.9189,133.3,0.0107,-0.2263
260708,907,300.0,-8.904999999999973,401,0.9187,133.2,0.0079,-0.2268
260990,908,0.0,-8.309999999999988,282,0.9186,133.2,0.0068,-0.2249
261313,909,400.0,-7.8149999999999835,323,0.9184,133.1,0.0086,-0.2285
261650,910,0.0,-7.884999999999987,337,0.9183,133.0,0.0068,-0.2302
261980,911,600.0,-7.849999999999983,330,0.9181,133.0,0.0077,-0.2236
262285,912,100.0,-8.42499999999999,305,0.918,132.9,0.0089,-0.2338
262540,913,0.0,-8.17499999999999,255,0.9179,132.9,0.0074,-0.2242
262808,914,100.0,-8.239999999999988,268,0.9177,132.8,0.007,-0.2261
263239,915,200.0,-8.354999999999983,431,0.9175,132.8,0.0076,-0.2273
263547,916,200.0,-8.439999999999985,308,0.9174,132.7,0.0072,-0.2247
263922,917,300.0,-8.774999999999977,375,0.9172,132.7,0.0083,-0.2273
264314,918,0.0,-8.859999999999978,392,0.9171,132.6,0.0089,-0.2294
264634,919,0.0,-7.799999999999983,320,0.9169,132.5,0.0084,-0.2256
265008,920,400.0,-8.769999999999984,374,0.9167,132.5,0.0082,-0.2238
265246,921,0.0,-8.089999999999993,238,0.9166,132.4,0.0078,-0.2275
265452,922,0.0,-7.929999999999991,206,0.9165,132.4,0.0099,-0.2336
265775,923,100.0,-7.814999999999983,323,0.9164,132.4,0.008,-0.2267
266120,924,400.0,-7.924999999999982,345,0.9162,132.3,0.0068,-0.2226
266375,925,0.0,-8.17499999999999,255,0.9161,132.3,0.0073,-0.2257
266587,926,0.0,-7.25999999999999,212,0.916,132.3,0.008,-0.2253
266808,927,0.0,-8.005,221,0.9159,132.2,0.0068,-0.2238
267064,928,0.0,-8.179999999999989,256,0.9158,132.2,0.0069,-0.2282
267342,929,0.0,-8.289999999999988,278,0.9157,132.1,0.0061,-0.2251
267625,930,200.0,-8.314999999999987,283,0.9156,132.1,0.0065,-0.2234
268098,931,800.0,-9.264999999999969,473,0.9154,132.0,0.0089,-0.2298
268432,932,500.0,-8.569999999999983,334,0.9152,132.0,0.0067,-0.2277
268719,933,200.0,-8.334999999999988,287,0.9151,131.9,0.0077,-0.2271
268979,934,0.0,-8.199999999999992,260,0.915,131.9,0.0081,-0.2248
269472,935,700.0,-9.36499999999997,493,0.9147,131.8,0.0095,-0.231
269791,936,0.0,-8.49499999999998,319,0.9146,131.8,0.0067,-0.2263
270164,937,400.0,-8.064999999999978,373,0.9144,131.7,0.0095,-0.2171
270496,938,0.0,-7.859999999999989,332,0.9143,131.6,0.0075,-0.2098
270791,939,0.0,-8.374999999999986,295,0.9141,131.6,0.0119,-0.2105
271091,940,0.0,-8.39999999999998,300,0.914,131.6,0.0083,-0.2106
271305,941,0.0,-7.269999999999993,214,0.9139,131.5,0.0092,-0.2166
271531,942,0.0,-8.02999999999999,226,0.9138,131.5,0.0076,-0.2066
271803,943,0.0,-8.259999999999991,272,0.9137,131.4,0.0091,-0.2084
272164,944,0.0,-8.004999999999981,361,0.9135,131.4,0.0083,-0.2091
272584,945,200.0,-8.299999999999976,420,0.9133,131.3,0.0081,-0.2094
272822,946,0.0,-8.089999999999993,238,0.9132,131.3,0.0069,-0.2197
273112,947,0.0,-8.349999999999989,290,0.9131,131.2,0.0067,-0.2083
273392,948,0.0,-7.599999999999987,280,0.913,131.2,0.0071,-0.2083
273722,949,0.0,-7.849999999999982,330,0.9128,131.1,0.0088,-0.2129
274010,950,0.0,-8.33999999999999,288,0.9127,131.1,0.0067,-0.2067
274263,951,0.0,-7.4649999999999945,253,0.9126,131.1,0.0081,-0.2115
274606,952,100.0,-7.914999999999988,343,0.9124,131.0,0.0077,-0.2124
274846,953,200.0,-8.099999999999987,240,0.9123,131.0,0.0089,-0.2174
275142,954,100.0,-7.679999999999986,296,0.9122,130.9,0.0072,-0.2101
275409,955,0.0,-8.234999999999989,267,0.9121,130.9,0.0077,-0.2126
275670,956,0.0,-8.204999999999995,261,0.9119,130.8,0.0095,-0.2117
275884,957,0.0,-7.969999999999993,214,0.9119,130.8,0.0088,-0.2108
276218,958,0.0,-8.569999999999983,334,0.9117,130.8,0.0062,-0.2095
276586,959,200.0,-8.039999999999974,368,0.9115,130.7,0.0091,-0.2153
276820,960,300.0,-8.069999999999993,234,0.9114,130.7,0.0091,-0.2151
277204,961,0.0,-8.11999999999998,384,0.9113,130.6,0.0078,-0.2089
277672,962,500.0,-8.53999999999997,468,0.911,130.6,0.0072,-0.2087
277959,963,0.0,-8.334999999999988,287,0.9109,130.5,0.0073,-0.2147
278150,964,0.0,-7.854999999999998,191,0.9108,130.5,0.0076,-0.2093
278413,965,0.0,-8.214999999999991,263,0.9107,130.5,0.0094,-0.2091
278776,966,200.0,-8.714999999999982,363,0.9106,130.4,0.0076,-0.2081
279008,967,0.0,-7.359999999999991,232,0.9104,130.4,0.0071,-0.2074
279212,968,0.0,-7.919999999999996,204,0.9104,130.3,0.0069,-0.2118
279434,969,0.0,-8.009999999999991,222,0.9103,130.3,0.0096,-0.2105
279630,970,0.0,-7.879999999999997,196,0.9102,130.3,0.0073,-0.2091
279854,971,0.0,-7.319999999999991,224,0.9101,130.2,0.0071,-0.2089
280182,972,400.0,-8.539999999999985,328,0.9099,130.2,0.0095,-0.2161
280393,973,0.0,-7.25499999999999,211,0.9098,130.2,0.0067,-0.2207
280608,974,0.0,-7.9749999999999925,215,0.9097,130.1,0.0085,-0.2212
280935,975,400.0,-8.534999999999986,327,0.9096,130.1,0.0072,-0.2171
281324,976,0.0,-8.144999999999978,389,0.9094,130.0,0.0101,-0.224
281606,977,300.0,-7.609999999999992,282,0.9093,130.0,0.0114,-0.2159
281875,978,0.0,-8.244999999999997,269,0.9092,130.0,0.0091,-0.2178
282165,979,200.0,-8.349999999999994,290,0.909,129.9,0.0098,-0.2271
282466,980,0.0,-7.704999999999984,301,0.9089,129.9,0.0074,-0.2143
282793,981,500.0,-7.8349999999999795,327,0.9087,129.8,0.0082,-0.2193
283093,982,300.0,-7.699999999999986,300,0.9086,129.8,0.0073,-0.2158
283455,983,0.0,-8.709999999999976,362,0.9084,129.7,0.0074,-0.222
283779,984,200.0,-7.819999999999984,324,0.9083,129.7,0.01,-0.2256
284062,985,0.0,-8.314999999999987,283,0.9082,129.7,0.01,-0.2184
284397,986,200.0,-8.574999999999994,335,0.908,129.6,0.0084,-0.2171
284708,987,400.0,-8.454999999999986,311,0.9079,129.6,0.0085,-0.2217
285115,988,200.0,-8.234999999999983,407,0.9077,129.5,0.0083,-0.2203
285459,989,400.0,-8.619999999999978,344,0.9075,129.5,0.0083,-0.2211
285889,990,200.0,-8.349999999999984,430,0.9073,129.4,0.0086,-0.2139
286174,991,0.0,-7.624999999999986,285,0.9072,129.4,0.0078,-0.2168
286641,992,200.0,-8.53499999999997,467,0.907,129.3,0.008,-0.2167
286893,993,0.0,-7.459999999999989,252,0.9069,129.3,0.0077,-0.2258
287120,994,0.0,-7.334999999999991,227,0.9068,129.2,0.0098,-0.219
287729,995,500.0,-9.944999999999958,609,0.9065,129.2,0.0087,-0.2224
288098,996,500.0,-8.744999999999981,369,0.9064,129.1,0.0077,-0.2173
288438,997,500.0,-7.89999999999998,340,0.9062,129.1,0.0085,-0.2194
288606,998,0.0,-7.739999999999995,168,0.9061,129.0,0.0081,-0.2232
289091,999,500.0,-8.624999999999972,485,0.9059,129.0,0.0085,-0.2216
289415,1000,0.0,-7.819999999999986,324,0.9058,128.9,0.0083,-0.2176
289745,1001,200.0,-7.849999999999995,330,0.9056,128.9,0.0075,-0.2213
289951,1002,0.0,-7.229999999999993,206,0.9055,128.9,0.0062,-0.2173
290302,1003,200.0,-7.9549999999999885,351,0.9054,128.8,0.0079,-0.2134
290578,1004,0.0,-8.27999999999999,276,0.9052,128.8,0.0076,-0.2128
290832,1005,0.0,-8.169999999999991,254,0.9051,128.7,0.0069,-0.2072
291096,1006,200.0,-7.519999999999987,264,0.905,128.7,0.0078,-0.2154
291344,1007,0.0,-8.139999999999992,248,0.9049,128.7,0.0082,-0.2118
291789,1008,300.0,-8.424999999999974,445,0.9047,128.6,0.0087,-0.2135
292110,1009,200.0,-7.804999999999991,321,0.9046,128.6,0.0082,-0.2097
292463,1010,100.0,-7.964999999999977,353,0.9044,128.5,0.0075,-0.2124
292814,1011,0.0,-7.954999999999986,351,0.9042,128.5,0.008,-0.2144
293071,1012,300.0,-8.184999999999992,257,0.9041,128.5,0.0078,-0.2173
293396,1013,100.0,-7.82499999999999,325,0.904,128.4,0.0084,-0.2125
293665,1014,0.0,-8.24499999999999,269,0.9039,128.4,0.0078,-0.2056
293999,1015,0.0,-7.869999999999988,334,0.9037,128.3,0.0082,-0.2115
294336,1016,200.0,-8.584999999999983,337,0.9035,128.3,0.0082,-0.2192
294680,1017,600.0,-7.9199999999999795,344,0.9034,128.3,0.0077,-0.2152
294950,1018,0.0,-7.5499999999999865,270,0.9033,128.2,0.007,-0.2156
295175,1019,0.0,-7.32499999999999,225,0.9032,128.2,0.0058,-0.2135
295517,1020,200.0,-7.909999999999981,342,0.903,128.1,0.0071,-0.2119
295756,1021,100.0,-8.094999999999999,239,0.9029,128.1,0.0079,-0.2167
296038,1022,0.0,-8.309999999999988,282,0.9028,128.1,0.0067,-0.2137
296251,1023,0.0,-7.9649999999999945,213,0.9027,128.1,0.0097,-0.2154
296675,1024,400.0,-8.319999999999974,424,0.9025,128.0,0.0082,-0.2135
296951,1025,0.0,-8.279999999999987,276,0.9024,128.0,0.0062,-0.2138
297223,1026,400.0,-8.25999999999999,272,0.9022,127.9,0.0095,-0.2214
297711,1027,1000.0,-8.63999999999998,488,0.902,127.9,0.0078,-0.2119
297956,1028,0.0,-7.424999999999998,245,0.9019,127.8,0.0063,-0.214
298209,1029,200.0,-7.464999999999988,253,0.9018,127.8,0.0091,-0.2198
298509,1030,200.0,-7.699999999999985,300,0.9017,127.8,0.0078,-0.22
298784,1031,200.0,-7.574999999999988,275,0.9015,127.7,0.0075,-0.2131
299062,1032,100.0,-8.289999999999988,278,0.9014,127.7,0.0076,-0.2095
299256,1033,0.0,-7.8699999999999966,194,0.9013,127.7,0.0062,-0.2071
299554,1034,0.0,-7.689999999999985,298,0.9012,127.6,0.0061,-0.2071
299863,1035,200.0,-7.744999999999985,309,0.9011,127.6,0.0079,-0.216
300269,1036,300.0,-8.229999999999972,406,0.9009,125.4,0.0074,-0.213
300519,1037,0.0,-7.449999999999987,250,0.9008,125.4,0.008,-0.2041
300809,1038,0.0,-8.349999999999989,290,0.9006,125.3,0.0107,-0.2117
301002,1039,0.0,-7.864999999999997,193,0.9005,125.3,0.008,-0.2104
301265,1040,0.0,-8.214999999999986,263,0.9004,125.3,0.008,-0.2103
301529,1041,0.0,-7.519999999999985,264,0.9003,125.3,0.0078,-0.2075
301893,1042,0.0,-8.019999999999982,364,0.9001,125.2,0.008,-0.2075
302226,1043,200.0,-7.864999999999983,333,0.9,125.2,0.0086,-0.2119
302555,1044,200.0,-8.544999999999984,329,0.8999,125.2,0.0074,-0.2077
302876,1045,300.0,-7.804999999999984,321,0.8997,125.1,0.0083,-0.2116
303117,1046,0.0,-8.104999999999993,241,0.8996,125.1,0.0088,-0.2128
303454,1047,500.0,-7.884999999999978,337,0.8994,125.1,0.0092,-0.2084
303718,1048,100.0,-7.519999999999994,264,0.8993,125.0,0.0081,-0.2091
304125,1049,100.0,-8.234999999999975,407,0.8991,125.0,0.0085,-0.2082
304441,1050,100.0,-7.779999999999981,316,0.899,125.0,0.0084,-0.2084
304755,1051,300.0,-7.769999999999984,314,0.8989,124.9,0.0067,-0.2077
304943,1052,0.0,-7.839999999999997,188,0.8988,124.9,0.0086,-0.209
305287,1053,400.0,-8.61999999999998,344,0.8986,124.9,0.007,-0.2035
305620,1054,400.0,-8.564999999999984,333,0.8985,124.9,0.0082,-0.2116
305917,1055,300.0,-7.684999999999992,297,0.8983,124.8,0.0077,-0.2077
306112,1056,0.0,-7.8749999999999964,195,0.8982,124.8,0.0078,-0.2029
306397,1057,400.0,-8.324999999999989,285,0.8981,124.8,0.0066,-0.2081
306689,1058,100.0,-7.659999999999993,292,0.898,124.7,0.0084,-0.2115
306970,1059,200.0,-7.604999999999987,281,0.8979,124.7,0.0083,-0.2104
307335,1060,200.0,-8.024999999999983,365,0.8977,124.7,0.0093,-0.2079
307612,1061,0.0,-7.5849999999999875,277,0.8976,124.6,0.0065,-0.2112
307897,1062,0.0,-8.324999999999992,285,0.8974,124.6,0.0065,-0.2052
308226,1063,100.0,-7.844999999999984,329,0.8973,124.6,0.0081,-0.2099
308515,1064,0.0,-8.344999999999988,289,0.8972,124.5,0.0076,-0.205
308810,1065,0.0,-7.6749999999999865,295,0.897,124.5,0.0077,-0.2099
309149,1066,200.0,-7.894999999999982,339,0.8969,124.5,0.0065,-0.2001
309368,1067,0.0,-7.994999999999996,219,0.8968,124.5,0.009,-0.2103
309610,1068,0.0,-7.409999999999988,242,0.8967,124.4,0.006,-0.2094
309893,1069,0.0,-7.614999999999986,283,0.8965,124.4,0.0091,-0.21
310163,1070,100.0,-7.549999999999991,270,0.8964,124.4,0.0098,-0.205
310434,1071,0.0,-7.554999999999987,271,0.8963,124.3,0.0083,-0.1907
310710,1072,0.0,-8.279999999999994,276,0.8962,124.3,0.0079,-0.194
310938,1073,0.0,-7.3399999999999945,228,0.8961,124.3,0.0087,-0.1911
311221,1074,0.0,-7.614999999999986,283,0.896,124.3,0.0076,-0.1934
311427,1075,0.0,-7.229999999999992,206,0.8959,124.3,0.0081,-0.1985
311760,1076,200.0,-7.8649999999999824,333,0.8957,124.2,0.0091,-0.1974
312043,1077,0.0,-7.614999999999984,283,0.8956,124.2,0.0076,-0.1901
312242,1078,0.0,-7.894999999999996,199,0.8955,124.2,0.0076,-0.1898
312546,1079,100.0,-7.719999999999988,304,0.8954,124.2,0.01,-0.1943
312950,1080,300.0,-8.919999999999986,404,0.8952,124.1,0.0071,-0.1945
313167,1081,0.0,-7.984999999999996,217,0.8951,124.1,0.0084,-0.1948
313496,1082,600.0,-7.844999999999988,329,0.8949,124.1,0.0081,-0.1899
313711,1083,0.0,-7.974999999999995,215,0.8948,124.1,0.009,-0.1961
314099,1084,0.0,-8.139999999999986,388,0.8947,124.0,0.0078,-0.1919
314389,1085,0.0,-8.349999999999989,290,0.8945,124.0,0.0074,-0.1951
314701,1086,200.0,-8.459999999999987,312,0.8944,124.0,0.0092,-0.1901
314929,1087,0.0,-7.339999999999992,228,0.8943,124.0,0.0084,-0.2011
315193,1088,0.0,-8.21999999999999,264,0.8942,124.0,0.0075,-0.1929
315649,1089,600.0,-8.479999999999986,456,0.894,123.9,0.0077,-0.1948
315918,1090,300.0,-8.244999999999989,269,0.8938,123.9,0.0084,-0.195
316269,1091,100.0,-7.954999999999979,351,0.8937,123.9,0.0083,-0.1939
316600,1092,200.0,-7.854999999999984,331,0.8935,123.8,0.0074,-0.1901
316842,1093,0.0,-7.4099999999999895,242,0.8934,123.8,0.0074,-0.1979
317207,1094,0.0,-8.024999999999977,365,0.8933,123.8,0.0104,-0.1949
317621,1095,200.0,-8.269999999999978,414,0.8931,123.8,0.0074,-0.1907
318078,1096,0.0,-8.484999999999971,457,0.8929,123.7,0.0089,-0.195
318449,1097,200.0,-8.054999999999978,371,0.8927,123.7,0.0074,-0.1871
318750,1098,400.0,-7.704999999999984,301,0.8926,123.7,0.0075,-0.1954
319098,1099,100.0,-7.939999999999979,348,0.8924,123.6,0.0084,-0.1918
319436,1100,0.0,-7.889999999999981,338,0.8923,123.6,0.0107,-0.1959
319779,1101,0.0,-7.915,343,0.8921,123.6,0.0082,-0.19
320006,1102,0.0,-7.334999999999991,227,0.892,123.5,0.011,-0.1984
320289,1103,0.0,-8.31499999999999,283,0.8919,123.5,0.0072,-0.174
320563,1104,0.0,-8.269999999999989,274,0.8917,123.5,0.0066,-0.1746
320939,1105,0.0,-8.079999999999984,376,0.8916,123.5,0.0084,-0.1799
321135,1106,0.0,-7.879999999999997,196,0.8915,123.5,0.0086,-0.1769
321369,1107,0.0,-7.369999999999996,234,0.8914,123.4,0.0075,-0.176
321691,1108,100.0,-8.509999999999987,322,0.8912,123.4,0.0074,-0.1799
322049,1109,100.0,-7.989999999999978,358,0.8911,123.4,0.0089,-0.1775
322466,1110,400.0,-8.284999999999984,417,0.8909,123.3,0.0072,-0.1729
322728,1111,0.0,-7.509999999999988,262,0.8908,123.3,0.0073,-0.1722
322971,1112,0.0,-7.41499999999999,243,0.8907,123.3,0.0094,-0.1823
323290,1113,0.0,-7.794999999999981,319,0.8905,123.3,0.0068,-0.1706
323578,1114,100.0,-7.639999999999984,288,0.8904,123.2,0.0081,-0.1753
323809,1115,0.0,-7.35499999999999,231,0.8903,123.2,0.0082,-0.1755
324128,1116,0.0,-7.794999999999983,319,0.8901,123.2,0.0092,-0.1797
324463,1117,0.0,-8.574999999999989,335,0.89,123.2,0.0088,-0.1798
324680,1118,0.0,-7.985000000000001,217,0.8899,123.2,0.0091,-0.1799
325010,1119,0.0,-7.849999999999984,330,0.8897,123.1,0.008,-0.179
325241,1120,0.0,-7.354999999999993,231,0.8896,123.1,0.0106,-0.1772
325647,1121,600.0,-8.229999999999976,406,0.8895,123.1,0.0078,-0.1792
325922,1122,0.0,-7.574999999999989,275,0.8893,123.0,0.0097,-0.1791
326202,1123,0.0,-7.599999999999987,280,0.8892,123.0,0.0072,-0.1743
326487,1124,200.0,-7.624999999999995,285,0.8891,123.0,0.008,-0.179
326680,1125,0.0,-7.864999999999994,193,0.889,123.0,0.0086,-0.1782
327020,1126,300.0,-7.899999999999979,340,0.8888,123.0,0.0088,-0.1742
327453,1127,200.0,-8.364999999999972,433,0.8886,122.9,0.008,-0.1771
327805,1128,600.0,-7.959999999999978,352,0.8885,122.9,0.0096,-0.1871
328086,1129,200.0,-8.304999999999982,281,0.8884,122.9,0.0084,-0.1804
328318,1130,0.0,-7.3599999999999905,232,0.8883,122.9,0.0063,-0.1733
328634,1131,200.0,-7.77999999999998,316,0.8881,122.8,0.0083,-0.17
328938,1132,600.0,-7.719999999999985,304,0.888,122.8,0.0069,-0.1784
329203,1133,200.0,-8.22499999999999,265,0.8879,122.8,0.0085,-0.1786
329462,1134,0.0,-8.19499999999999,259,0.8877,122.8,0.0085,-0.1805
329829,1135,200.0,-8.734999999999978,367,0.8876,122.7,0.0082,-0.1824
330077,1136,0.0,-8.139999999999992,248,0.8875,122.7,0.0087,-0.1692
330341,1137,0.0,-7.519999999999988,264,0.8873,122.7,0.0073,-0.1517
330722,1138,300.0,-8.104999999999988,381,0.8872,122.7,0.0093,-0.1495
331041,1139,0.0,-7.794999999999984,319,0.887,122.6,0.011,-0.1516
331366,1140,0.0,-7.824999999999983,325,0.8869,122.6,0.0091,-0.1547
331616,1141,0.0,-8.149999999999991,250,0.8868,122.6,0.008,-0.1472
331915,1142,1000.0,-7.694999999999985,299,0.8866,122.6,0.009,-0.1499
332145,1143,0.0,-7.349999999999992,230,0.8865,122.5,0.0065,-0.1482
332475,1144,600.0,-7.8499999999999925,330,0.8864,122.5,0.009,-0.1518
332820,1145,300.0,-7.92499999999999,345,0.8862,122.5,0.0085,-0.1477
333073,1146,400.0,-7.464999999999989,253,0.8861,122.5,0.0085,-0.143
333469,1147,0.0,-8.179999999999978,396,0.8859,122.4,0.0081,-0.1499
333879,1148,400.0,-8.249999999999972,410,0.8858,122.4,0.0081,-0.1464
334283,1149,300.0,-8.219999999999981,404,0.8856,122.3,0.0078,-0.1463
334564,1150,200.0,-7.604999999999987,281,0.8854,122.3,0.007,-0.1505
334845,1151,200.0,-7.604999999999987,281,0.8853,122.3,0.0067,-0.1548
335387,1152,1000.0,-8.009999999999977,542,0.8851,122.2,0.0091,-0.1501
335783,1153,0.0,-8.179999999999978,396,0.8849,122.2,0.0095,-0.1502
336144,1154,0.0,-8.70499999999998,361,0.8847,122.2,0.0082,-0.1488
336495,1155,600.0,-8.654999999999983,351,0.8846,122.1,0.0068,-0.1486
336843,1156,600.0,-7.939999999999977,348,0.8844,122.1,0.0089,-0.1507
337143,1157,100.0,-7.699999999999985,300,0.8843,122.1,0.0077,-0.1471
337369,1158,0.0,-8.02999999999999,226,0.8842,122.1,0.0083,-0.1455
337557,1159,0.0,-7.839999999999997,188,0.8841,122.1,0.0091,-0.1372
337838,1160,200.0,-7.604999999999987,281,0.884,122.0,0.0073,-0.1531
338071,1161,0.0,-8.064999999999994,233,0.8839,122.0,0.007,-0.1522
338382,1162,0.0,-7.754999999999986,311,0.8837,122.0,0.0075,-0.1488
338702,1163,300.0,-8.499999999999993,320,0.8836,122.0,0.0088,-0.1578
339060,1164,700.0,-8.689999999999987,358,0.8834,121.9,0.0099,-0.1505
339325,1165,0.0,-7.524999999999988,265,0.8833,121.9,0.0083,-0.1448
339652,1166,800.0,-7.834999999999981,327,0.8832,121.9,0.0087,-0.1511
339916,1167,200.0,-7.519999999999988,264,0.883,121.9,0.0101,-0.1496
340243,1168,0.0,-7.834999999999991,327,0.8829,121.8,0.0081,-0.1361
340461,1169,0.0,-7.989999999999995,218,0.8828,121.8,0.0089,-0.1405
340729,1170,100.0,-7.5399999999999885,268,0.8827,121.8,0.0107,-0.1465
340932,1171,0.0,-7.214999999999994,203,0.8826,121.8,0.0077,-0.1366
341201,1172,100.0,-7.544999999999987,269,0.8825,121.8,0.0091,-0.1398
341543,1173,600.0,-7.909999999999981,342,0.8823,121.7,0.0103,-0.1465
341881,1174,0.0,-8.589999999999979,338,0.8822,121.7,0.0092,-0.142
342203,1175,0.0,-7.809999999999983,322,0.882,121.7,0.0086,-0.1417
342447,1176,0.0,-7.419999999999991,244,0.8819,121.6,0.0086,-0.145
342800,1177,400.0,-7.964999999999981,353,0.8817,121.6,0.0086,-0.1413
343137,1178,700.0,-7.884999999999979,337,0.8816,121.6,0.0101,-0.1455
343499,1179,0.0,-8.709999999999978,362,0.8814,121.6,0.0078,-0.1424
343862,1180,200.0,-8.01499999999998,363,0.8813,121.5,0.0088,-0.1465
344183,1181,0.0,-7.804999999999986,321,0.8811,121.5,0.0097,-0.1435
344457,1182,300.0,-7.5699999999999905,274,0.881,121.5,0.0076,-0.1427
344739,1183,400.0,-7.609999999999987,282,0.8809,121.4,0.0097,-0.1471
345056,1184,0.0,-7.784999999999983,317,0.8807,121.4,0.0097,-0.1479
345270,1185,0.0,-7.269999999999993,214,0.8806,121.4,0.0084,-0.1435
345614,1186,600.0,-7.919999999999981,344,0.8805,121.4,0.0077,-0.1406
345910,1187,900.0,-7.679999999999986,296,0.8803,121.3,0.0096,-0.1432
346221,1188,0.0,-7.754999999999981,311,0.8802,121.3,0.0074,-0.1399
346482,1189,0.0,-8.204999999999991,261,0.8801,121.3,0.0075,-0.1467
346738,1190,0.0,-8.179999999999989,256,0.88,121.3,0.009,-0.143
347063,1191,200.0,-7.82499999999998,325,0.8798,121.2,0.0078,-0.1436
347351,1192,0.0,-8.339999999999984,288,0.8797,121.2,0.0079,-0.1428
347741,1193,400.0,-8.149999999999975,390,0.8795,121.2,0.0082,-0.1431
348055,1194,200.0,-7.769999999999987,314,0.8794,121.2,0.0071,-0.1435
348383,1195,0.0,-8.539999999999988,328,0.8792,121.1,0.0098,-0.1435
348703,1196,700.0,-8.499999999999986,320,0.8791,121.1,0.0088,-0.1477
349018,1197,200.0,-7.774999999999984,315,0.8789,121.1,0.0084,-0.1387
349216,1198,0.0,-7.889999999999996,198,0.8789,121.1,0.009,-0.15
349598,1199,200.0,-8.109999999999983,382,0.8787,121.0,0.0077,-0.145
349806,1200,0.0,-7.239999999999993,208,0.8786,121.0,0.008,-0.132
350126,1201,0.0,-7.799999999999992,320,0.8784,121.0,0.0093,-0.1478
350476,1202,400.0,-7.949999999999989,350,0.8783,121.0,0.0097,-0.1509
350823,1203,100.0,-7.934999999999983,347,0.8781,120.9,0.0073,-0.1467
351119,1204,300.0,-8.379999999999988,296,0.878,120.9,0.0101,-0.1486
351464,1205,200.0,-7.924999999999987,345,0.8778,120.9,0.0094,-0.1516
351821,1206,200.0,-7.984999999999979,357,0.8777,120.9,0.009,-0.1451
352144,1207,0.0,-7.814999999999983,323,0.8775,120.9,0.0094,-0.1407
352531,1208,200.0,-8.134999999999973,387,0.8774,120.8,0.0083,-0.1444
352860,1209,0.0,-7.844999999999983,329,0.8772,120.8,0.0097,-0.1482
353210,1210,200.0,-7.949999999999981,350,0.8771,120.8,0.0107,-0.1478
353485,1211,0.0,-7.574999999999987,275,0.8769,120.7,0.0084,-0.1429
353725,1212,0.0,-8.099999999999993,240,0.8768,120.7,0.0085,-0.1477
354063,1213,200.0,-7.889999999999989,338,0.8767,120.7,0.0099,-0.1405
354356,1214,200.0,-8.364999999999988,293,0.8765,120.7,0.0064,-0.1362
354619,1215,0.0,-7.514999999999995,263,0.8764,120.7,0.0082,-0.1439
354939,1216,0.0,-7.799999999999982,320,0.8763,120.7,0.0075,-0.1423
355255,1217,100.0,-7.779999999999983,316,0.8761,120.6,0.0091,-0.1493
355609,1218,200.0,-7.969999999999986,354,0.876,120.6,0.0097,-0.1397
355938,1219,400.0,-7.844999999999986,329,0.8758,120.6,0.0082,-0.1418
356223,1220,0.0,-7.624999999999986,285,0.8757,120.6,0.0065,-0.1428
356511,1221,0.0,-7.6399999999999855,288,0.8756,120.5,0.0077,-0.1419
356775,1222,0.0,-8.21999999999999,264,0.8755,120.5,0.0081,-0.1475
357218,1223,400.0,-8.414999999999973,443,0.8753,120.5,0.0082,-0.1441
357428,1224,0.0,-7.949999999999992,210,0.8752,120.5,0.0076,-0.1506
357656,1225,0.0,-7.339999999999991,228,0.8751,120.4,0.0092,-0.144
358105,1226,0.0,-8.444999999999974,449,0.8749,120.4,0.008,-0.1452
358363,1227,0.0,-8.189999999999987,258,0.8747,120.4,0.0087,-0.1454
358661,1228,200.0,-7.689999999999998,298,0.8746,120.4,0.0089,-0.1419
359002,1229,600.0,-7.904999999999982,341,0.8744,120.3,0.009,-0.1497
359351,1230,0.0,-7.944999999999985,349,0.8743,120.3,0.0091,-0.142
359619,1231,200.0,-8.23999999999999,268,0.8742,120.3,0.0082,-0.1463
359895,1232,100.0,-8.279999999999989,276,0.874,120.3,0.0071,-0.1421
360122,1233,0.0,-8.034999999999993,227,0.8739,120.2,0.0088,-0.1238
360618,1234,1200.0,-8.679999999999964,496,0.8737,120.2,0.0084,-0.1175
360879,1235,0.0,-7.504999999999987,261,0.8736,120.2,0.0089,-0.1113
361184,1236,300.0,-7.7249999999999845,305,0.8735,120.2,0.0082,-0.1162
361421,1237,0.0,-7.384999999999989,237,0.8734,120.1,0.0093,-0.1133
361634,1238,0.0,-7.964999999999995,213,0.8733,120.1,0.0083,-0.1208
361914,1239,200.0,-7.599999999999986,280,0.8731,120.1,0.0087,-0.1242
362253,1240,0.0,-7.89499999999998,339,0.873,120.1,0.0079,-0.1176
362475,1241,0.0,-7.309999999999992,222,0.8729,120.0,0.008,-0.1163
362883,1242,600.0,-8.239999999999975,408,0.8727,120.0,0.0077,-0.1173
363173,1243,0.0,-7.649999999999983,290,0.8726,120.0,0.0078,-0.1144
363380,1244,0.0,-7.935000000000003,207,0.8725,120.0,0.0111,-0.1191
363651,1245,0.0,-8.254999999999992,271,0.8724,120.0,0.0083,-0.1221
363884,1246,200.0,-8.064999999999994,233,0.8723,119.9,0.0075,-0.1122
364354,1247,400.0,-8.549999999999965,470,0.872,119.9,0.0076,-0.1188
364643,1248,0.0,-7.644999999999997,289,0.8719,119.9,0.0088,-0.1227
364904,1249,400.0,-7.504999999999988,261,0.8718,119.9,0.0098,-0.1273
365266,1250,0.0,-8.009999999999977,362,0.8716,119.8,0.0092,-0.1186
365681,1251,400.0,-8.27499999999998,415,0.8714,119.8,0.01,-0.1169
365959,1252,100.0,-7.589999999999987,278,0.8713,119.8,0.0092,-0.1134
366344,1253,400.0,-8.124999999999975,385,0.8711,119.7,0.0081,-0.1197
366648,1254,0.0,-8.419999999999984,304,0.871,119.7,0.0067,-0.1207
367017,1255,400.0,-8.044999999999987,369,0.8708,119.7,0.0081,-0.1177
367279,1256,100.0,-8.209999999999987,262,0.8707,119.7,0.0093,-0.1176
367572,1257,700.0,-7.664999999999986,293,0.8706,119.7,0.0087,-0.1164
367885,1258,0.0,-7.764999999999984,313,0.8705,119.6,0.009,-0.1189
368284,1259,100.0,-8.19499999999998,399,0.8703,119.6,0.0086,-0.1138
368643,1260,700.0,-7.994999999999979,359,0.8701,119.6,0.0095,-0.1197
369002,1261,200.0,-7.994999999999983,359,0.8699,119.5,0.0096,-0.1141
369397,1262,200.0,-8.174999999999986,395,0.8698,119.5,0.0085,-0.1233
369763,1263,300.0,-8.02999999999998,366,0.8696,119.5,0.0102,-0.115
370012,1264,0.0,-7.444999999999994,249,0.8695,119.5,0.008,-0.1181
370325,1265,0.0,-7.764999999999986,313,0.8694,119.4,0.0086,-0.0961
370708,1266,0.0,-8.114999999999977,383,0.8692,119.4,0.0093,-0.1118
371108,1267,200.0,-8.199999999999974,400,0.869,119.4,0.0093,-0.1116
371505,1268,0.0,-8.184999999999985,397,0.8688,119.4,0.008,-0.1027
371853,1269,100.0,-7.939999999999978,348,0.8687,119.3,0.0093,-0.1109
372129,1270,200.0,-7.579999999999988,276,0.8685,119.3,0.008,-0.1003
372452,1271,0.0,-7.8149999999999835,323,0.8684,119.3,0.0099,-0.1095
372801,1272,100.0,-7.944999999999988,349,0.8682,119.3,0.0081,-0.1052
373158,1273,400.0,-7.984999999999977,357,0.8681,119.2,0.0111,-0.106
373344,1274,0.0,-7.829999999999997,186,0.868,119.2,0.0096,-0.1071
373646,1275,100.0,-7.709999999999989,302,0.8679,119.2,0.0091,-0.1086
373921,1276,0.0,-8.27499999999999,275,0.8677,119.2,0.0098,-0.1125
374212,1277,0.0,-8.354999999999988,291,0.8676,119.2,0.008,-0.1044
374474,1278,0.0,-8.20999999999999,262,0.8675,119.2,0.0095,-0.1045
374759,1279,200.0,-7.624999999999983,285,0.8674,119.1,0.0091,-0.1051
375102,1280,400.0,-8.614999999999984,343,0.8672,119.1,0.0088,-0.109
375500,1281,400.0,-8.189999999999973,398,0.867,119.1,0.0081,-0.1043
375796,1282,200.0,-7.679999999999983,296,0.8669,119.1,0.0087,-0.1038
376227,1283,600.0,-8.354999999999979,431,0.8667,119.0,0.0095,-0.1123
376477,1284,0.0,-8.149999999999991,250,0.8666,119.0,0.0112,-0.1019
376742,1285,100.0,-8.224999999999987,265,0.8665,119.0,0.0106,-0.111
377073,1286,200.0,-7.854999999999994,331,0.8663,119.0,0.0082,-0.1063
377358,1287,0.0,-7.624999999999987,285,0.8662,119.0,0.0089,-0.1106
377638,1288,400.0,-7.599999999999987,280,0.8661,118.9,0.0112,-0.111
378038,1289,700.0,-8.199999999999976,400,0.8659,118.9,0.0087,-0.0977
378365,1290,0.0,-8.534999999999986,327,0.8657,118.9,0.0057,-0.1007
378582,1291,100.0,-7.284999999999996,217,0.8656,118.9,0.0077,-0.098
378931,1292,200.0,-7.944999999999981,349,0.8655,118.9,0.0092,-0.1068
379279,1293,100.0,-7.939999999999981,348,0.8653,118.8,0.0077,-0.102
379671,1294,500.0,-8.159999999999979,392,0.8651,118.8,0.0089,-0.1138
379968,1295,300.0,-8.384999999999987,297,0.865,118.8,0.0075,-0.1058
380436,1296,1100.0,-8.539999999999969,468,0.8648,118.7,0.009,-0.0875
380965,1297,900.0,-8.844999999999965,529,0.8646,118.7,0.008,-0.095
381246,1298,0.0,-7.604999999999993,281,0.8644,118.7,0.0088,-0.0882
381496,1299,600.0,-7.449999999999988,250,0.8643,118.7,0.0082,-0.0942
381810,1300,0.0,-7.76999999999999,314,0.8642,118.7,0.0083,-0.0968
382036,1301,0.0,-7.329999999999991,226,0.8641,118.7,0.0098,-0.0933
382318,1302,0.0,-8.309999999999988,282,0.864,118.6,0.0086,-0.096
382579,1303,0.0,-8.204999999999991,261,0.8638,118.6,0.0094,-0.0987
382854,1304,0.0,-8.27499999999999,275,0.8637,118.6,0.0094,-0.1024
383089,1305,0.0,-7.374999999999997,235,0.8636,118.6,0.0069,-0.0909
383285,1306,0.0,-7.879999999999997,196,0.8635,118.6,0.0079,-0.0875
383638,1307,900.0,-7.964999999999976,353,0.8634,118.6,0.009,-0.0928
383876,1308,100.0,-7.389999999999989,238,0.8633,118.5,0.0081,-0.0951
384111,1309,0.0,-7.374999999999996,235,0.8632,118.5,0.0113,-0.0982
384378,1310,0.0,-8.234999999999992,267,0.863,118.5,0.0084,-0.093
384736,1311,0.0,-7.98999999999998,358,0.8629,118.5,0.0092,-0.0935
385027,1312,0.0,-7.654999999999988,291,0.8627,118.5,0.0089,-0.0907
385307,1313,200.0,-7.599999999999984,280,0.8626,118.4,0.0093,-0.1008
385531,1314,0.0,-7.319999999999992,224,0.8625,118.4,0.0081,-0.0915
385885,1315,0.0,-7.969999999999983,354,0.8624,118.4,0.0109,-0.0984
386142,1316,100.0,-8.184999999999992,257,0.8622,118.4,0.0105,-0.1021
386610,1317,700.0,-8.539999999999974,468,0.862,118.4,0.0101,-0.095
386929,1318,0.0,-7.794999999999988,319,0.8619,118.3,0.0089,-0.0902
387264,1319,0.0,-8.574999999999983,335,0.8617,118.3,0.009,-0.0927
387490,1320,0.0,-7.329999999999995,226,0.8616,118.3,0.0098,-0.1015
387825,1321,500.0,-7.874999999999978,335,0.8615,118.3,0.0083,-0.0906
388208,1322,200.0,-8.11499999999998,383,0.8613,118.2,0.0073,-0.0988
388436,1323,200.0,-8.039999999999994,228,0.8612,118.2,0.0101,-0.0942
388678,1324,0.0,-8.109999999999992,242,0.8611,118.2,0.0093,-0.0963
389095,1325,600.0,-8.284999999999975,417,0.8609,118.2,0.0086,-0.0885
389298,1326,0.0,-7.9149999999999965,203,0.8608,118.2,0.0087,-0.1007
389612,1327,200.0,-7.769999999999984,314,0.8607,118.2,0.0082,-0.085
389901,1328,100.0,-7.644999999999985,289,0.8605,118.1,0.009,-0.093
390196,1329,200.0,-7.674999999999986,295,0.8604,118.1,0.0093,-0.0694
390527,1330,100.0,-8.554999999999993,331,0.8603,118.1,0.0087,-0.0639
390951,1331,500.0,-8.319999999999983,424,0.8601,118.1,0.0107,-0.0698
391232,1332,0.0,-7.604999999999987,281,0.8599,118.0,0.0101,-0.0664
391540,1333,0.0,-7.739999999999984,308,0.8598,118.0,0.0086,-0.067
391866,1334,200.0,-7.829999999999988,326,0.8597,118.0,0.0092,-0.0637
392126,1335,0.0,-7.49999999999999,260,0.8595,118.0,0.0064,-0.0615
392449,1336,200.0,-7.814999999999983,323,0.8594,118.0,0.0078,-0.0631
392761,1337,0.0,-7.759999999999983,312,0.8593,117.9,0.0096,-0.0667
393007,1338,0.0,-7.429999999999987,246,0.8591,117.9,0.0078,-0.0645
393243,1339,200.0,-7.37999999999999,236,0.859,117.9,0.0105,-0.0638
393671,1340,0.0,-9.039999999999981,428,0.8588,117.9,0.0085,-0.0597
394000,1341,100.0,-7.84499999999999,329,0.8587,117.9,0.0088,-0.0706
394378,1342,100.0,-8.089999999999979,378,0.8585,117.8,0.0095,-0.0652
394633,1343,200.0,-8.174999999999994,255,0.8584,117.8,0.0089,-0.0678
394999,1344,400.0,-8.029999999999983,366,0.8583,117.8,0.01,-0.06
395346,1345,0.0,-7.934999999999989,347,0.8581,117.8,0.0092,-0.0685
395700,1346,100.0,-7.969999999999976,354,0.8579,117.8,0.0087,-0.0604
396040,1347,0.0,-8.599999999999987,340,0.8578,117.7,0.0094,-0.0646
396381,1348,100.0,-7.904999999999982,341,0.8576,117.7,0.0105,-0.07
396682,1349,0.0,-7.704999999999986,301,0.8575,117.7,0.0097,-0.0636
397102,1350,200.0,-8.299999999999972,420,0.8573,117.7,0.0084,-0.0639
397414,1351,0.0,-7.759999999999984,312,0.8572,117.7,0.0096,-0.0666
397687,1352,0.0,-7.564999999999987,273,0.857,117.6,0.0094,-0.0697
397960,1353,300.0,-7.564999999999987,273,0.8569,117.6,0.0095,-0.0595
398362,1354,1000.0,-8.209999999999976,402,0.8567,117.6,0.0089,-0.0609
398679,1355,0.0,-7.784999999999991,317,0.8566,117.6,0.0102,-0.065
399116,1356,400.0,-8.384999999999975,437,0.8564,117.6,0.0098,-0.0656
399470,1357,0.0,-7.969999999999977,354,0.8562,117.5,0.0087,-0.0624
399712,1358,200.0,-7.4099999999999895,242,0.8561,117.5,0.0091,-0.06
400039,1359,0.0,-7.83499999999998,327,0.856,113.5,0.0085,-0.0679
400461,1360,400.0,-8.309999999999974,422,0.8558,113.5,0.0085,-0.046
400762,1361,0.0,-7.704999999999987,301,0.8557,113.5,0.0097,-0.0535
401066,1362,0.0,-7.719999999999989,304,0.8555,113.5,0.0113,-0.0482
401582,1363,300.0,-8.779999999999973,516,0.8553,113.4,0.0092,-0.0481
401825,1364,100.0,-7.414999999999995,243,0.8552,113.4,0.0075,-0.0546
402105,1365,0.0,-7.599999999999986,280,0.8551,113.4,0.0102,-0.0524
402442,1366,200.0,-7.884999999999982,337,0.8549,113.4,0.0074,-0.0447
402728,1367,0.0,-7.629999999999986,286,0.8548,113.4,0.0088,-0.045
402980,1368,0.0,-7.459999999999995,252,0.8547,113.4,0.0101,-0.0391
403414,1369,300.0,-8.369999999999969,434,0.8545,113.3,0.0102,-0.047
403965,1370,1300.0,-8.954999999999963,551,0.8542,113.3,0.0076,-0.0446
404280,1371,100.0,-7.774999999999981,315,0.8541,113.3,0.0093,-0.0448
404528,1372,200.0,-8.14,248,0.854,113.3,0.0111,-0.0519
404806,1373,0.0,-7.589999999999991,278,0.8538,113.3,0.0093,-0.0483
405170,1374,800.0,-8.019999999999985,364,0.8537,113.3,0.0081,-0.0508
405447,1375,0.0,-8.28499999999999,277,0.8535,113.3,0.0103,-0.0498
405806,1376,0.0,-7.99499999999998,359,0.8534,113.3,0.0106,-0.0479
406048,1377,0.0,-7.409999999999988,242,0.8533,113.2,0.0081,-0.0471
406284,1378,200.0,-7.379999999999991,236,0.8532,113.2,0.0076,-0.042
406637,1379,0.0,-7.964999999999979,353,0.853,113.2,0.0067,-0.0474
406823,1380,0.0,-7.129999999999995,186,0.8529,113.2,0.0086,-0.0541
407155,1381,400.0,-7.859999999999998,332,0.8528,113.2,0.0069,-0.0477
407554,1382,100.0,-8.194999999999979,399,0.8526,113.2,0.0111,-0.0436
407894,1383,300.0,-7.899999999999982,340,0.8524,113.1,0.0085,-0.0502
408140,1384,0.0,-7.429999999999987,246,0.8523,113.1,0.008,-0.0473
408408,1385,100.0,-7.539999999999988,268,0.8522,113.1,0.0091,-0.0475
408870,1386,200.0,-8.509999999999964,462,0.852,113.1,0.0088,-0.0444
409123,1387,0.0,-8.164999999999988,253,0.8519,113.1,0.0096,-0.0468
409362,1388,0.0,-7.39499999999999,239,0.8518,113.1,0.011,-0.0518
409813,1389,200.0,-8.454999999999972,451,0.8516,113.1,0.0099,-0.0459
410102,1390,100.0,-7.644999999999987,289,0.8515,113.0,0.009,-0.0393
410397,1391,200.0,-7.674999999999983,295,0.8513,113.0,0.0094,-0.0223
410688,1392,0.0,-8.354999999999992,291,0.8512,113.0,0.0092,-0.0144
411016,1393,200.0,-8.539999999999985,328,0.851,113.0,0.0089,-0.0164
411226,1394,0.0,-7.249999999999993,210,0.8509,113.0,0.0107,-0.0193
411552,1395,300.0,-7.829999999999986,326,0.8508,113.0,0.0098,-0.0189
411846,1396,100.0,-7.669999999999991,294,0.8507,113.0,0.0095,-0.0199
412143,1397,200.0,-7.6849999999999845,297,0.8505,113.0,0.0116,-0.0185
412472,1398,0.0,-7.8449999999999855,329,0.8504,113.0,0.0096,-0.0167
412881,1399,600.0,-8.24499999999998,409,0.8502,112.9,0.0092,-0.0196
413335,1400,500.0,-8.46999999999997,454,0.85,112.9,0.0096,-0.0143
413562,1401,0.0,-7.334999999999991,227,0.8499,112.9,0.0113,-0.0268
413912,1402,600.0,-7.949999999999977,350,0.8497,112.9,0.0101,-0.0203
414136,1403,0.0,-8.019999999999989,224,0.8496,112.9,0.0105,-0.0199
414511,1404,200.0,-8.074999999999985,375,0.8495,112.9,0.0088,-0.0192
414797,1405,200.0,-8.329999999999988,286,0.8493,112.9,0.0083,-0.0143
415053,1406,0.0,-7.479999999999988,256,0.8492,112.9,0.008,-0.0207
415356,1407,400.0,-7.714999999999985,303,0.8491,112.9,0.009,-0.0236
415847,1408,200.0,-7.754999999999981,491,0.8489,112.8,0.0087,-0.0187
416276,1409,400.0,-8.34499999999997,429,0.8487,112.8,0.0091,-0.0216
416594,1410,200.0,-7.789999999999987,318,0.8485,112.8,0.0101,-0.0289
416820,1411,0.0,-8.029999999999994,226,0.8484,112.8,0.0085,-0.0195
417074,1412,0.0,-7.469999999999989,254,0.8483,112.8,0.0106,-0.0212
417413,1413,400.0,-7.89499999999998,339,0.8482,112.8,0.0078,-0.0219
417726,1414,0.0,-7.764999999999987,313,0.848,112.8,0.0087,-0.0173
417942,1415,0.0,-7.979999999999996,216,0.8479,112.8,0.0073,-0.0071
418274,1416,300.0,-7.859999999999979,332,0.8478,112.8,0.0089,-0.0179
418514,1417,0.0,-8.099999999999994,240,0.8477,112.8,0.0108,-0.0137
418716,1418,0.0,-7.909999999999996,202,0.8476,112.7,0.0088,-0.0143
418907,1419,0.0,-7.154999999999994,191,0.8475,112.7,0.0076,-0.0197
419204,1420,100.0,-7.684999999999991,297,0.8474,112.7,0.011,-0.0127
419581,1421,100.0,-8.084999999999988,377,0.8472,112.7,0.0104,-0.0167
419885,1422,200.0,-7.719999999999985,304,0.8471,112.7,0.0084,-0.0159
420269,1423,200.0,-8.119999999999974,384,0.8469,112.7,0.0085,-0.003
420633,1424,300.0,-8.019999999999989,364,0.8467,112.7,0.0097,-0.0069
420964,1425,0.0,-7.854999999999994,331,0.8466,112.7,0.0101,-0.0069
421278,1426,400.0,-7.769999999999983,314,0.8464,112.6,0.008,-0.0023
421802,1427,300.0,-8.819999999999979,524,0.8462,112.6,0.0095,-0.0043
422104,1428,200.0,-7.709999999999991,302,0.8461,112.6,0.0099,-0.0181
422445,1429,100.0,-7.904999999999981,341,0.8459,112.6,0.0106,-0.0062
422729,1430,200.0,-8.319999999999997,284,0.8458,112.6,0.0087,-0.0102
423009,1431,100.0,-7.599999999999984,280,0.8456,112.6,0.0091,-0.0019
423268,1432,0.0,-8.19499999999999,259,0.8455,112.6,0.009,-0.0035
423560,1433,400.0,-7.659999999999985,292,0.8454,112.5,0.0085,-0.005
423797,1434,0.0,-7.384999999999987,237,0.8453,112.5,0.0088,-0.0034
424182,1435,400.0,-8.124999999999982,385,0.8451,112.5,0.0109,-0.002
424568,1436,600.0,-8.129999999999974,386,0.8449,112.5,0.0086,-0.0061
424878,1437,300.0,-7.749999999999984,310,0.8448,112.5,0.0098,-0.0082
425158,1438,0.0,-7.599999999999992,280,0.8447,112.5,0.0076,-0.0062
425398,1439,0.0,-7.39999999999999,240,0.8446,112.4,0.0104,-0.0056
425738,1440,400.0,-7.899999999999983,340,0.8444,112.4,0.01,-0.0054
425948,1441,0.0,-7.249999999999992,210,0.8443,112.4,0.0074,-0.009
426207,1442,200.0,-7.494999999999987,259,0.8442,112.4,0.0096,-0.0082
426414,1443,0.0,-7.234999999999995,207,0.8441,112.4,0.0081,-0.0021
426724,1444,0.0,-7.749999999999983,310,0.844,112.4,0.0111,0.0008
426979,1445,0.0,-7.474999999999989,255,0.8439,112.4,0.0084,-0.0068
427236,1446,0.0,-7.48499999999999,257,0.8437,112.4,0.0102,-0.0043
427427,1447,0.0,-7.154999999999997,191,0.8437,112.3,0.0085,-0.0019
427899,1448,500.0,-8.559999999999976,472,0.8434,112.3,0.0114,-0.0067
428180,1449,0.0,-7.604999999999984,281,0.8433,112.3,0.0117,-0.0075
428521,1450,200.0,-7.904999999999982,341,0.8432,112.3,0.0087,0.0003
428872,1451,200.0,-7.954999999999984,351,0.843,112.3,0.0092,0.0052
429185,1452,0.0,-7.764999999999986,313,0.8429,112.3,0.009,-0.0015
429587,1453,600.0,-8.20999999999998,402,0.8427,112.3,0.0095,0.0016
429874,1454,200.0,-7.6349999999999865,287,0.8426,112.3,0.0091,0.0057
430201,1455,0.0,-7.834999999999986,327,0.8424,112.3,0.0081,0.0125
430549,1456,400.0,-7.939999999999991,348,0.8423,112.2,0.0099,0.0185
430802,1457,0.0,-7.4649999999999945,253,0.8421,112.2,0.0095,0.016
431157,1458,400.0,-7.974999999999981,355,0.842,112.2,0.0098,0.0124
431441,1459,0.0,-7.619999999999991,284,0.8419,112.2,0.0095,0.021
431631,1460,0.0,-7.849999999999997,190,0.8418,112.2,0.0079,0.0172
431865,1461,200.0,-7.369999999999991,234,0.8417,112.2,0.0074,0.0171
432209,1462,200.0,-7.91999999999998,344,0.8415,112.2,0.0101,0.0154
432480,1463,200.0,-7.554999999999998,271,0.8414,112.2,0.0111,0.0135
432742,1464,200.0,-7.509999999999988,262,0.8413,112.2,0.0091,0.0125
432955,1465,0.0,-7.964999999999995,213,0.8412,112.2,0.0118,0.0107
433239,1466,0.0,-7.61999999999999,284,0.841,112.2,0.0099,0.0163
433431,1467,0.0,-7.159999999999993,192,0.841,112.1,0.0085,0.0136
433734,1468,100.0,-7.714999999999985,303,0.8408,112.1,0.01,0.0184
434108,1469,0.0,-8.069999999999984,374,0.8407,112.1,0.0093,0.0183
434411,1470,400.0,-7.714999999999994,303,0.8405,112.1,0.0108,0.0121
434649,1471,0.0,-8.09,238,0.8404,112.1,0.0065,0.0181
434878,1472,0.0,-8.044999999999995,229,0.8403,112.1,0.01,0.0212
435098,1473,0.0,-7.999999999999991,220,0.8402,112.1,0.0101,0.0082
435419,1474,300.0,-7.80499999999998,321,0.8401,112.1,0.0086,0.0153
435863,1475,0.0,-8.41999999999997,444,0.8399,112.1,0.0094,0.0206
436156,1476,200.0,-8.364999999999995,293,0.8397,112.1,0.0099,0.0175
436478,1477,200.0,-7.809999999999984,322,0.8396,112.0,0.0095,0.0222
436801,1478,0.0,-7.814999999999988,323,0.8394,112.0,0.0104,0.0079
437138,1479,200.0,-7.884999999999979,337,0.8393,112.0,0.0087,0.0126
437340,1480,0.0,-7.209999999999994,202,0.8392,112.0,0.0083,0.0123
437677,1481,300.0,-7.88499999999998,337,0.839,112.0,0.0107,0.0105
438020,1482,0.0,-7.914999999999979,343,0.8389,112.0,0.0093,0.0212
438403,1483,1000.0,-8.114999999999974,383,0.8387,112.0,0.0092,0.0149
438665,1484,0.0,-8.20999999999999,262,0.8386,111.9,0.0099,0.0166
438892,1485,0.0,-7.334999999999991,227,0.8385,111.9,0.0092,0.0143
439129,1486,200.0,-8.084999999999994,237,0.8384,111.9,0.0086,0.0074
439468,1487,400.0,-7.894999999999978,339,0.8382,111.9,0.0092,0.0188
439734,1488,0.0,-7.529999999999989,266,0.8381,111.9,0.0108,0.0153
440019,1489,0.0,-7.624999999999985,285,0.838,111.9,0.0107,0.024
440313,1490,300.0,-7.669999999999987,294,0.8379,111.9,0.0084,0.0484
440693,1491,600.0,-8.099999999999985,380,0.8377,111.9,0.0097,0.0397
440891,1492,0.0,-7.189999999999995,198,0.8376,111.9,0.0094,0.0388
441133,1493,200.0,-7.40999999999999,242,0.8375,111.9,0.0086,0.0428
441426,1494,400.0,-7.6649999999999885,293,0.8374,111.8,0.0104,0.0477
441804,1495,100.0,-8.089999999999975,378,0.8372,111.8,0.0103,0.0323
442160,1496,300.0,-7.979999999999976,356,0.837,111.8,0.0105,0.0395
442404,1497,0.0,-8.119999999999987,244,0.8369,111.8,0.0095,0.0369
442646,1498,0.0,-7.409999999999995,242,0.8368,111.8,0.0114,0.039
443075,1499,200.0,-8.34499999999997,429,0.8366,111.8,0.0109,0.0471
443376,1500,300.0,-7.704999999999985,301,0.8365,111.8,0.0103,0.0428
443722,1501,300.0,-7.929999999999982,346,0.8363,111.7,0.0105,0.04
443984,1502,0.0,-7.5099999999999865,262,0.8362,111.7,0.0093,0.0456
444277,1503,0.0,-7.664999999999989,293,0.8361,111.7,0.012,0.0415
444600,1504,200.0,-7.814999999999987,323,0.8359,111.7,0.0095,0.0409
444868,1505,0.0,-7.5399999999999885,268,0.8358,111.7,0.0089,0.045
445172,1506,0.0,-7.719999999999984,304,0.8357,111.7,0.0087,0.0413
445453,1507,0.0,-7.604999999999987,281,0.8355,111.7,0.0111,0.0467
445747,1508,0.0,-7.669999999999985,294,0.8354,111.7,0.0111,0.0423
446011,1509,0.0,-7.519999999999988,264,0.8353,111.6,0.0088,0.0427
446315,1510,300.0,-7.719999999999985,304,0.8352,111.6,0.0098,0.0402
446557,1511,0.0,-7.409999999999997,242,0.835,111.6,0.0101,0.0427
446807,1512,0.0,-7.4499999999999895,250,0.8349,111.6,0.0074,0.0392
447035,1513,0.0,-7.339999999999989,228,0.8348,111.6,0.0084,0.0419
447307,1514,0.0,-7.5599999999999845,272,0.8347,111.6,0.0097,0.0429
447709,1515,800.0,-8.209999999999997,402,0.8345,111.6,0.0099,0.0387
448101,1516,0.0,-8.159999999999972,392,0.8344,111.6,0.0109,0.0389
448329,1517,0.0,-8.039999999999996,228,0.8343,111.5,0.0099,0.0377
448621,1518,200.0,-7.659999999999985,292,0.8341,111.5,0.0106,0.0408
448972,1519,200.0,-7.9549999999999805,351,0.834,111.5,0.0092,0.0406
449382,1520,300.0,-8.249999999999972,410,0.8338,111.5,0.0101,0.0415
449716,1521,200.0,-7.869999999999984,334,0.8336,111.5,0.0104,0.0366
450104,1522,600.0,-8.139999999999976,388,0.8335,111.5,0.0105,0.0509
450323,1523,200.0,-7.994999999999995,219,0.8334,111.5,0.0074,0.0547
450640,1524,800.0,-7.784999999999982,317,0.8332,111.4,0.0108,0.0577
451059,1525,100.0,-8.29499999999998,419,0.833,111.4,0.0114,0.0553
451359,1526,100.0,-7.6999999999999815,300,0.8329,111.4,0.0078,0.0524
451595,1527,0.0,-7.379999999999992,236,0.8328,111.4,0.0129,0.0529
451802,1528,0.0,-7.934999999999996,207,0.8327,111.4,0.0086,0.0556
452174,1529,0.0,-8.05999999999998,372,0.8325,111.4,0.0109,0.0656
452491,1530,0.0,-7.784999999999979,317,0.8324,111.4,0.0091,0.0617
452933,1531,0.0,-8.409999999999972,442,0.8322,111.3,0.0094,0.0619
453391,1532,900.0,-8.489999999999974,458,0.832,111.3,0.0101,0.0518
453734,1533,200.0,-7.914999999999988,343,0.8318,111.3,0.0101,0.0574
453976,1534,0.0,-7.40999999999999,242,0.8317,111.3,0.0108,0.0524
454304,1535,800.0,-7.839999999999991,328,0.8316,111.3,0.0078,0.0631
454583,1536,300.0,-8.29499999999999,279,0.8314,111.3,0.0116,0.0611
454928,1537,100.0,-7.924999999999984,345,0.8313,111.3,0.0104,0.0576
455300,1538,100.0,-8.059999999999985,372,0.8311,111.2,0.0103,0.0554
455655,1539,200.0,-7.9749999999999766,355,0.831,111.2,0.0089,0.061
455912,1540,0.0,-7.484999999999992,257,0.8308,111.2,0.0091,0.0553
456427,1541,700.0,-8.774999999999972,515,0.8306,111.2,0.0108,0.0615
456769,1542,200.0,-7.909999999999984,342,0.8305,111.2,0.0093,0.0543
457126,1543,200.0,-7.984999999999977,357,0.8303,111.2,0.0086,0.0515
457356,1544,0.0,-7.349999999999991,230,0.8302,111.2,0.0102,0.0624
457759,1545,500.0,-8.214999999999982,403,0.83,111.2,0.0101,0.0664
458052,1546,0.0,-7.664999999999984,293,0.8299,111.1,0.0099,0.0525
458300,1547,0.0,-8.139999999999993,248,0.8298,111.1,0.0086,0.0594
458641,1548,0.0,-7.904999999999979,341,0.8296,111.1,0.009,0.0575
458979,1549,0.0,-7.889999999999993,338,0.8295,111.1,0.0102,0.0521
459352,1550,0.0,-8.064999999999978,373,0.8293,111.1,0.0086,0.0574
459601,1551,100.0,-7.444999999999988,249,0.8292,111.1,0.0097,0.0541
459953,1552,100.0,-7.959999999999979,352,0.829,111.1,0.0087,0.0606
460290,1553,200.0,-7.884999999999986,337,0.8289,111.1,0.0097,0.0651
460597,1554,200.0,-7.734999999999984,307,0.8287,111.1,0.0103,0.0652
460912,1555,100.0,-7.774999999999981,315,0.8286,111.1,0.0084,0.0701
461372,1556,200.0,-8.499999999999982,460,0.8284,111.0,0.0104,0.06
461752,1557,300.0,-8.099999999999973,380,0.8282,111.0,0.0114,0.0639
462082,1558,200.0,-7.849999999999983,330,0.8281,111.0,0.0089,0.0643
462306,1559,0.0,-8.019999999999989,224,0.828,111.0,0.0076,0.0721
462564,1560,0.0,-7.4899999999999975,258,0.8278,111.0,0.0087,0.0736
462846,1561,0.0,-7.6099999999999834,282,0.8277,111.0,0.0084,0.0645
463110,1562,100.0,-7.519999999999988,264,0.8276,111.0,0.0097,0.0707
463451,1563,0.0,-7.9049999999999825,341,0.8274,111.0,0.0094,0.0639
463681,1564,0.0,-7.349999999999991,230,0.8273,110.9,0.0095,0.0618
463906,1565,0.0,-7.325,225,0.8272,110.9,0.0101,0.066
464256,1566,0.0,-7.949999999999986,350,0.8271,110.9,0.0083,0.0627
464560,1567,0.0,-7.719999999999984,304,0.8269,110.9,0.0097,0.0647
464853,1568,0.0,-7.664999999999986,293,0.8268,110.9,0.01,0.064
465105,1569,0.0,-8.159999999999993,252,0.8267,110.9,0.0094,0.0669
465353,1570,0.0,-7.439999999999994,248,0.8266,110.9,0.0083,0.0663
465603,1571,0.0,-7.449999999999997,250,0.8265,110.9,0.0094,0.0641
465916,1572,300.0,-7.764999999999985,313,0.8263,110.8,0.0089,0.0673
466157,1573,0.0,-7.404999999999998,241,0.8262,110.8,0.0099,0.0673
466567,1574,500.0,-8.249999999999973,410,0.826,110.8,0.009,0.0669
466908,1575,200.0,-7.904999999999987,341,0.8259,110.8,0.0108,0.0724
467180,1576,200.0,-7.559999999999986,272,0.8258,110.8,0.008,0.0669
467443,1577,200.0,-7.514999999999987,263,0.8257,110.8,0.0118,0.0637
467744,1578,400.0,-7.704999999999983,301,0.8255,110.8,0.0087,0.0672
467993,1579,0.0,-7.44499999999999,249,0.8254,110.8,0.0105,0.0666
468339,1580,0.0,-7.929999999999991,346,0.8252,110.8,0.0081,0.0623
468642,1581,0.0,-7.714999999999985,303,0.8251,110.7,0.0094,0.0595
468998,1582,200.0,-7.9799999999999764,356,0.825,110.7,0.0115,0.0699
469429,1583,600.0,-8.354999999999972,431,0.8248,110.7,0.0099,0.0707
469648,1584,0.0,-7.294999999999994,219,0.8247,110.7,0.0089,0.0638
469930,1585,0.0,-7.609999999999985,282,0.8245,110.7,0.013,0.0597
470308,1586,0.0,-8.08999999999999,378,0.8244,110.7,0.0096,0.0743
470655,1587,0.0,-7.934999999999992,347,0.8242,110.7,0.0103,0.07
470928,1588,200.0,-7.564999999999988,273,0.8241,110.7,0.0115,0.07
471180,1589,0.0,-8.159999999999988,252,0.824,110.7,0.0098,0.0741
471648,1590,0.0,-8.539999999999974,468,0.8238,110.7,0.01,0.0689
471948,1591,200.0,-7.699999999999986,300,0.8236,110.6,0.0105,0.0742
472278,1592,0.0,-7.849999999999993,330,0.8235,110.6,0.0105,0.072
472521,1593,0.0,-7.4149999999999885,243,0.8234,110.6,0.0075,0.066
472776,1594,0.0,-7.474999999999987,255,0.8233,110.6,0.0093,0.0699
472978,1595,0.0,-7.910000000000003,202,0.8232,110.6,0.0078,0.074
473226,1596,200.0,-7.439999999999989,248,0.823,110.6,0.0091,0.0728
473641,1597,300.0,-8.274999999999977,415,0.8229,110.6,0.011,0.0731
473885,1598,0.0,-7.419999999999989,244,0.8228,110.6,0.0096,0.0664
474193,1599,0.0,-7.739999999999994,308,0.8226,110.6,0.012,0.0639
474465,1600,100.0,-7.559999999999987,272,0.8225,110.6,0.0094,0.0855
474680,1601,200.0,-7.274999999999992,215,0.8224,110.6,0.0112,0.0786
475021,1602,0.0,-7.9049999999999825,341,0.8222,110.6,0.0103,0.0755
475309,1603,0.0,-8.339999999999987,288,0.8221,110.6,0.0094,0.07
475586,1604,200.0,-8.28499999999999,277,0.822,110.5,0.0114,0.0731
475871,1605,0.0,-8.324999999999989,285,0.8219,110.5,0.0097,0.0707
476155,1606,100.0,-7.619999999999982,284,0.8217,110.5,0.0104,0.0668
476460,1607,200.0,-7.7249999999999845,305,0.8216,110.5,0.0093,0.0671
476660,1608,0.0,-7.900000000000003,200,0.8215,110.5,0.0089,0.072
476983,1609,0.0,-7.8149999999999835,323,0.8214,110.5,0.0087,0.0755
477294,1610,300.0,-7.7549999999999875,311,0.8212,110.5,0.0096,0.0665
477566,1611,700.0,-7.559999999999988,272,0.8211,110.5,0.0107,0.0754
477995,1612,200.0,-8.344999999999981,429,0.8209,110.4,0.0087,0.0762
478282,1613,0.0,-7.634999999999987,287,0.8208,110.4,0.0092,0.0768
478604,1614,0.0,-7.809999999999988,322,0.8206,110.4,0.0075,0.0688
478924,1615,0.0,-7.799999999999983,320,0.8205,110.4,0.0095,0.0755
479350,1616,800.0,-8.329999999999984,426,0.8203,110.4,0.011,0.0649
479795,1617,400.0,-8.42499999999998,445,0.8201,110.4,0.01,0.0693
480093,1618,0.0,-7.689999999999985,298,0.82,110.4,0.0085,0.0733
480386,1619,400.0,-7.664999999999986,293,0.8198,110.3,0.0082,0.0929
480629,1620,0.0,-7.414999999999989,243,0.8197,110.3,0.0084,0.0941
480928,1621,0.0,-7.694999999999984,299,0.8196,110.3,0.0118,0.0908
481305,1622,500.0,-8.084999999999976,377,0.8194,110.3,0.0095,0.085
481641,1623,500.0,-7.879999999999982,336,0.8193,110.3,0.0113,0.0837
481919,1624,100.0,-7.589999999999987,278,0.8191,110.3,0.0107,0.0871
482289,1625,300.0,-8.049999999999978,370,0.819,110.3,0.0096,0.0942
482663,1626,900.0,-8.069999999999993,374,0.8188,110.3,0.0088,0.0926
482997,1627,0.0,-7.869999999999984,334,0.8187,110.2,0.0112,0.0849
483452,1628,400.0,-7.5749999999999815,455,0.8184,110.2,0.0086,0.0903
483844,1629,500.0,-8.15999999999998,392,0.8183,110.2,0.0094,0.0899
484071,1630,0.0,-7.334999999999991,227,0.8182,110.2,0.0094,0.088
484519,1631,200.0,-8.439999999999973,448,0.818,110.2,0.0107,0.0911
484841,1632,200.0,-7.8099999999999845,322,0.8178,110.2,0.0124,0.0844
485139,1633,400.0,-7.689999999999984,298,0.8177,110.2,0.0086,0.0905
485391,1634,0.0,-7.459999999999997,252,0.8176,110.2,0.0094,0.0869
485715,1635,100.0,-7.8199999999999825,324,0.8174,110.2,0.0088,0.0879
486090,1636,100.0,-8.074999999999974,375,0.8173,110.1,0.0085,0.0914
486360,1637,0.0,-7.5499999999999865,270,0.8171,110.1,0.0098,0.0879
486586,1638,0.0,-7.329999999999995,226,0.817,110.1,0.0075,0.0873
486895,1639,0.0,-7.744999999999992,309,0.8169,110.1,0.0116,0.0882
487196,1640,0.0,-7.704999999999988,301,0.8168,110.1,0.0092,0.0887
487464,1641,0.0,-7.5399999999999885,268,0.8166,110.1,0.0092,0.0862
487890,1642,200.0,-8.329999999999975,426,0.8164,110.1,0.0091,0.0926
488196,1643,0.0,-7.7299999999999836,306,0.8163,110.1,0.0124,0.0895
488735,1644,0.0,-7.9949999999999655,539,0.8161,110.1,0.0102,0.0939
489092,1645,100.0,-7.984999999999983,357,0.8159,110.0,0.0105,0.0835
489375,1646,0.0,-7.614999999999986,283,0.8158,110.0,0.0091,0.0917
489700,1647,100.0,-7.824999999999999,325,0.8156,110.0,0.0102,0.0868
489995,1648,0.0,-7.6749999999999865,295,0.8155,110.0,0.0083,0.0933
490354,1649,0.0,-7.994999999999987,359,0.8153,110.0,0.0082,0.105
490767,1650,200.0,-8.264999999999974,413,0.8152,110.0,0.0086,0.1071
491073,1651,200.0,-7.729999999999984,306,0.815,110.0,0.0106,0.1095
491356,1652,0.0,-8.314999999999989,283,0.8149,109.9,0.0106,0.1089
491591,1653,0.0,-7.374999999999993,235,0.8148,109.9,0.0097,0.1044
491959,1654,100.0,-8.039999999999978,368,0.8146,109.9,0.0101,0.1015
492260,1655,0.0,-7.704999999999983,301,0.8145,109.9,0.0099,0.1042
492475,1656,0.0,-7.974999999999995,215,0.8144,109.9,0.01,0.1139
492794,1657,100.0,-7.794999999999988,319,0.8142,109.9,0.0092,0.1042
493252,1658,1000.0,-8.489999999999966,458,0.814,109.9,0.0099,0.1106
493474,1659,0.0,-8.009999999999994,222,0.8139,109.9,0.0091,0.1046
493813,1660,300.0,-7.894999999999981,339,0.8138,109.8,0.0107,0.1056
494064,1661,0.0,-7.454999999999987,251,0.8137,109.8,0.011,0.1026
494429,1662,100.0,-8.024999999999977,365,0.8135,109.8,0.0104,0.1068
494722,1663,0.0,-7.664999999999987,293,0.8134,109.8,0.0095,0.1042
494964,1664,0.0,-7.409999999999989,242,0.8133,109.8,0.0103,0.1057
495259,1665,0.0,-7.674999999999986,295,0.8131,109.8,0.0097,0.1073
495640,1666,400.0,-8.104999999999976,381,0.813,109.8,0.0092,0.0993
495948,1667,0.0,-7.739999999999988,308,0.8128,109.8,0.0089,0.1077
496190,1668,300.0,-8.109999999999989,242,0.8127,109.8,0.0102,0.1029
496468,1669,0.0,-7.589999999999987,278,0.8126,109.8,0.0115,0.1072
496795,1670,0.0,-7.83499999999998,327,0.8124,109.7,0.0078,0.1071
497026,1671,0.0,-7.35499999999999,231,0.8123,109.7,0.0073,0.1088
497271,1672,100.0,-8.124999999999993,245,0.8122,109.7,0.0084,0.1041
497644,1673,300.0,-8.06499999999998,373,0.8121,109.7,0.0104,0.108
498113,1674,0.0,-8.544999999999973,469,0.8118,109.7,0.0114,0.1023
498382,1675,0.0,-7.544999999999988,269,0.8117,109.7,0.0097,0.103
498621,1676,100.0,-7.394999999999991,239,0.8116,109.7,0.0087,0.1155
498842,1677,0.0,-8.005,221,0.8115,109.7,0.009,0.1016
499272,1678,400.0,-8.34999999999998,430,0.8113,109.7,0.0089,0.1069
499654,1679,600.0,-8.10999999999998,382,0.8112,109.6,0.0097,0.1049
500073,1680,0.0,-8.294999999999977,419,0.811,107.8,0.0109,0.1132
500373,1681,0.0,-7.699999999999986,300,0.8108,107.8,0.0089,0.1176
500619,1682,0.0,-7.429999999999989,246,0.8107,107.8,0.0085,0.1088
500892,1683,300.0,-7.564999999999988,273,0.8106,107.8,0.0121,0.1102
501274,1684,100.0,-8.109999999999975,382,0.8104,107.8,0.0099,0.1119
501595,1685,0.0,-7.804999999999984,321,0.8103,107.8,0.01,0.1077
502047,1686,800.0,-8.459999999999972,452,0.8101,107.8,0.0108,0.1076
502542,1687,200.0,-8.674999999999969,495,0.8099,107.8,0.0097,0.1086
502782,1688,0.0,-7.399999999999988,240,0.8097,107.7,0.0113,0.1048
503070,1689,100.0,-7.639999999999993,288,0.8096,107.7,0.0097,0.1065
503348,1690,0.0,-7.589999999999987,278,0.8095,107.7,0.011,0.1096
503563,1691,0.0,-7.974999999999995,215,0.8094,107.7,0.0087,0.1068
503917,1692,100.0,-7.96999999999998,354,0.8092,107.7,0.0092,0.1065
504354,1693,500.0,-8.38499999999998,437,0.809,107.7,0.0106,0.1123
504628,1694,100.0,-7.569999999999984,274,0.8089,107.7,0.0095,0.1061
504985,1695,600.0,-7.984999999999979,357,0.8088,107.7,0.0087,0.1156
505518,1696,400.0,-8.864999999999965,533,0.8085,107.7,0.0083,0.1164
505854,1697,200.0,-7.879999999999985,336,0.8084,107.6,0.0094,0.1064
506303,1698,800.0,-8.444999999999972,449,0.8082,107.6,0.0114,0.1097
506511,1699,0.0,-7.239999999999992,208,0.8081,107.6,0.0111,0.1186
506844,1700,200.0,-7.864999999999984,333,0.8079,107.6,0.0084,0.1132
507231,1701,800.0,-8.13499999999998,387,0.8077,107.6,0.0086,0.1125
507613,1702,400.0,-8.109999999999978,382,0.8076,107.6,0.0102,0.1144
507899,1703,100.0,-7.6299999999999875,286,0.8074,107.6,0.0103,0.109
508344,1704,400.0,-8.424999999999983,445,0.8072,107.6,0.0111,0.1056
508657,1705,100.0,-7.764999999999984,313,0.8071,107.6,0.0082,0.1166
509133,1706,400.0,-8.57999999999998,476,0.8069,107.6,0.0109,0.1092
509558,1707,200.0,-7.424999999999971,425,0.8067,107.6,0.0114,0.1052
509828,1708,0.0,-7.549999999999987,270,0.8066,107.5,0.008,0.1122
510083,1709,0.0,-7.474999999999993,255,0.8065,107.5,0.0095,0.1241
510379,1710,100.0,-7.6799999999999855,296,0.8063,107.5,0.0105,0.1459
510566,1711,0.0,-7.1349999999999945,187,0.8062,107.5,0.0103,0.1411
510908,1712,0.0,-7.9099999999999815,342,0.8061,107.5,0.0106,0.1496
511237,1713,200.0,-7.844999999999982,329,0.8059,107.5,0.0102,0.1492
511475,1714,0.0,-7.389999999999992,238,0.8058,107.5,0.01,0.1429
511711,1715,0.0,-7.379999999999993,236,0.8057,107.5,0.0111,0.1434
512041,1716,100.0,-7.849999999999985,330,0.8056,107.5,0.0096,0.1438
512399,1717,300.0,-7.989999999999991,358,0.8054,107.5,0.01,0.1436
512690,1718,0.0,-7.654999999999983,291,0.8053,107.5,0.0095,0.1407
512925,1719,200.0,-7.37499999999999,235,0.8052,107.5,0.0093,0.1369
513190,1720,0.0,-8.22499999999999,265,0.8051,107.4,0.0109,0.14
513546,1721,200.0,-7.979999999999983,356,0.8049,107.4,0.01,0.1402
513897,1722,0.0,-7.95499999999998,351,0.8047,107.4,0.0097,0.1379
514246,1723,200.0,-7.944999999999978,349,0.8046,107.4,0.0079,0.139
514578,1724,800.0,-7.859999999999983,332,0.8044,107.4,0.0097,0.1405
514834,1725,0.0,-7.479999999999996,256,0.8043,107.4,0.0091,0.1499
515115,1726,100.0,-7.604999999999984,281,0.8042,107.4,0.0105,0.1464
515646,1727,500.0,-7.954999999999973,531,0.804,107.4,0.0089,0.1383
516036,1728,300.0,-8.14999999999998,390,0.8038,107.3,0.0103,0.1437
516317,1729,0.0,-7.6049999999999836,281,0.8037,107.3,0.0093,0.1433
516694,1730,300.0,-8.084999999999983,377,0.8035,107.3,0.0105,0.1416
516916,1731,0.0,-7.309999999999989,222,0.8034,107.3,0.0108,0.1387
517305,1732,600.0,-8.144999999999982,389,0.8032,107.3,0.0103,0.1414
517733,1733,800.0,-8.33999999999999,428,0.803,107.3,0.0093,0.1429
518064,1734,300.0,-7.854999999999982,331,0.8029,107.3,0.0111,0.1508
518445,1735,300.0,-8.104999999999977,381,0.8027,107.3,0.0099,0.1452
518779,1736,200.0,-7.869999999999979,334,0.8025,107.3,0.0103,0.1392
519064,1737,0.0,-8.324999999999985,285,0.8024,107.2,0.0118,0.144
519411,1738,100.0,-7.934999999999981,347,0.8023,107.2,0.011,0.1418
519786,1739,200.0,-8.074999999999978,375,0.8021,107.2,0.0118,0.1408
520197,1740,500.0,-7.354999999999974,411,0.8019,107.2,0.0115,0.1402
520466,1741,0.0,-8.24499999999999,269,0.8018,107.2,0.0113,0.1409
520808,1742,0.0,-7.909999999999984,342,0.8016,107.2,0.01,0.1418
521048,1743,200.0,-7.399999999999997,240,0.8015,107.2,0.0111,0.1358
521340,1744,600.0,-7.659999999999986,292,0.8014,107.2,0.0119,0.1453
521740,1745,100.0,-8.199999999999982,400,0.8012,107.2,0.0078,0.1469
522131,1746,400.0,-8.154999999999978,391,0.801,107.1,0.0106,0.143
522412,1747,0.0,-7.604999999999985,281,0.8009,107.1,0.0121,0.1331
522767,1748,300.0,-7.97499999999998,355,0.8008,107.1,0.01,0.1399
522987,1749,0.0,-7.299999999999995,220,0.8007,107.1,0.0099,0.1408
523315,1750,0.0,-7.839999999999981,328,0.8005,107.1,0.0091,0.1329
523641,1751,700.0,-7.829999999999982,326,0.8004,107.1,0.0099,0.1413
523976,1752,0.0,-7.874999999999991,335,0.8002,107.1,0.0096,0.1327
524214,1753,0.0,-7.389999999999991,238,0.8001,107.1,0.0101,0.1394
524667,1754,100.0,-8.464999999999975,453,0.7999,107.1,0.0098,0.1387
525000,1755,700.0,-7.8649999999999824,333,0.7997,107.1,0.0106,0.144
525198,1756,0.0,-7.889999999999996,198,0.7997,107.0,0.0071,0.1513
525489,1757,100.0,-7.654999999999992,291,0.7995,107.0,0.0092,0.1403
525830,1758,0.0,-7.904999999999982,341,0.7994,107.0,0.0101,0.1393
526131,1759,500.0,-7.704999999999985,301,0.7992,107.0,0.0098,0.1417
526400,1760,600.0,-7.544999999999987,269,0.7991,107.0,0.011,0.1358
526743,1761,200.0,-7.914999999999981,343,0.799,107.0,0.012,0.1389
526952,1762,0.0,-7.244999999999994,209,0.7989,107.0,0.0098,0.1452
527237,1763,0.0,-7.624999999999988,285,0.7987,107.0,0.0097,0.1432
527532,1764,200.0,-7.674999999999993,295,0.7986,107.0,0.0097,0.1382
527718,1765,0.0,-7.129999999999995,186,0.7985,107.0,0.0084,0.1457
528143,1766,200.0,-8.324999999999978,425,0.7983,106.9,0.0105,0.1423
528479,1767,500.0,-7.87999999999998,336,0.7982,106.9,0.0102,0.1385
528790,1768,200.0,-7.754999999999985,311,0.798,106.9,0.0083,0.1418
529115,1769,200.0,-7.82499999999999,325,0.7979,106.9,0.009,0.1446
529451,1770,100.0,-8.579999999999991,336,0.7977,106.9,0.0114,0.1504
529862,1771,200.0,-8.25499999999997,411,0.7976,106.9,0.0095,0.1466
530315,1772,500.0,-8.464999999999977,453,0.7974,106.9,0.0087,0.1524
530730,1773,200.0,-8.274999999999974,415,0.7972,106.9,0.0105,0.1539
531140,1774,0.0,-8.249999999999979,410,0.797,106.9,0.0102,0.1547
531435,1775,0.0,-7.674999999999989,295,0.7969,106.8,0.0107,0.1517
531647,1776,0.0,-7.960000000000003,212,0.7968,106.8,0.009,0.1546
532001,1777,0.0,-7.9699999999999775,354,0.7966,106.8,0.0069,0.1567
532299,1778,0.0,-7.68999999999999,298,0.7965,106.8,0.0117,0.157
532587,1779,100.0,-7.639999999999986,288,0.7963,106.8,0.009,0.1511
532847,1780,0.0,-8.199999999999992,260,0.7962,106.8,0.0109,0.1547
533294,1781,800.0,-7.534999999999972,447,0.796,106.8,0.0097,0.1504
533631,1782,200.0,-7.884999999999987,337,0.7959,106.8,0.0105,0.1582
533880,1783,400.0,-7.44499999999999,249,0.7958,106.8,0.0117,0.1537
534293,1784,100.0,-8.26499999999998,413,0.7956,106.8,0.0101,0.1535
534650,1785,700.0,-7.9849999999999834,357,0.7954,106.7,0.0081,0.1567
534943,1786,200.0,-7.664999999999991,293,0.7953,106.7,0.0105,0.1445
535255,1787,0.0,-7.759999999999985,312,0.7951,106.7,0.013,0.1545
535646,1788,300.0,-8.15499999999998,391,0.795,106.7,0.0101,0.1428
535890,1789,300.0,-7.419999999999989,244,0.7948,106.7,0.0103,0.1549
536211,1790,0.0,-7.804999999999993,321,0.7947,106.7,0.0128,0.1524
536711,1791,1300.0,-7.799999999999974,500,0.7945,106.7,0.0111,0.154
536991,1792,0.0,-7.5999999999999845,280,0.7944,106.7,0.0081,0.1572
537227,1793,0.0,-7.38,236,0.7942,106.7,0.0087,0.16
537499,1794,0.0,-7.559999999999986,272,0.7941,106.7,0.0078,0.1549
537742,1795,0.0,-7.41499999999999,243,0.794,106.7,0.0098,0.1592
538022,1796,0.0,-8.299999999999988,280,0.7939,106.7,0.008,0.1476
538441,1797,300.0,-7.3949999999999765,419,0.7937,106.7,0.0094,0.1552
538739,1798,300.0,-7.689999999999989,298,0.7936,106.7,0.01,0.1544
539122,1799,100.0,-8.114999999999977,383,0.7934,106.6,0.0102,0.156
539430,1800,0.0,-7.739999999999991,308,0.7933,106.6,0.0088,0.1486
539726,1801,400.0,-7.679999999999986,296,0.7931,106.6,0.0105,0.1527
540056,1802,0.0,-7.849999999999992,330,0.793,106.6,0.0094,0.1534
540437,1803,0.0,-8.104999999999976,381,0.7928,106.6,0.0084,0.1544
540702,1804,400.0,-7.524999999999989,265,0.7927,106.6,0.0087,0.1589
540995,1805,200.0,-8.364999999999988,293,0.7926,106.6,0.0085,0.1499
541364,1806,0.0,-8.04499999999998,369,0.7924,106.6,0.0095,0.1492
541797,1807,200.0,-8.36499999999997,433,0.7922,106.6,0.0095,0.1473
542232,1808,100.0,-8.374999999999982,435,0.792,106.6,0.01,0.1501
542607,1809,200.0,-8.074999999999976,375,0.7918,106.6,0.0114,0.1448
543182,1810,1100.0,-9.07499999999997,575,0.7916,106.6,0.009,0.1559
543518,1811,0.0,-7.879999999999982,336,0.7914,106.6,0.0097,0.1497
544089,1812,700.0,-9.054999999999962,571,0.7912,106.5,0.0105,0.154
544395,1813,200.0,-7.7299999999999836,306,0.791,106.5,0.01,0.1466
544767,1814,500.0,-8.059999999999985,372,0.7909,106.5,0.0093,0.1527
545106,1815,200.0,-7.894999999999991,339,0.7907,106.5,0.0069,0.153
545445,1816,0.0,-7.894999999999987,339,0.7905,106.5,0.0105,0.1539
545776,1817,400.0,-7.854999999999989,331,0.7904,106.5,0.0111,0.146
546230,1818,0.0,-8.469999999999972,454,0.7902,106.5,0.0092,0.1479
546519,1819,0.0,-8.344999999999988,289,0.7901,106.5,0.0112,0.1432
546785,1820,100.0,-7.529999999999988,266,0.7899,106.5,0.0073,0.1624
547141,1821,700.0,-7.979999999999979,356,0.7898,106.5,0.0083,0.1492
547370,1822,0.0,-8.044999999999998,229,0.7897,106.5,0.0092,0.1602
547627,1823,0.0,-7.48499999999999,257,0.7896,106.5,0.009,0.1532
547966,1824,0.0,-7.894999999999978,339,0.7894,106.5,0.0105,0.1491
548261,1825,200.0,-7.67499999999999,295,0.7893,106.5,0.0076,0.1529
548594,1826,0.0,-7.864999999999982,333,0.7891,106.4,0.0125,0.1466
548879,1827,0.0,-7.624999999999985,285,0.789,106.4,0.0118,0.147
549129,1828,0.0,-7.449999999999988,250,0.7889,106.4,0.0093,0.151
549460,1829,300.0,-7.854999999999982,331,0.7887,106.4,0.0088,0.1541
549889,1830,300.0,-7.444999999999971,429,0.7885,106.4,0.0095,0.153
550297,1831,300.0,-8.239999999999984,408,0.7884,106.4,0.0104,0.1538
550534,1832,0.0,-7.38499999999999,237,0.7883,106.4,0.0104,0.1429
550818,1833,0.0,-7.619999999999986,284,0.7881,106.4,0.0106,0.1523
551070,1834,0.0,-7.4599999999999875,252,0.788,106.4,0.0111,0.144
551393,1835,0.0,-8.514999999999986,323,0.7879,106.4,0.0112,0.1457
551633,1836,0.0,-8.099999999999994,240,0.7878,106.4,0.0097,0.1429
551980,1837,200.0,-7.934999999999988,347,0.7876,106.3,0.0093,0.1417
552444,1838,200.0,-8.519999999999968,464,0.7874,106.3,0.0111,0.1439
552805,1839,400.0,-8.004999999999978,361,0.7872,106.3,0.011,0.1456
553257,1840,600.0,-8.45999999999997,452,0.787,106.3,0.0088,0.149
553672,1841,400.0,-8.274999999999974,415,0.7868,106.3,0.0097,0.1461
553928,1842,0.0,-8.179999999999993,256,0.7867,106.3,0.0104,0.1422
554210,1843,0.0,-8.309999999999988,282,0.7866,106.3,0.0115,0.1442
554437,1844,300.0,-8.03499999999999,227,0.7865,106.3,0.0107,0.1495
554640,1845,0.0,-7.214999999999993,203,0.7864,106.3,0.0091,0.1352
554856,1846,200.0,-7.279999999999993,216,0.7863,106.3,0.0103,0.1447
555328,1847,600.0,-8.559999999999986,472,0.7861,106.2,0.0095,0.1412
555537,1848,0.0,-7.244999999999992,209,0.786,106.2,0.0087,0.1492
555876,1849,100.0,-7.894999999999983,339,0.7859,106.2,0.0085,0.1455
556199,1850,0.0,-7.814999999999992,323,0.7857,106.2,0.0099,0.1419
556517,1851,0.0,-7.789999999999982,318,0.7856,106.2,0.0088,0.1473
556798,1852,200.0,-8.304999999999989,281,0.7854,106.2,0.0083,0.1488
557047,1853,0.0,-7.444999999999998,249,0.7853,106.2,0.0123,0.1429
557332,1854,0.0,-7.624999999999986,285,0.7852,106.2,0.011,0.137
557624,1855,0.0,-8.359999999999985,292,0.7851,106.2,0.0097,0.1476
558119,1856,200.0,-7.774999999999969,495,0.7848,106.2,0.0113,0.1429
558498,1857,0.0,-8.094999999999978,379,0.7847,106.2,0.0095,0.1413
558754,1858,200.0,-7.47999999999999,256,0.7846,106.2,0.0101,0.1467
559052,1859,0.0,-7.689999999999992,298,0.7844,106.2,0.0107,0.1431
559412,1860,300.0,-7.99999999999998,360,0.7843,106.2,0.0085,0.1458
559714,1861,500.0,-7.709999999999981,302,0.7841,106.1,0.0091,0.1462
560038,1862,0.0,-7.819999999999986,324,0.784,106.1,0.01,0.1541
560358,1863,0.0,-7.799999999999983,320,0.7838,106.1,0.0086,0.1656
560753,1864,800.0,-8.174999999999983,395,0.7837,106.1,0.0108,0.1633
561151,1865,0.0,-8.189999999999976,398,0.7835,106.1,0.0115,0.1559
561472,1866,200.0,-7.80499999999998,321,0.7833,106.1,0.0103,0.1646
561779,1867,400.0,-7.734999999999988,307,0.7832,106.1,0.0089,0.1606
562059,1868,0.0,-8.29999999999999,280,0.7831,106.1,0.0088,0.1537
562373,1869,0.0,-7.769999999999984,314,0.7829,106.1,0.0106,0.1628
562695,1870,200.0,-7.809999999999983,322,0.7828,106.1,0.0106,0.1616
562922,1871,0.0,-7.334999999999992,227,0.7827,106.1,0.009,0.1596
563181,1872,0.0,-7.494999999999989,259,0.7826,106.1,0.0109,0.1619
563371,1873,0.0,-7.149999999999994,190,0.7825,106.1,0.0115,0.1649
563695,1874,200.0,-7.8199999999999825,324,0.7823,106.1,0.0096,0.1476
564080,1875,800.0,-8.124999999999982,385,0.7822,106.1,0.01,0.1584
564439,1876,0.0,-7.994999999999976,359,0.782,106.1,0.0083,0.1597
564776,1877,200.0,-7.884999999999981,337,0.7819,106.0,0.0116,0.1559
565060,1878,0.0,-7.619999999999983,284,0.7817,106.0,0.0104,0.1523
565346,1879,300.0,-7.629999999999985,286,0.7816,106.0,0.0085,0.1554
565574,1880,0.0,-8.039999999999994,228,0.7815,106.0,0.0094,0.1552
565792,1881,0.0,-7.99,218,0.7814,106.0,0.0096,0.1617
566022,1882,0.0,-7.349999999999997,230,0.7813,106.0,0.0117,0.155
566334,1883,0.0,-8.45999999999999,312,0.7811,106.0,0.0106,0.1645
566763,1884,400.0,-7.444999999999979,429,0.781,106.0,0.0107,0.1592
567121,1885,200.0,-7.9899999999999824,358,0.7808,106.0,0.009,0.1632
567486,1886,0.0,-8.024999999999979,365,0.7806,106.0,0.0092,0.1603
567884,1887,400.0,-8.189999999999978,398,0.7805,106.0,0.0096,0.1597
568089,1888,0.0,-7.224999999999993,205,0.7804,106.0,0.0095,0.1609
568441,1889,300.0,-7.959999999999985,352,0.7802,106.0,0.0086,0.1526
568888,1890,900.0,-8.43499999999997,447,0.78,105.9,0.0105,0.1558
569163,1891,0.0,-7.574999999999987,275,0.7799,105.9,0.009,0.1593
569543,1892,600.0,-8.099999999999973,380,0.7797,105.9,0.0099,0.162
569821,1893,100.0,-7.589999999999987,278,0.7796,105.9,0.009,0.1601
570296,1894,500.0,-6.574999999999979,475,0.7794,105.9,0.0089,0.17
570643,1895,300.0,-7.934999999999985,347,0.7792,105.9,0.0105,0.1661
570946,1896,100.0,-7.714999999999983,303,0.7791,105.9,0.0122,0.1647
571253,1897,0.0,-7.734999999999986,307,0.7789,105.9,0.0088,0.1746
571520,1898,200.0,-7.535000000000001,267,0.7788,105.9,0.0073,0.1647
571875,1899,100.0,-7.97499999999998,355,0.7787,105.9,0.0093,0.1741
572268,1900,600.0,-8.164999999999992,393,0.7785,105.9,0.0111,0.1712
572602,1901,200.0,-7.869999999999982,334,0.7783,105.9,0.0083,0.1674
572942,1902,0.0,-7.899999999999988,340,0.7782,105.9,0.0092,0.1771
573298,1903,400.0,-7.9799999999999836,356,0.778,105.8,0.011,0.1778
573564,1904,0.0,-7.529999999999996,266,0.7779,105.8,0.0091,0.1782
573981,1905,900.0,-7.384999999999971,417,0.7777,105.8,0.0106,0.1701
574268,1906,100.0,-7.634999999999987,287,0.7776,105.8,0.0085,0.1771
574544,1907,200.0,-7.579999999999995,276,0.7775,105.8,0.0099,0.1727
574812,1908,0.0,-7.539999999999994,268,0.7773,105.8,0.0096,0.1726
575035,1909,0.0,-7.314999999999991,223,0.7772,105.8,0.0097,0.1729
575270,1910,0.0,-8.074999999999992,235,0.7771,105.8,0.0113,0.177
575603,1911,0.0,-7.864999999999982,333,0.777,105.8,0.0107,0.179
576098,1912,1700.0,-8.674999999999965,495,0.7768,105.8,0.0101,0.1713
576371,1913,500.0,-7.564999999999987,273,0.7766,105.8,0.0095,0.1643
576781,1914,400.0,-8.249999999999988,410,0.7764,105.8,0.0123,0.1709
577229,1915,200.0,-8.439999999999976,448,0.7762,105.7,0.01,0.178
577561,1916,200.0,-7.859999999999986,332,0.7761,105.7,0.0088,0.1658
577952,1917,400.0,-8.154999999999974,391,0.7759,105.7,0.0094,0.1765
578351,1918,300.0,-8.194999999999988,399,0.7757,105.7,0.0109,0.1721
578828,1919,300.0,-7.684999999999978,477,0.7755,105.7,0.0103,0.1656
579154,1920,0.0,-7.829999999999995,326,0.7754,105.7,0.0085,0.1829
579441,1921,0.0,-7.634999999999993,287,0.7753,105.7,0.0092,0.1766
579842,1922,400.0,-8.204999999999977,401,0.7751,105.7,0.0111,0.1704
580117,1923,0.0,-7.574999999999987,275,0.7749,105.7,0.0115,0.1753
580463,1924,200.0,-7.929999999999982,346,0.7748,105.7,0.012,0.1846
580791,1925,0.0,-7.83999999999998,328,0.7746,105.6,0.0099,0.1794
581093,1926,0.0,-7.70999999999999,302,0.7745,105.6,0.0107,0.1833
581345,1927,0.0,-7.459999999999991,252,0.7744,105.6,0.0093,0.1812
581695,1928,200.0,-7.949999999999985,350,0.7742,105.6,0.01,0.1778
582021,1929,0.0,-7.829999999999981,326,0.7741,105.6,0.0092,0.197
582468,1930,1000.0,-8.434999999999983,447,0.7739,105.6,0.0095,0.1823
582720,1931,0.0,-7.459999999999999,252,0.7738,105.6,0.0119,0.1749
583029,1932,300.0,-7.744999999999991,309,0.7736,105.6,0.0098,0.1828
583361,1933,200.0,-7.859999999999991,332,0.7735,105.6,0.0111,0.1826
583624,1934,100.0,-7.514999999999988,263,0.7734,105.6,0.0104,0.1684
583826,1935,0.0,-7.909999999999996,202,0.7733,105.6,0.01,0.1696
584346,1936,800.0,-7.899999999999976,520,0.773,105.5,0.0113,0.1807
584595,1937,0.0,-7.44499999999999,249,0.7729,105.5,0.0097,0.1846
584819,1938,200.0,-7.319999999999993,224,0.7728,105.5,0.0094,0.1864
585096,1939,0.0,-7.584999999999997,277,0.7727,105.5,0.0121,0.1808
585386,1940,300.0,-7.6499999999999835,290,0.7726,105.5,0.01,0.1822
585663,1941,300.0,-7.5849999999999875,277,0.7725,105.5,0.0107,0.1722
585909,1942,200.0,-7.429999999999993,246,0.7723,105.5,0.0111,0.1786
586264,1943,100.0,-7.9749999999999766,355,0.7722,105.5,0.0107,0.1818
586646,1944,100.0,-8.109999999999975,382,0.772,105.5,0.0109,0.1764
586959,1945,400.0,-7.76499999999999,313,0.7719,105.5,0.0095,0.1797
587242,1946,200.0,-7.614999999999988,283,0.7717,105.5,0.0102,0.1816
587574,1947,100.0,-7.859999999999983,332,0.7716,105.5,0.0121,0.1849
587927,1948,0.0,-7.964999999999979,353,0.7714,105.4,0.0108,0.1788
588210,1949,0.0,-7.61499999999999,283,0.7713,105.4,0.0097,0.1848
588514,1950,0.0,-7.7199999999999855,304,0.7712,105.4,0.0093,0.1909
588980,1951,300.0,-8.529999999999983,466,0.771,105.4,0.0096,0.1875
589295,1952,300.0,-7.774999999999988,315,0.7708,105.4,0.0106,0.1827
589829,1953,400.0,-7.969999999999959,534,0.7706,105.4,0.0096,0.1797
590146,1954,200.0,-7.784999999999983,317,0.7704,105.4,0.0088,0.1974
590377,1955,0.0,-7.354999999999991,231,0.7703,105.4,0.0108,0.1962
590618,1956,0.0,-7.404999999999993,241,0.7702,105.4,0.0135,0.1898
590916,1957,500.0,-7.689999999999984,298,0.7701,105.4,0.0115,0.1943
591218,1958,0.0,-7.709999999999983,302,0.77,105.4,0.0119,0.1922
591457,1959,200.0,-8.094999999999992,239,0.7698,105.4,0.0131,0.2002
591648,1960,0.0,-7.854999999999997,191,0.7698,105.4,0.012,0.1959
591989,1961,400.0,-7.904999999999985,341,0.7696,105.3,0.0101,0.1957
592245,1962,0.0,-7.479999999999989,256,0.7695,105.3,0.0124,0.1897
592580,1963,1000.0,-7.874999999999978,335,0.7693,105.3,0.0093,0.1951
592833,1964,0.0,-7.464999999999988,253,0.7692,105.3,0.0101,0.1937
593259,1965,600.0,-8.329999999999973,426,0.769,105.3,0.0104,0.1994
593541,1966,400.0,-7.609999999999989,282,0.7689,105.3,0.0119,0.1961
593934,1967,900.0,-8.164999999999978,393,0.7687,105.3,0.0117,0.2
594315,1968,0.0,-8.104999999999983,381,0.7686,105.3,0.0089,0.1948
594610,1969,0.0,-7.674999999999985,295,0.7684,105.3,0.0121,0.1969
594796,1970,0.0,-7.829999999999997,186,0.7683,105.3,0.0095,0.21
595059,1971,0.0,-8.21499999999999,263,0.7682,105.3,0.0111,0.1976
595397,1972,300.0,-7.889999999999986,338,0.7681,105.3,0.0098,0.1944
595792,1973,400.0,-8.174999999999976,395,0.7679,105.2,0.0086,0.2019
596204,1974,800.0,-8.259999999999975,412,0.7677,105.2,0.0096,0.1996
596465,1975,0.0,-7.504999999999995,261,0.7676,105.2,0.0093,0.2046
596727,1976,100.0,-7.509999999999988,262,0.7675,105.2,0.0106,0.2079
596995,1977,200.0,-7.539999999999989,268,0.7674,105.2,0.0107,0.1875
597533,1978,200.0,-8.889999999999969,538,0.7671,105.2,0.0091,0.1953
597868,1979,0.0,-7.874999999999983,335,0.767,105.2,0.011,0.1959
598295,1980,600.0,-8.334999999999976,427,0.7668,105.2,0.0099,0.2003
598611,1981,200.0,-7.779999999999984,316,0.7666,105.2,0.0102,0.1972
598993,1982,200.0,-8.109999999999975,382,0.7665,105.1,0.0096,0.2016
599244,1983,0.0,-7.454999999999989,251,0.7663,105.1,0.01,0.2014
599497,1984,200.0,-7.464999999999991,253,0.7662,105.1,0.0099,0.1956
599805,1985,100.0,-7.739999999999985,308,0.7661,105.1,0.0097,0.1963
600091,1986,0.0,-7.629999999999986,286,0.766,104.2,0.0127,0.2165
600408,1987,400.0,-7.7849999999999815,317,0.7658,104.2,0.01,0.2185
600720,1988,0.0,-7.759999999999993,312,0.7657,104.1,0.0087,0.2195
600987,1989,0.0,-7.534999999999992,267,0.7656,104.1,0.0094,0.2268
601378,1990,500.0,-8.154999999999976,391,0.7654,104.1,0.0102,0.2174
601733,1991,0.0,-7.974999999999993,355,0.7652,104.1,0.0068,0.2251
602077,1992,100.0,-7.919999999999987,344,0.7651,104.1,0.011,0.225
602591,1993,800.0,-7.8699999999999735,514,0.7648,104.1,0.0102,0.2258
602878,1994,400.0,-7.634999999999997,287,0.7647,104.1,0.0112,0.2222
603130,1995,100.0,-7.459999999999993,252,0.7646,104.1,0.0104,0.2259
603429,1996,500.0,-7.694999999999985,299,0.7645,104.1,0.0091,0.228
603936,1997,900.0,-7.83499999999996,507,0.7642,104.1,0.0096,0.2235
604249,1998,200.0,-7.7649999999999855,313,0.7641,104.1,0.0114,0.222
604458,1999,0.0,-7.244999999999993,209,0.764,104.0,0.0112,0.2239
604932,2000,200.0,-7.669999999999974,474,0.7638,104.0,0.0116,0.2171
605300,2001,300.0,-8.039999999999976,368,0.7636,104.0,0.0106,0.2203
605642,2002,600.0,-7.9099999999999815,342,0.7635,104.0,0.0092,0.2208
605918,2003,200.0,-7.579999999999988,276,0.7633,104.0,0.0101,0.2213
606352,2004,600.0,-8.369999999999969,434,0.7631,104.0,0.0096,0.2154
606635,2005,100.0,-7.614999999999995,283,0.763,104.0,0.0093,0.2199
606966,2006,200.0,-7.85499999999999,331,0.7629,104.0,0.0091,0.2248
607262,2007,0.0,-8.379999999999988,296,0.7627,104.0,0.0103,0.2325
607540,2008,0.0,-7.589999999999987,278,0.7626,104.0,0.0082,0.2334
607913,2009,100.0,-8.064999999999985,373,0.7624,104.0,0.0131,0.2215
608221,2010,400.0,-7.7399999999999896,308,0.7623,103.9,0.0109,0.2205
608505,2011,200.0,-7.6199999999999894,284,0.7622,103.9,0.0109,0.2229
608992,2012,300.0,-8.634999999999968,487,0.762,103.9,0.0117,0.2228
609211,2013,0.0,-7.294999999999991,219,0.7619,103.9,0.0109,0.2185
609564,2014,300.0,-7.964999999999979,353,0.7617,103.9,0.0113,0.2204
609841,2015,0.0,-7.584999999999988,277,0.7616,103.9,0.0104,0.224
610149,2016,400.0,-7.739999999999991,308,0.7614,103.9,0.0109,0.2371
610526,2017,400.0,-8.084999999999978,377,0.7613,103.9,0.0109,0.2467
610802,2018,100.0,-8.27999999999999,276,0.7611,103.9,0.011,0.2481
611078,2019,0.0,-7.579999999999988,276,0.761,103.9,0.0094,0.247
611373,2020,0.0,-7.674999999999983,295,0.7609,103.9,0.011,0.2519
611582,2021,200.0,-7.244999999999993,209,0.7608,103.9,0.0143,0.2515
611864,2022,0.0,-7.6099999999999834,282,0.7607,103.8,0.0095,0.2397
612115,2023,200.0,-7.454999999999988,251,0.7605,103.8,0.0115,0.2399
612650,2024,400.0,-7.97499999999998,535,0.7603,103.8,0.012,0.2402
612939,2025,0.0,-7.644999999999984,289,0.7602,103.8,0.0109,0.2426
613153,2026,200.0,-7.269999999999994,214,0.7601,103.8,0.0103,0.2446
613735,2027,1500.0,-8.209999999999967,582,0.7598,103.8,0.0104,0.2481
614098,2028,500.0,-8.014999999999983,363,0.7597,103.8,0.0096,0.2408
614538,2029,700.0,-7.499999999999969,440,0.7595,103.8,0.0104,0.2504
614818,2030,0.0,-7.599999999999985,280,0.7593,103.8,0.0096,0.2445
615164,2031,400.0,-7.929999999999981,346,0.7592,103.8,0.01,0.2444
615380,2032,0.0,-7.2799999999999985,216,0.7591,103.8,0.0118,0.2418
615808,2033,200.0,-8.33999999999998,428,0.7589,103.8,0.0104,0.2463
616067,2034,100.0,-8.19499999999999,259,0.7588,103.8,0.0096,0.2579
616257,2035,0.0,-7.149999999999995,190,0.7587,103.8,0.0112,0.2491
616669,2036,300.0,-8.259999999999987,412,0.7585,103.8,0.0104,0.2514
616953,2037,400.0,-7.619999999999987,284,0.7584,103.8,0.0097,0.2431
617314,2038,100.0,-8.004999999999978,361,0.7582,103.7,0.0122,0.2431
617691,2039,700.0,-8.084999999999983,377,0.758,103.7,0.0099,0.2415
618028,2040,400.0,-7.884999999999989,337,0.7579,103.7,0.0101,0.2414
618254,2041,0.0,-7.33,226,0.7578,103.7,0.0106,0.2399
618613,2042,600.0,-7.994999999999984,359,0.7576,103.7,0.0092,0.2409
618818,2043,0.0,-7.224999999999993,205,0.7575,103.7,0.013,0.245
619146,2044,300.0,-7.839999999999983,328,0.7574,103.7,0.0094,0.2416
619488,2045,0.0,-7.909999999999985,342,0.7572,103.7,0.0108,0.2495
619844,2046,500.0,-7.079999999999976,356,0.7571,103.7,0.0119,0.2472
620264,2047,700.0,-8.299999999999983,420,0.7569,103.7,0.0102,0.2551
620761,2048,300.0,-7.7849999999999815,497,0.7567,103.7,0.0108,0.2709
621136,2049,300.0,-8.074999999999985,375,0.7565,103.7,0.0106,0.2602
621370,2050,0.0,-7.3699999999999966,234,0.7564,103.7,0.0121,0.2649
621638,2051,0.0,-8.239999999999991,268,0.7563,103.7,0.0099,0.2761
621852,2052,400.0,-7.26999999999999,214,0.7562,103.7,0.0085,0.2757
622144,2053,200.0,-7.659999999999985,292,0.756,103.7,0.0104,0.2657
622528,2054,400.0,-8.11999999999998,384,0.7559,103.7,0.0121,0.2633
622859,2055,100.0,-7.854999999999992,331,0.7557,103.7,0.0105,0.2604
623193,2056,400.0,-7.869999999999982,334,0.7556,103.7,0.0097,0.2682
623478,2057,200.0,-7.62499999999999,285,0.7554,103.7,0.0103,0.2686
623730,2058,300.0,-7.4599999999999875,252,0.7553,103.7,0.0082,0.2562
624012,2059,400.0,-7.609999999999985,282,0.7552,103.6,0.012,0.2687
624630,2060,1100.0,-8.389999999999961,618,0.7549,103.6,0.0089,0.2605
624920,2061,200.0,-7.649999999999986,290,0.7548,103.6,0.0107,0.2644
625196,2062,400.0,-7.579999999999993,276,0.7547,103.6,0.0111,0.2613
625525,2063,200.0,-7.84499999999999,329,0.7545,103.6,0.0106,0.2604
625945,2064,800.0,-8.29999999999999,420,0.7543,103.6,0.0106,0.2693
626228,2065,0.0,-8.31499999999999,283,0.7542,103.6,0.0102,0.266
626523,2066,200.0,-7.674999999999982,295,0.7541,103.6,0.0115,0.2609
626835,2067,200.0,-7.75999999999999,312,0.7539,103.6,0.0116,0.2635
627230,2068,400.0,-8.174999999999976,395,0.7537,103.6,0.0105,0.2681
627502,2069,0.0,-7.559999999999991,272,0.7536,103.6,0.0099,0.2655
627759,2070,100.0,-8.184999999999999,257,0.7535,103.6,0.0103,0.2666
628221,2071,600.0,-6.5099999999999785,462,0.7533,103.6,0.0111,0.262
628553,2072,100.0,-7.859999999999983,332,0.7532,103.6,0.0104,0.2682
628739,2073,0.0,-7.129999999999995,186,0.7531,103.6,0.0108,0.2636
629009,2074,0.0,-7.5499999999999865,270,0.7529,103.6,0.0105,0.264
629300,2075,500.0,-6.754999999999983,291,0.7528,103.6,0.0109,0.266
629736,2076,900.0,-8.379999999999974,436,0.7526,103.5,0.0105,0.2635
630139,2077,200.0,-8.214999999999984,403,0.7524,103.5,0.0101,0.276
630546,2078,700.0,-8.23499999999998,407,0.7523,103.5,0.0109,0.2883
630874,2079,0.0,-7.839999999999985,328,0.7521,103.5,0.0111,0.2867
631159,2080,100.0,-7.624999999999985,285,0.752,103.5,0.0091,0.2874
631403,2081,200.0,-8.119999999999992,244,0.7519,103.5,0.0101,0.2861
631654,2082,0.0,-8.154999999999992,251,0.7518,103.5,0.0136,0.2845
631957,2083,400.0,-7.71499999999999,303,0.7516,103.5,0.0099,0.2934
632161,2084,0.0,-7.919999999999993,204,0.7515,103.5,0.0086,0.2794
632453,2085,0.0,-7.659999999999984,292,0.7514,103.5,0.012,0.2875
632877,2086,300.0,-8.319999999999975,424,0.7512,103.5,0.0104,0.2879
633219,2087,300.0,-7.909999999999981,342,0.7511,103.5,0.0105,0.286
633393,2088,0.0,-7.069999999999994,174,0.751,103.4,0.0076,0.2814
633672,2089,0.0,-7.5949999999999855,279,0.7508,103.4,0.0125,0.2833
634043,2090,300.0,-8.054999999999989,371,0.7507,103.4,0.0101,0.2887
634342,2091,200.0,-8.394999999999982,299,0.7505,103.4,0.0115,0.2863
634587,2092,0.0,-7.424999999999989,245,0.7504,103.4,0.0108,0.2914
634979,2093,200.0,-8.159999999999972,392,0.7503,103.4,0.0118,0.2853
635284,2094,200.0,-7.7249999999999845,305,0.7501,103.4,0.0117,0.2888
635620,2095,0.0,-7.8799999999999795,336,0.75,103.4,0.0119,0.2876
635933,2096,100.0,-8.464999999999984,313,0.7498,103.4,0.0111,0.2883
636212,2097,1000.0,-7.594999999999988,279,0.7497,103.4,0.0099,0.2889
636640,2098,0.0,-7.43999999999998,428,0.7495,103.4,0.0109,0.2914
637026,2099,800.0,-8.129999999999976,386,0.7493,103.4,0.0089,0.2899
637352,2100,200.0,-8.52999999999998,326,0.7492,103.4,0.0106,0.2856
637690,2101,300.0,-7.88999999999999,338,0.749,103.3,0.0118,0.2916
638058,2102,600.0,-8.03999999999998,368,0.7489,103.3,0.0113,0.2857
638614,2103,1400.0,-8.979999999999965,556,0.7486,103.3,0.0103,0.2881
638979,2104,300.0,-8.024999999999977,365,0.7485,103.3,0.0112,0.2866
639328,2105,0.0,-7.944999999999977,349,0.7483,103.3,0.0087,0.2937
639705,2106,300.0,-8.08499999999998,377,0.7481,103.3,0.0119,0.2888
639977,2107,0.0,-7.559999999999987,272,0.748,103.3,0.0108,0.3014
640215,2108,0.0,-7.389999999999991,238,0.7479,103.3,0.0111,0.295
640558,2109,400.0,-7.9149999999999805,343,0.7477,103.3,0.0093,0.2882
640880,2110,0.0,-7.809999999999985,322,0.7476,103.3,0.0124,0.2935
641237,2111,0.0,-7.984999999999979,357,0.7474,103.3,0.0106,0.2871
641520,2112,0.0,-7.614999999999987,283,0.7473,103.3,0.0102,0.2858
641790,2113,0.0,-8.24999999999999,270,0.7472,103.3,0.01,0.2831
642254,2114,700.0,-7.619999999999978,464,0.747,103.2,0.0113,0.2845
642483,2115,0.0,-7.344999999999992,229,0.7469,103.2,0.0091,0.2945
642782,2116,200.0,-7.694999999999991,299,0.7467,103.2,0.0104,0.2828
643090,2117,300.0,-7.739999999999988,308,0.7466,103.2,0.0098,0.2879
643359,2118,0.0,-7.544999999999988,269,0.7465,103.2,0.0112,0.2923
643743,2119,400.0,-8.119999999999987,384,0.7463,103.2,0.0095,0.2773
644066,2120,0.0,-7.814999999999989,323,0.7462,103.2,0.0109,0.2865
644352,2121,600.0,-7.629999999999984,286,0.746,103.2,0.0096,0.2917
644628,2122,300.0,-7.579999999999992,276,0.7459,103.2,0.0111,0.2897
644873,2123,0.0,-7.42499999999999,245,0.7458,103.2,0.0117,0.2827
645342,2124,500.0,-8.544999999999987,469,0.7456,103.2,0.0105,0.2916
645623,2125,0.0,-7.6049999999999915,281,0.7455,103.2,0.0108,0.2855
645988,2126,100.0,-8.024999999999977,365,0.7453,103.2,0.0103,0.2983
646294,2127,0.0,-7.729999999999988,306,0.7452,103.2,0.0135,0.2812
646750,2128,800.0,-8.479999999999983,456,0.745,103.2,0.0092,0.2889
647063,2129,500.0,-7.764999999999984,313,0.7448,103.2,0.014,0.2836
647314,2130,200.0,-7.454999999999988,251,0.7447,103.2,0.0132,0.2851
647691,2131,200.0,-8.08499999999998,377,0.7445,103.1,0.0089,0.2967
648041,2132,400.0,-7.949999999999978,350,0.7444,103.1,0.0112,0.2851
648342,2133,0.0,-7.704999999999991,301,0.7442,103.1,0.0102,0.285
648776,2134,700.0,-7.469999999999985,434,0.7441,103.1,0.0113,0.2909
649321,2135,400.0,-8.924999999999969,545,0.7438,103.1,0.0108,0.2826
649760,2136,100.0,-8.394999999999982,439,0.7436,103.1,0.0118,0.2905
650062,2137,500.0,-7.709999999999988,302,0.7435,103.1,0.0094,0.282
650462,2138,300.0,-7.299999999999983,400,0.7433,103.1,0.0098,0.31
650681,2139,0.0,-7.994999999999995,219,0.7432,103.1,0.0109,0.2977
651026,2140,900.0,-7.924999999999993,345,0.743,103.1,0.0097,0.2978
651465,2141,100.0,-8.394999999999975,439,0.7428,103.1,0.0093,0.3089
651713,2142,0.0,-7.44,248,0.7427,103.1,0.0131,0.2956
652210,2143,300.0,-8.684999999999967,497,0.7425,103.1,0.0121,0.3024
652536,2144,500.0,-7.829999999999995,326,0.7424,103.1,0.0089,0.307
652800,2145,200.0,-7.519999999999987,264,0.7422,103.1,0.0105,0.2955
653152,2146,900.0,-7.059999999999981,352,0.7421,103.1,0.0131,0.3019
653648,2147,600.0,-8.679999999999975,496,0.7419,103.0,0.0083,0.307
654089,2148,400.0,-8.40499999999997,441,0.7417,103.0,0.0102,0.3011
654391,2149,400.0,-7.709999999999985,302,0.7415,103.0,0.015,0.3001
654618,2150,0.0,-7.334999999999992,227,0.7414,103.0,0.0102,0.2994
654989,2151,0.0,-8.054999999999986,371,0.7413,103.0,0.0115,0.3073
655326,2152,300.0,-7.884999999999981,337,0.7411,103.0,0.0104,0.3009
655676,2153,500.0,-7.949999999999981,350,0.7409,103.0,0.0104,0.2967
656002,2154,400.0,-7.82999999999998,326,0.7408,103.0,0.0103,0.299
656559,2155,1100.0,-8.084999999999962,557,0.7405,103.0,0.0109,0.3051
656783,2156,0.0,-7.319999999999991,224,0.7404,103.0,0.0112,0.2953
657060,2157,200.0,-8.284999999999997,277,0.7403,103.0,0.0093,0.3039
657413,2158,300.0,-7.96499999999998,353,0.7402,103.0,0.0101,0.2982
657816,2159,0.0,-8.214999999999986,403,0.74,103.0,0.0089,0.2987
658210,2160,200.0,-7.269999999999973,394,0.7398,103.0,0.0115,0.3029
658594,2161,600.0,-8.119999999999973,384,0.7396,103.0,0.0123,0.3039
658949,2162,400.0,-7.9749999999999766,355,0.7395,103.0,0.0109,0.2997
659263,2163,200.0,-7.769999999999986,314,0.7393,102.9,0.0125,0.2963
659774,2164,500.0,-7.85499999999998,511,0.7391,102.9,0.0113,0.3048
660137,2165,100.0,-8.014999999999986,363,0.7389,102.9,0.0119,0.3015
660502,2166,1000.0,-8.024999999999991,365,0.7388,102.9,0.0114,0.3
660910,2167,200.0,-8.239999999999982,408,0.7386,102.9,0.0106,0.3051
661228,2168,100.0,-7.789999999999982,318,0.7384,102.9,0.0102,0.2982
661571,2169,400.0,-7.914999999999989,343,0.7383,102.9,0.011,0.3036
662119,2170,1400.0,-8.039999999999974,548,0.738,102.9,0.0106,0.3074
662608,2171,100.0,-8.644999999999978,489,0.7378,102.9,0.0102,0.3029
662943,2172,400.0,-7.874999999999987,335,0.7377,102.9,0.0102,0.3105
663342,2173,100.0,-7.294999999999972,399,0.7375,102.9,0.0111,0.2981
663646,2174,0.0,-7.719999999999989,304,0.7374,102.8,0.0121,0.306
663945,2175,0.0,-7.694999999999984,299,0.7372,102.8,0.0118,0.3047
664384,2176,600.0,-8.394999999999975,439,0.737,102.8,0.0107,0.3035
664725,2177,0.0,-7.904999999999982,341,0.7369,102.8,0.0112,0.3036
665057,2178,0.0,-7.859999999999988,332,0.7367,102.8,0.0095,0.3081
665458,2179,0.0,-8.20499999999998,401,0.7365,102.8,0.0107,0.3088
665723,2180,200.0,-7.524999999999986,265,0.7364,102.8,0.0097,0.3046
666048,2181,200.0,-7.824999999999982,325,0.7363,102.8,0.0108,0.3054
666373,2182,400.0,-7.824999999999983,325,0.7361,102.8,0.01,0.3051
666596,2183,0.0,-7.314999999999992,223,0.736,102.8,0.0093,0.3042
666872,2184,400.0,-7.579999999999987,276,0.7359,102.8,0.0142,0.3012
667384,2185,600.0,-7.85999999999997,512,0.7357,102.8,0.0084,0.3006
667818,2186,600.0,-8.369999999999978,434,0.7355,102.7,0.0114,0.3022
668133,2187,0.0,-7.774999999999983,315,0.7353,102.7,0.011,0.3064
668620,2188,500.0,-7.734999999999972,487,0.7351,102.7,0.0106,0.3067
668935,2189,400.0,-7.774999999999992,315,0.735,102.7,0.0119,0.3099
669170,2190,0.0,-7.374999999999991,235,0.7349,102.7,0.0092,0.311
669505,2191,400.0,-7.874999999999981,335,0.7347,102.7,0.0112,0.3015
669921,2192,400.0,-7.379999999999981,416,0.7345,102.7,0.0097,0.3076
670244,2193,0.0,-7.814999999999994,323,0.7344,102.7,0.0108,0.3184
670554,2194,500.0,-7.749999999999992,310,0.7343,102.7,0.012,0.3213
671089,2195,800.0,-6.874999999999968,535,0.734,102.7,0.0119,0.3278
671514,2196,100.0,-7.424999999999977,425,0.7338,102.7,0.012,0.3192
671886,2197,100.0,-7.159999999999976,372,0.7337,102.7,0.0109,0.3202
672224,2198,500.0,-7.889999999999985,338,0.7335,102.6,0.0107,0.3236
672438,2199,0.0,-7.269999999999993,214,0.7334,102.6,0.0109,0.3234
672824,2200,0.0,-7.229999999999979,386,0.7332,102.6,0.0132,0.3146
673098,2201,200.0,-7.569999999999993,274,0.7331,102.6,0.0122,0.3262
673404,2202,200.0,-7.729999999999984,306,0.733,102.6,0.0094,0.3248
673900,2203,300.0,-7.779999999999971,496,0.7327,102.6,0.0119,0.3188
674212,2204,0.0,-7.759999999999984,312,0.7326,102.6,0.0119,0.3241
674591,2205,400.0,-7.1949999999999745,379,0.7324,102.6,0.0109,0.315
674924,2206,200.0,-7.8649999999999824,333,0.7323,102.6,0.0103,0.3302
675361,2207,300.0,-7.484999999999975,437,0.7321,102.6,0.0119,0.3173
675629,2208,0.0,-7.539999999999989,268,0.732,102.6,0.01,0.3137
676067,2209,800.0,-7.489999999999972,438,0.7318,102.5,0.0106,0.3179
676547,2210,300.0,-6.599999999999968,480,0.7316,102.5,0.0111,0.3158
676929,2211,300.0,-8.109999999999982,382,0.7314,102.5,0.0107,0.3159
677236,2212,400.0,-6.834999999999981,307,0.7312,102.5,0.0111,0.3293
677691,2213,0.0,-8.474999999999984,455,0.731,102.5,0.0112,0.3191
678119,2214,300.0,-7.439999999999969,428,0.7308,102.5,0.0107,0.3158
678544,2215,400.0,-7.424999999999979,425,0.7307,102.5,0.0136,0.3225
678842,2216,0.0,-7.689999999999988,298,0.7305,102.5,0.0111,0.3177
679200,2217,400.0,-7.089999999999977,358,0.7304,102.5,0.0119,0.3234
679627,2218,100.0,-7.434999999999981,427,0.7302,102.5,0.0114,0.3192
679853,2219,0.0,-7.32999999999999,226,0.7301,102.5,0.0125,0.3194
680134,2220,0.0,-7.604999999999984,281,0.7299,102.5,0.0114,0.3238
680516,2221,700.0,-8.109999999999978,382,0.7298,102.4,0.0114,0.3328
680801,2222,0.0,-7.624999999999992,285,0.7296,102.4,0.0124,0.3322
681267,2223,600.0,-7.629999999999974,466,0.7294,102.4,0.0116,0.3362
681559,2224,400.0,-7.659999999999986,292,0.7293,102.4,0.011,0.337
682027,2225,200.0,-7.639999999999977,468,0.7291,102.4,0.0114,0.3384
682504,2226,600.0,-7.684999999999976,477,0.7289,102.4,0.0117,0.3332
682830,2227,0.0,-7.829999999999984,326,0.7287,102.4,0.012,0.3397
683184,2228,0.0,-7.9699999999999775,354,0.7286,102.4,0.0112,0.3271
683597,2229,300.0,-6.26499999999997,413,0.7284,102.4,0.0105,0.3319
683998,2230,0.0,-8.204999999999988,401,0.7282,102.4,0.0102,0.3492
684278,2231,300.0,-7.5999999999999925,280,0.7281,102.4,0.0126,0.3299
684513,2232,200.0,-8.074999999999992,235,0.728,102.3,0.0122,0.3308
684890,2233,200.0,-7.184999999999983,377,0.7278,102.3,0.0101,0.3403
685312,2234,600.0,-7.409999999999972,422,0.7276,102.3,0.0136,0.3374
685569,2235,200.0,-7.484999999999989,257,0.7275,102.3,0.011,0.3348
685863,2236,400.0,-7.669999999999988,294,0.7274,102.3,0.0117,0.3317
686224,2237,400.0,-8.004999999999988,361,0.7272,102.3,0.0095,0.3335
686472,2238,0.0,-7.439999999999989,248,0.7271,102.3,0.012,0.3366
686972,2239,100.0,-7.799999999999974,500,0.7269,102.3,0.0125,0.3359
687342,2240,300.0,-8.049999999999985,370,0.7267,102.3,0.0114,0.3456
687667,2241,100.0,-6.924999999999986,325,0.7265,102.3,0.0125,0.3257
687946,2242,0.0,-7.594999999999986,279,0.7264,102.3,0.0115,0.3313
688309,2243,300.0,-7.114999999999989,363,0.7263,102.3,0.0102,0.3404
688668,2244,100.0,-7.9949999999999894,359,0.7261,102.2,0.0122,0.3292
689256,2245,400.0,-7.139999999999965,588,0.7258,102.2,0.0108,0.3401
689530,2246,0.0,-7.569999999999986,274,0.7257,102.2,0.0096,0.3354
689935,2247,300.0,-7.3249999999999735,405,0.7255,102.2,0.0104,0.3349
690374,2248,300.0,-7.49499999999997,439,0.7253,102.2,0.0102,0.3601
690682,2249,0.0,-7.739999999999986,308,0.7252,102.2,0.0102,0.3625
690902,2250,0.0,-7.29999999999999,220,0.7251,102.2,0.0127,0.3628
691232,2251,100.0,-7.849999999999989,330,0.7249,102.2,0.0098,0.358
691663,2252,500.0,-7.454999999999976,431,0.7248,102.2,0.0111,0.3554
691870,2253,0.0,-7.935000000000003,207,0.7247,102.2,0.0112,0.3597
692304,2254,700.0,-8.36999999999998,434,0.7245,102.2,0.0099,0.3557
692713,2255,200.0,-8.244999999999987,409,0.7243,102.1,0.0115,0.3613
692989,2256,0.0,-7.579999999999988,276,0.7242,102.1,0.0126,0.3573
693364,2257,500.0,-7.174999999999979,375,0.724,102.1,0.0129,0.3586
693655,2258,200.0,-7.654999999999988,291,0.7239,102.1,0.0084,0.3711
694021,2259,200.0,-8.029999999999982,366,0.7237,102.1,0.0119,0.3583
694508,2260,0.0,-7.734999999999971,487,0.7235,102.1,0.0115,0.3578
694787,2261,200.0,-7.594999999999993,279,0.7233,102.1,0.0121,0.3628
695096,2262,100.0,-7.744999999999987,309,0.7232,102.1,0.0125,0.3533
695385,2263,0.0,-7.644999999999988,289,0.7231,102.1,0.0137,0.3588
695710,2264,0.0,-7.824999999999985,325,0.7229,102.1,0.0102,0.3589
696002,2265,0.0,-7.659999999999984,292,0.7228,102.1,0.0104,0.366
696276,2266,0.0,-7.569999999999987,274,0.7227,102.1,0.0121,0.3535
696732,2267,800.0,-7.579999999999965,456,0.7225,102.1,0.0099,0.3539
697173,2268,1100.0,-8.404999999999976,441,0.7223,102.0,0.0114,0.3513
697461,2269,300.0,-7.639999999999983,288,0.7221,102.0,0.0088,0.3515
697873,2270,600.0,-8.259999999999975,412,0.722,102.0,0.0119,0.3636
698386,2271,1200.0,-7.864999999999964,513,0.7217,102.0,0.0112,0.3554
698659,2272,0.0,-7.564999999999985,273,0.7216,102.0,0.0155,0.3484
699005,2273,300.0,-7.9299999999999855,346,0.7214,102.0,0.011,0.3582
699530,2274,300.0,-7.924999999999963,525,0.7212,102.0,0.0106,0.358
699819,2275,0.0,-7.644999999999989,289,0.7211,102.0,0.0113,0.3592
700201,2276,100.0,-8.109999999999983,382,0.7209,101.1,0.013,0.3639
700399,2277,0.0,-7.189999999999993,198,0.7208,101.1,0.0106,0.3724
700778,2278,300.0,-8.094999999999986,379,0.7206,101.1,0.0104,0.3657
701305,2279,600.0,-7.934999999999972,527,0.7204,101.1,0.0095,0.3626
701711,2280,0.0,-8.229999999999986,406,0.7202,101.1,0.0098,0.3802
702044,2281,500.0,-7.8649999999999896,333,0.7201,101.0,0.0123,0.3632
702348,2282,500.0,-7.71999999999999,304,0.7199,101.0,0.0111,0.3795
702716,2283,100.0,-8.039999999999992,368,0.7198,101.0,0.0114,0.3756
703062,2284,500.0,-7.929999999999985,346,0.7196,101.0,0.0108,0.373
703350,2285,0.0,-7.639999999999989,288,0.7195,101.0,0.011,0.3723
703678,2286,0.0,-7.839999999999989,328,0.7193,101.0,0.0121,0.3712
704063,2287,500.0,-8.124999999999977,385,0.7192,101.0,0.0109,0.3721
704362,2288,0.0,-7.694999999999984,299,0.719,101.0,0.0116,0.3733
704685,2289,0.0,-7.8149999999999915,323,0.7189,101.0,0.0113,0.3759
705109,2290,400.0,-8.319999999999972,424,0.7187,101.0,0.0107,0.3746
705463,2291,400.0,-7.969999999999979,354,0.7185,101.0,0.0118,0.363
705770,2292,100.0,-7.734999999999987,307,0.7184,101.0,0.0109,0.3712
706109,2293,300.0,-7.894999999999983,339,0.7183,101.0,0.0103,0.3641
706365,2294,100.0,-7.479999999999989,256,0.7181,101.0,0.0103,0.3707
706628,2295,0.0,-7.514999999999988,263,0.718,101.0,0.0123,0.3693
707181,2296,1100.0,-6.9649999999999626,553,0.7178,100.9,0.01,0.37
707490,2297,300.0,-7.744999999999987,309,0.7176,100.9,0.0106,0.3786
707907,2298,700.0,-8.284999999999973,417,0.7174,100.9,0.0108,0.3665
708170,2299,0.0,-7.514999999999999,263,0.7173,100.9,0.0115,0.3726
708457,2300,100.0,-7.634999999999993,287,0.7172,100.9,0.0104,0.358
708734,2301,0.0,-7.584999999999987,277,0.7171,100.9,0.0129,0.3779
709140,2302,100.0,-8.229999999999979,406,0.7169,100.9,0.0097,0.3638
709408,2303,0.0,-7.539999999999989,268,0.7168,100.9,0.0107,0.3654
709819,2304,400.0,-8.254999999999981,411,0.7166,100.9,0.0121,0.3672
710121,2305,100.0,-7.709999999999992,302,0.7164,100.9,0.0101,0.377
710406,2306,0.0,-7.624999999999989,285,0.7163,100.9,0.0134,0.3808
710779,2307,400.0,-8.06499999999998,373,0.7161,100.9,0.0099,0.382
711294,2308,900.0,-7.874999999999969,515,0.7159,100.9,0.0122,0.3797
711638,2309,100.0,-7.91999999999998,344,0.7158,100.9,0.0117,0.3934
712011,2310,400.0,-8.064999999999976,373,0.7156,100.8,0.01,0.3871
712371,2311,0.0,-7.9999999999999805,360,0.7154,100.8,0.0103,0.3862
712805,2312,0.0,-7.4699999999999696,434,0.7152,100.8,0.0124,0.3907
713121,2313,200.0,-7.779999999999983,316,0.7151,100.8,0.01,0.3862
713355,2314,0.0,-7.369999999999995,234,0.715,100.8,0.0118,0.3861
713659,2315,200.0,-7.719999999999989,304,0.7149,100.8,0.0111,0.3844
714035,2316,0.0,-8.079999999999986,376,0.7147,100.8,0.0105,0.3739
714408,2317,100.0,-8.064999999999976,373,0.7145,100.8,0.0089,0.3789
714722,2318,100.0,-7.769999999999984,314,0.7144,100.8,0.0096,0.3925
715274,2319,300.0,-6.9599999999999635,552,0.7141,100.8,0.0093,0.3832
715516,2320,0.0,-7.409999999999996,242,0.714,100.8,0.0123,0.3873
715850,2321,400.0,-7.8699999999999815,334,0.7139,100.8,0.0096,0.387
716281,2322,0.0,-8.354999999999977,431,0.7137,100.8,0.0107,0.3785
716557,2323,200.0,-7.579999999999988,276,0.7135,100.8,0.0118,0.3866
716945,2324,0.0,-7.239999999999979,388,0.7134,100.7,0.01,0.3834
717172,2325,0.0,-7.335,227,0.7133,100.7,0.0104,0.3789
717509,2326,100.0,-7.884999999999979,337,0.7131,100.7,0.0116,0.3773
717937,2327,300.0,-7.439999999999978,428,0.7129,100.7,0.0122,0.3842
718201,2328,200.0,-7.519999999999985,264,0.7128,100.7,0.0108,0.3843
718478,2329,200.0,-7.584999999999984,277,0.7127,100.7,0.0124,0.3869
718904,2330,0.0,-7.429999999999977,426,0.7125,100.7,0.0119,0.3823
719183,2331,0.0,-7.594999999999983,279,0.7124,100.7,0.0114,0.3872
719528,2332,600.0,-7.924999999999982,345,0.7122,100.7,0.0123,0.3812
719850,2333,400.0,-7.809999999999987,322,0.7121,100.7,0.011,0.3778
720336,2334,100.0,-7.729999999999978,486,0.7118,100.7,0.0112,0.4015
720699,2335,500.0,-8.014999999999983,363,0.7117,100.7,0.0085,0.4029
721162,2336,400.0,-7.6149999999999665,463,0.7115,100.7,0.0111,0.4063
721547,2337,400.0,-8.12499999999999,385,0.7113,100.7,0.01,0.4112
722110,2338,700.0,-8.11499999999996,563,0.7111,100.6,0.0113,0.4094
722462,2339,0.0,-7.959999999999992,352,0.7109,100.6,0.0111,0.4056
722835,2340,200.0,-8.064999999999976,373,0.7107,100.6,0.0108,0.4043
723082,2341,400.0,-8.134999999999991,247,0.7106,100.6,0.0125,0.4081
723508,2342,400.0,-8.329999999999977,426,0.7104,100.6,0.0103,0.4052
723891,2343,300.0,-8.114999999999984,383,0.7102,100.6,0.011,0.4033
724406,2344,600.0,-7.874999999999976,515,0.71,100.6,0.012,0.4053
724642,2345,0.0,-7.379999999999992,236,0.7099,100.6,0.0106,0.411
725088,2346,300.0,-8.429999999999971,446,0.7097,100.6,0.0117,0.4136
725476,2347,500.0,-8.139999999999983,388,0.7095,100.6,0.0117,0.4081
725767,2348,200.0,-7.654999999999989,291,0.7094,100.6,0.0113,0.4083
726143,2349,200.0,-7.179999999999984,376,0.7092,100.6,0.01,0.4093
726583,2350,400.0,-7.49999999999998,440,0.709,100.6,0.0101,0.4023
727084,2351,700.0,-7.80499999999998,501,0.7088,100.5,0.01,0.4076
727373,2352,0.0,-7.644999999999992,289,0.7087,100.5,0.0141,0.3995
727725,2353,100.0,-7.959999999999988,352,0.7085,100.5,0.0102,0.409
728125,2354,1100.0,-7.299999999999971,400,0.7083,100.5,0.011,0.4136
728351,2355,200.0,-7.32999999999999,226,0.7082,100.5,0.0147,0.3956
728780,2356,0.0,-7.444999999999972,429,0.708,100.5,0.0117,0.4067
729247,2357,500.0,-7.634999999999966,467,0.7078,100.5,0.0085,0.4169
729568,2358,200.0,-7.804999999999983,321,0.7077,100.5,0.0108,0.4002
729944,2359,400.0,-8.079999999999982,376,0.7075,100.5,0.0103,0.413
730344,2360,200.0,-8.199999999999976,400,0.7073,100.5,0.0086,0.4132
730807,2361,1000.0,-7.614999999999973,463,0.7071,100.5,0.0121,0.4195
731284,2362,0.0,-7.684999999999979,477,0.7069,100.5,0.0091,0.4104
731762,2363,100.0,-7.6899999999999675,478,0.7067,100.5,0.0107,0.4178
732093,2364,1100.0,-7.854999999999988,331,0.7066,100.5,0.0122,0.4008
732377,2365,0.0,-7.619999999999987,284,0.7064,100.4,0.0095,0.4163
732793,2366,100.0,-8.279999999999973,416,0.7062,100.4,0.0129,0.4173
733127,2367,0.0,-7.86999999999999,334,0.7061,100.4,0.0117,0.4151
733506,2368,200.0,-8.094999999999981,379,0.7059,100.4,0.0125,0.4115
733759,2369,100.0,-7.464999999999989,253,0.7058,100.4,0.0127,0.4142
734166,2370,200.0,-8.234999999999982,407,0.7056,100.4,0.0112,0.4134
734527,2371,700.0,-8.004999999999981,361,0.7055,100.4,0.0098,0.4091
734799,2372,0.0,-7.559999999999987,272,0.7053,100.4,0.0106,0.4071
735208,2373,1100.0,-7.34499999999997,409,0.7052,100.4,0.0111,0.4158
735505,2374,0.0,-7.6849999999999845,297,0.705,100.4,0.0098,0.4082
735871,2375,400.0,-8.029999999999978,366,0.7049,100.4,0.0102,0.4115
736261,2376,600.0,-7.249999999999977,390,0.7047,100.4,0.0117,0.4047
736522,2377,200.0,-8.204999999999991,261,0.7046,100.4,0.0094,0.3987
736808,2378,0.0,-7.629999999999983,286,0.7044,100.4,0.012,0.4249
737078,2379,200.0,-7.549999999999988,270,0.7043,100.4,0.0128,0.4174
737446,2380,100.0,-8.039999999999978,368,0.7041,100.4,0.0113,0.4122
737686,2381,600.0,-7.39999999999999,240,0.704,100.4,0.0104,0.4085
738055,2382,100.0,-8.044999999999979,369,0.7039,100.4,0.0107,0.414
738467,2383,100.0,-8.259999999999987,412,0.7037,100.4,0.0122,0.414
738782,2384,100.0,-7.774999999999987,315,0.7035,100.4,0.0095,0.4208
739113,2385,600.0,-7.854999999999985,331,0.7034,100.4,0.0103,0.4181
739548,2386,200.0,-8.374999999999972,435,0.7032,100.4,0.0129,0.4116
739910,2387,600.0,-8.00999999999998,362,0.703,100.4,0.0128,0.412
740297,2388,200.0,-7.2349999999999755,387,0.7029,100.3,0.0117,0.4206
740679,2389,0.0,-8.109999999999976,382,0.7027,100.3,0.0115,0.4185
741011,2390,200.0,-7.859999999999986,332,0.7025,100.3,0.0106,0.4192
741405,2391,500.0,-7.269999999999981,394,0.7024,100.3,0.009,0.4202
741717,2392,300.0,-7.759999999999988,312,0.7022,100.3,0.0093,0.4101
742034,2393,0.0,-7.784999999999983,317,0.7021,100.3,0.0112,0.4171
742388,2394,200.0,-7.9699999999999855,354,0.7019,100.3,0.008,0.4168
742753,2395,800.0,-8.024999999999986,365,0.7018,100.3,0.0134,0.4125
742993,2396,0.0,-7.399999999999991,240,0.7017,100.3,0.0087,0.41
743506,2397,200.0,-6.764999999999967,513,0.7014,100.3,0.0126,0.4142
743903,2398,100.0,-7.284999999999989,397,0.7012,100.3,0.0128,0.4134
744206,2399,0.0,-7.714999999999993,303,0.7011,100.3,0.0105,0.4283
744454,2400,200.0,-7.43999999999999,248,0.701,100.3,0.0117,0.4287
744757,2401,100.0,-7.714999999999988,303,0.7009,100.3,0.0117,0.417
745170,2402,600.0,-7.364999999999978,413,0.7007,100.3,0.0094,0.4227
745557,2403,600.0,-8.134999999999973,387,0.7005,100.3,0.0121,0.417
746006,2404,400.0,-7.544999999999975,449,0.7003,100.3,0.0135,0.407
746337,2405,0.0,-7.854999999999988,331,0.7001,100.3,0.012,0.4178
746819,2406,300.0,-7.7099999999999715,482,0.6999,100.2,0.0093,0.4279
747136,2407,0.0,-7.7849999999999895,317,0.6998,100.2,0.0118,0.4273
747650,2408,1000.0,-7.8699999999999655,514,0.6996,100.2,0.011,0.4162
747931,2409,0.0,-7.604999999999996,281,0.6994,100.2,0.0121,0.4167
748256,2410,200.0,-7.82499999999999,325,0.6993,100.2,0.012,0.4179
748642,2411,800.0,-7.229999999999976,386,0.6991,100.2,0.0119,0.4208
748873,2412,500.0,-8.055,231,0.699,100.2,0.0113,0.4119
749199,2413,400.0,-7.829999999999982,326,0.6989,100.2,0.0114,0.4171
749679,2414,400.0,-7.699999999999971,480,0.6986,100.2,0.0103,0.4197
749996,2415,400.0,-7.7849999999999895,317,0.6985,100.2,0.0119,0.4222
750268,2416,0.0,-7.559999999999989,272,0.6984,100.2,0.01,0.4418
750569,2417,100.0,-7.704999999999985,301,0.6982,100.2,0.0114,0.4508
750930,2418,0.0,-8.004999999999976,361,0.6981,100.2,0.0098,0.4519
751345,2419,600.0,-8.274999999999974,415,0.6979,100.2,0.0128,0.4502
751675,2420,200.0,-7.849999999999989,330,0.6977,100.2,0.0117,0.4474
751951,2421,200.0,-7.579999999999987,276,0.6976,100.2,0.0114,0.4499
752251,2422,0.0,-7.6999999999999815,300,0.6975,100.2,0.0116,0.444
752743,2423,900.0,-7.759999999999969,492,0.6973,100.2,0.0097,0.4432
753163,2424,800.0,-7.399999999999979,420,0.6971,100.2,0.0105,0.4523
753608,2425,0.0,-6.424999999999985,445,0.6969,100.2,0.0118,0.4422
753854,2426,0.0,-7.429999999999988,246,0.6968,100.2,0.0089,0.4563
754319,2427,500.0,-6.524999999999974,465,0.6966,100.2,0.0126,0.4496
754678,2428,0.0,-7.99499999999998,359,0.6964,100.1,0.0118,0.4427
754977,2429,0.0,-7.694999999999989,299,0.6963,100.1,0.0099,0.4549
755418,2430,400.0,-7.504999999999973,441,0.6961,100.1,0.0114,0.4491
755990,2431,1100.0,-7.059999999999961,572,0.6958,100.1,0.0114,0.4448
756246,2432,0.0,-7.479999999999989,256,0.6957,100.1,0.0102,0.4571
756487,2433,0.0,-7.404999999999989,241,0.6956,100.1,0.0115,0.4399
756746,2434,400.0,-7.494999999999989,259,0.6955,100.1,0.0128,0.4358
757038,2435,400.0,-6.759999999999982,292,0.6953,100.1,0.0102,0.4487
757465,2436,700.0,-7.4349999999999765,427,0.6951,100.1,0.0109,0.4552
757710,2437,0.0,-7.424999999999989,245,0.695,100.1,0.0109,0.4513
758325,2438,900.0,-8.374999999999966,615,0.6948,100.1,0.0106,0.4495
758699,2439,700.0,-8.069999999999983,374,0.6946,100.1,0.0095,0.4507
759096,2440,600.0,-8.184999999999977,397,0.6944,100.1,0.0106,0.4457
759479,2441,500.0,-8.114999999999977,383,0.6942,100.1,0.0108,0.4342
759972,2442,900.0,-7.764999999999978,493,0.694,100.1,0.0088,0.4486
760304,2443,0.0,-7.859999999999982,332,0.6939,100.1,0.0108,0.4569
760772,2444,200.0,-7.63999999999997,468,0.6937,100.1,0.0098,0.4569
761091,2445,300.0,-7.794999999999985,319,0.6935,100.0,0.0108,0.4561
761359,2446,300.0,-7.539999999999987,268,0.6934,100.0,0.0101,0.4581
761657,2447,0.0,-8.389999999999988,298,0.6933,100.0,0.0139,0.4475
762285,2448,800.0,-7.339999999999956,628,0.693,100.0,0.0115,0.4517
762797,2449,600.0,-6.759999999999968,512,0.6927,100.0,0.0108,0.4605
763036,2450,0.0,-7.394999999999998,239,0.6926,100.0,0.0115,0.4626
763376,2451,100.0,-6.999999999999989,340,0.6925,100.0,0.0111,0.4604
763810,2452,0.0,-7.469999999999979,434,0.6923,100.0,0.0113,0.4607
764261,2453,400.0,-7.5549999999999775,451,0.6921,100.0,0.0119,0.4541
764567,2454,0.0,-7.729999999999983,306,0.6919,100.0,0.0109,0.455
764849,2455,0.0,-7.609999999999985,282,0.6918,100.0,0.0103,0.4514
765194,2456,200.0,-7.924999999999991,345,0.6917,100.0,0.0086,0.452
765772,2457,800.0,-7.089999999999954,578,0.6914,100.0,0.0107,0.457
766156,2458,100.0,-7.2199999999999775,384,0.6912,100.0,0.0114,0.4613
766599,2459,300.0,-7.514999999999978,443,0.691,99.9,0.0102,0.4522
766945,2460,400.0,-7.029999999999977,346,0.6909,99.9,0.0114,0.4551
767177,2461,0.0,-7.359999999999995,232,0.6908,99.9,0.009,0.4507
767550,2462,200.0,-8.064999999999987,373,0.6906,99.9,0.0125,0.4587
767938,2463,300.0,-7.239999999999974,388,0.6904,99.9,0.0116,0.4491
768199,2464,0.0,-7.50499999999999,261,0.6903,99.9,0.008,0.46
768673,2465,800.0,-6.569999999999975,474,0.6901,99.9,0.0115,0.4559
768946,2466,300.0,-7.564999999999985,273,0.69,99.9,0.0107,0.4688
769282,2467,0.0,-7.879999999999987,336,0.6898,99.9,0.011,0.4542
769668,2468,400.0,-8.129999999999981,386,0.6896,99.9,0.0099,0.4612
770109,2469,200.0,-8.40499999999998,441,0.6895,99.9,0.0128,0.4676
770478,2470,300.0,-6.044999999999976,369,0.6893,99.9,0.0116,0.4706
770720,2471,0.0,-7.4099999999999895,242,0.6892,99.9,0.0129,0.4705
771053,2472,0.0,-7.8649999999999896,333,0.689,99.9,0.0111,0.4685
771328,2473,0.0,-7.574999999999988,275,0.6889,99.8,0.0093,0.4764
771628,2474,0.0,-7.699999999999984,300,0.6888,99.8,0.0115,0.4782
771996,2475,200.0,-7.139999999999976,368,0.6886,99.8,0.013,0.4765
772509,2476,200.0,-7.8649999999999665,513,0.6884,99.8,0.012,0.4713
772828,2477,400.0,-7.794999999999991,319,0.6882,99.8,0.0142,0.4623
773143,2478,400.0,-7.7749999999999835,315,0.6881,99.8,0.0117,0.4593
773559,2479,900.0,-7.379999999999976,416,0.6879,99.8,0.0103,0.4779
773967,2480,500.0,-7.339999999999979,408,0.6877,99.8,0.0125,0.4773
774418,2481,200.0,-7.554999999999975,451,0.6875,99.8,0.0116,0.4791
774833,2482,500.0,-7.374999999999987,415,0.6873,99.8,0.0117,0.472
775067,2483,0.0,-7.36999999999999,234,0.6872,99.8,0.011,0.4654
775565,2484,200.0,-6.689999999999971,498,0.687,99.8,0.0132,0.4702
776024,2485,500.0,-7.594999999999967,459,0.6868,99.8,0.0119,0.4691
776476,2486,200.0,-6.459999999999973,452,0.6866,99.8,0.011,0.4776
777103,2487,800.0,-8.43499999999995,627,0.6863,99.7,0.0114,0.4695
777450,2488,0.0,-7.934999999999977,347,0.6861,99.7,0.0108,0.4792
777777,2489,500.0,-7.834999999999981,327,0.686,99.7,0.0112,0.4644
778115,2490,400.0,-7.889999999999982,338,0.6858,99.7,0.0126,0.4732
778343,2491,0.0,-7.339999999999991,228,0.6857,99.7,0.0125,0.4793
778735,2492,100.0,-8.159999999999979,392,0.6856,99.7,0.0123,0.4749
779054,2493,0.0,-6.894999999999985,319,0.6854,99.7,0.0118,0.4699
779283,2494,0.0,-7.344999999999993,229,0.6853,99.7,0.0119,0.4792
779700,2495,400.0,-7.384999999999979,417,0.6851,99.7,0.0111,0.4663
780026,2496,400.0,-7.829999999999989,326,0.685,99.7,0.0114,0.4741
780421,2497,400.0,-6.1749999999999705,395,0.6848,99.7,0.0117,0.4822
780906,2498,1000.0,-7.72499999999997,485,0.6846,99.7,0.0126,0.4901
781249,2499,200.0,-7.914999999999984,343,0.6844,99.7,0.0115,0.4804
781559,2500,300.0,-7.749999999999983,310,0.6843,99.7,0.0104,0.4839
781721,2501,0.0,-7.009999999999996,162,0.6842,99.7,0.0124,0.4837
782007,2502,200.0,-7.629999999999994,286,0.6841,99.7,0.0142,0.4751
782401,2503,200.0,-7.269999999999977,394,0.6839,99.7,0.0118,0.4783
782771,2504,200.0,-7.149999999999984,370,0.6838,99.7,0.012,0.4856
783130,2505,0.0,-7.994999999999975,359,0.6836,99.7,0.0132,0.4731
783362,2506,100.0,-7.3599999999999905,232,0.6835,99.7,0.0115,0.4756
783741,2507,100.0,-8.094999999999981,379,0.6833,99.6,0.0126,0.4738
784056,2508,600.0,-7.7749999999999835,315,0.6832,99.6,0.0104,0.487
784467,2509,200.0,-7.35499999999998,411,0.683,99.6,0.0122,0.4816
784839,2510,200.0,-8.059999999999986,372,0.6828,99.6,0.0111,0.4821
785121,2511,300.0,-7.609999999999985,282,0.6827,99.6,0.01,0.495
785493,2512,0.0,-8.059999999999983,372,0.6825,99.6,0.0133,0.4934
785841,2513,100.0,-7.939999999999986,348,0.6824,99.6,0.0117,0.4761
786079,2514,0.0,-7.3899999999999935,238,0.6823,99.6,0.0118,0.4776
786386,2515,500.0,-7.734999999999996,307,0.6821,99.6,0.0128,0.4732
786734,2516,300.0,-7.939999999999981,348,0.682,99.6,0.0103,0.4845
786985,2517,0.0,-7.454999999999988,251,0.6819,99.6,0.0087,0.4799
787296,2518,0.0,-7.75499999999999,311,0.6817,99.6,0.0118,0.4829
787559,2519,100.0,-7.514999999999986,263,0.6816,99.6,0.0089,0.488
788017,2520,0.0,-7.589999999999973,458,0.6814,99.6,0.0102,0.4843
788301,2521,0.0,-7.619999999999988,284,0.6813,99.6,0.0096,0.4847
788711,2522,100.0,-8.249999999999979,410,0.6811,99.6,0.0124,0.4852
789060,2523,0.0,-7.94499999999999,349,0.6809,99.6,0.0102,0.4885
789408,2524,300.0,-7.93999999999998,348,0.6808,99.6,0.0128,0.4778
789851,2525,100.0,-7.514999999999984,443,0.6806,99.6,0.0109,0.4856
790275,2526,200.0,-7.419999999999979,424,0.6804,99.6,0.0127,0.4946
790664,2527,400.0,-7.244999999999977,389,0.6802,99.6,0.0121,0.4918
790900,2528,0.0,-8.079999999999995,236,0.6801,99.6,0.01,0.4909
791147,2529,200.0,-7.434999999999999,247,0.68,99.6,0.0111,0.4785
791472,2530,200.0,-7.82499999999999,325,0.6798,99.6,0.0095,0.4836
792022,2531,1000.0,-6.949999999999973,550,0.6796,99.5,0.0107,0.4856
792366,2532,0.0,-7.01999999999998,344,0.6794,99.5,0.0096,0.4836
792721,2533,400.0,-7.974999999999987,355,0.6793,99.5,0.0114,0.4922
793165,2534,100.0,-7.519999999999974,444,0.6791,99.5,0.0096,0.4926
793464,2535,300.0,-7.694999999999987,299,0.6789,99.5,0.0103,0.489
793824,2536,200.0,-7.9999999999999805,360,0.6788,99.5,0.0119,0.4874
794222,2537,600.0,-8.189999999999978,398,0.6786,99.5,0.0123,0.4847
794520,2538,0.0,-7.689999999999988,298,0.6785,99.5,0.0103,0.4855
795019,2539,500.0,-7.794999999999964,499,0.6782,99.5,0.0092,0.4877
795433,2540,600.0,-8.269999999999975,414,0.6781,99.5,0.0098,0.4928
795932,2541,500.0,-7.794999999999969,499,0.6778,99.5,0.0105,0.4944
796457,2542,400.0,-6.824999999999962,525,0.6776,99.5,0.0112,0.4865
796933,2543,900.0,-6.579999999999972,476,0.6774,99.5,0.0133,0.4972
797299,2544,0.0,-8.029999999999989,366,0.6772,99.5,0.0124,0.4872
797776,2545,600.0,-8.584999999999969,477,0.677,99.5,0.0112,0.4835
798097,2546,400.0,-7.80499999999998,321,0.6769,99.5,0.0113,0.4873
798392,2547,400.0,-6.774999999999987,295,0.6767,99.5,0.0098,0.49
798979,2548,400.0,-8.234999999999957,587,0.6765,99.5,0.0108,0.485
799269,2549,0.0,-7.649999999999986,290,0.6763,99.5,0.0104,0.4911
799631,2550,300.0,-7.109999999999974,362,0.6762,99.5,0.0121,0.4791
799904,2551,0.0,-7.564999999999992,273,0.676,99.4,0.0121,0.4858
800184,2552,200.0,-7.599999999999984,280,0.6759,98.6,0.0128,0.4861
800650,2553,600.0,-7.629999999999969,466,0.6757,98.6,0.011,0.4967
801018,2554,600.0,-8.039999999999988,368,0.6755,98.6,0.0112,0.4932
801331,2555,200.0,-7.7649999999999855,313,0.6754,98.6,0.0105,0.4937
801783,2556,500.0,-6.459999999999976,452,0.6752,98.6,0.0128,0.497
802162,2557,300.0,-8.094999999999978,379,0.675,98.6,0.0092,0.4943
802472,2558,100.0,-7.749999999999991,310,0.6749,98.6,0.0107,0.4892
802830,2559,200.0,-7.989999999999982,358,0.6747,98.6,0.0094,0.4958
803147,2560,0.0,-7.784999999999983,317,0.6746,98.6,0.014,0.4987
803474,2561,400.0,-7.834999999999987,327,0.6744,98.6,0.0098,0.4846
803799,2562,0.0,-6.924999999999981,325,0.6743,98.6,0.0131,0.4942
804281,2563,500.0,-6.6099999999999675,482,0.6741,98.6,0.0115,0.4919
804634,2564,200.0,-7.96499999999998,353,0.6739,98.6,0.0114,0.4914
804885,2565,100.0,-7.454999999999989,251,0.6738,98.6,0.0105,0.5024
805489,2566,800.0,-7.219999999999962,604,0.6735,98.5,0.0125,0.4863
805833,2567,500.0,-7.9199999999999875,344,0.6734,98.5,0.0111,0.4786
806103,2568,200.0,-7.549999999999987,270,0.6733,98.5,0.0111,0.4978
806502,2569,0.0,-8.194999999999979,399,0.6731,98.5,0.0107,0.4864
806929,2570,800.0,-7.4349999999999685,427,0.6729,98.5,0.0102,0.4868
807449,2571,300.0,-6.799999999999979,520,0.6726,98.5,0.0114,0.4911
807714,2572,200.0,-7.524999999999986,265,0.6725,98.5,0.0115,0.4851
808136,2573,400.0,-7.409999999999984,422,0.6723,98.5,0.0115,0.4924
808608,2574,100.0,-8.55999999999997,472,0.6721,98.5,0.0123,0.4888
809064,2575,200.0,-6.479999999999977,456,0.6719,98.5,0.0103,0.4901
809377,2576,200.0,-7.764999999999987,313,0.6718,98.5,0.0088,0.4906
809767,2577,500.0,-7.249999999999979,390,0.6716,98.5,0.0105,0.4927
810183,2578,300.0,-8.279999999999974,416,0.6714,98.5,0.0122,0.497
810643,2579,400.0,-7.5999999999999694,460,0.6712,98.5,0.011,0.5065
811088,2580,100.0,-7.524999999999971,445,0.671,98.5,0.0107,0.5048
811486,2581,100.0,-7.2899999999999805,398,0.6708,98.5,0.0109,0.4952
811987,2582,500.0,-6.704999999999965,501,0.6706,98.5,0.012,0.495
812517,2583,600.0,-6.849999999999969,530,0.6704,98.5,0.0104,0.5021
812822,2584,0.0,-7.7249999999999845,305,0.6702,98.5,0.0133,0.4981
813247,2585,400.0,-7.424999999999983,425,0.67,98.5,0.0105,0.5016
813797,2586,300.0,-6.949999999999967,550,0.6698,98.5,0.0126,0.4987
814185,2587,300.0,-7.23999999999998,388,0.6696,98.5,0.0107,0.5041
814485,2588,200.0,-7.699999999999983,300,0.6695,98.4,0.0099,0.4981
814691,2589,0.0,-7.229999999999992,206,0.6694,98.4,0.012,0.5027
815045,2590,200.0,-7.969999999999981,354,0.6692,98.4,0.0108,0.5012
815312,2591,0.0,-7.534999999999988,267,0.6691,98.4,0.0127,0.5025
815612,2592,200.0,-7.699999999999985,300,0.669,98.4,0.0127,0.5061
815973,2593,300.0,-7.104999999999986,361,0.6688,98.4,0.008,0.5011
816258,2594,200.0,-7.624999999999995,285,0.6687,98.4,0.0129,0.4944
816638,2595,100.0,-7.199999999999979,380,0.6685,98.4,0.0115,0.5006
816978,2596,0.0,-7.899999999999979,340,0.6684,98.4,0.0096,0.501
817390,2597,200.0,-8.259999999999978,412,0.6682,98.4,0.0132,0.4995
817736,2598,300.0,-7.029999999999981,346,0.668,98.4,0.0137,0.4975
818118,2599,400.0,-7.209999999999976,382,0.6678,98.4,0.011,0.5005
818430,2600,0.0,-7.759999999999983,312,0.6677,98.4,0.0109,0.5112
818934,2601,600.0,-6.719999999999974,504,0.6675,98.4,0.01,0.5014
819395,2602,400.0,-7.604999999999976,461,0.6673,98.4,0.0131,0.5042
819752,2603,200.0,-7.984999999999977,357,0.6671,98.4,0.0109,0.5001
819952,2604,0.0,-7.199999999999994,200,0.667,98.4,0.0099,0.4904
820236,2605,0.0,-7.61999999999999,284,0.6669,98.4,0.0098,0.5107
820603,2606,0.0,-8.034999999999979,367,0.6667,98.4,0.0117,0.5142
820908,2607,300.0,-7.724999999999983,305,0.6666,98.4,0.0133,0.512
821187,2608,300.0,-7.594999999999986,279,0.6665,98.4,0.012,0.5284
821501,2609,200.0,-7.769999999999984,314,0.6663,98.4,0.0121,0.5081
821870,2610,700.0,-8.044999999999995,369,0.6662,98.4,0.0117,0.5143
822249,2611,200.0,-7.1949999999999745,379,0.666,98.4,0.0102,0.5087
822513,2612,200.0,-7.519999999999988,264,0.6659,98.4,0.0154,0.5054
822876,2613,400.0,-7.114999999999975,363,0.6657,98.4,0.0125,0.5143
823389,2614,600.0,-7.864999999999962,513,0.6655,98.3,0.0098,0.5119
823800,2615,200.0,-8.254999999999978,411,0.6653,98.3,0.0112,0.5077
824115,2616,0.0,-7.774999999999994,315,0.6651,98.3,0.0106,0.5114
824416,2617,0.0,-7.704999999999991,301,0.665,98.3,0.011,0.5251
824830,2618,500.0,-7.369999999999978,414,0.6648,98.3,0.0108,0.5068
825077,2619,200.0,-7.435,247,0.6647,98.3,0.0103,0.5113
825371,2620,200.0,-7.669999999999993,294,0.6646,98.3,0.0109,0.5207
825715,2621,200.0,-7.919999999999988,344,0.6644,98.3,0.0103,0.5185
826002,2622,100.0,-7.634999999999993,287,0.6643,98.3,0.0113,0.5131
826457,2623,600.0,-7.574999999999982,455,0.6641,98.3,0.0112,0.5154
826726,2624,200.0,-7.544999999999988,269,0.664,98.3,0.0114,0.5197
827101,2625,0.0,-8.074999999999974,375,0.6638,98.3,0.0107,0.5177
827541,2626,300.0,-7.499999999999971,440,0.6636,98.3,0.0129,0.51
827962,2627,400.0,-7.404999999999975,421,0.6634,98.3,0.0098,0.5156
828513,2628,600.0,-6.95499999999996,551,0.6632,98.3,0.0112,0.5152
828835,2629,700.0,-7.809999999999989,322,0.663,98.3,0.0135,0.5147
829210,2630,0.0,-8.074999999999978,375,0.6629,98.3,0.0103,0.5182
829495,2631,0.0,-7.624999999999984,285,0.6627,98.3,0.0101,0.5129
829779,2632,200.0,-7.619999999999987,284,0.6626,98.3,0.0108,0.5232
830203,2633,500.0,-7.419999999999974,424,0.6624,98.3,0.009,0.5255
830583,2634,200.0,-7.199999999999974,380,0.6622,98.3,0.0131,0.5234
831012,2635,400.0,-6.3449999999999775,429,0.662,98.3,0.0111,0.522
831384,2636,0.0,-7.159999999999981,372,0.6619,98.3,0.0119,0.5169
831718,2637,100.0,-7.869999999999982,334,0.6617,98.2,0.0123,0.5211
832132,2638,600.0,-7.369999999999974,414,0.6615,98.2,0.01,0.5173
832464,2639,100.0,-7.859999999999992,332,0.6614,98.2,0.0129,0.5166
832820,2640,800.0,-7.079999999999977,356,0.6612,98.2,0.0113,0.5286
833363,2641,300.0,-6.914999999999962,543,0.661,98.2,0.0123,0.5209
833703,2642,200.0,-6.999999999999979,340,0.6608,98.2,0.0119,0.5088
834088,2643,400.0,-7.224999999999985,385,0.6607,98.2,0.0105,0.5114
834368,2644,200.0,-7.599999999999987,280,0.6605,98.2,0.0104,0.5175
834872,2645,500.0,-7.819999999999966,504,0.6603,98.2,0.0101,0.5203
835129,2646,0.0,-7.484999999999989,257,0.6602,98.2,0.0138,0.5122
835585,2647,500.0,-6.479999999999966,456,0.66,98.2,0.0121,0.5192
835969,2648,400.0,-8.119999999999976,384,0.6598,98.2,0.0101,0.5127
836291,2649,200.0,-7.80999999999998,322,0.6597,98.2,0.0131,0.5128
836731,2650,100.0,-6.399999999999968,440,0.6595,98.2,0.0126,0.5129
837099,2651,300.0,-8.039999999999987,368,0.6593,98.2,0.0105,0.5255
837466,2652,100.0,-8.034999999999982,367,0.6591,98.2,0.0114,0.5083
837770,2653,400.0,-7.719999999999985,304,0.659,98.2,0.0122,0.5052
838034,2654,0.0,-7.519999999999989,264,0.6589,98.2,0.011,0.5062
838368,2655,400.0,-7.869999999999982,334,0.6587,98.2,0.0148,0.5107
838744,2656,200.0,-8.079999999999979,376,0.6586,98.2,0.0108,0.5162
839081,2657,0.0,-7.8849999999999785,337,0.6584,98.2,0.0119,0.5131
839680,2658,900.0,-7.194999999999951,599,0.6581,98.2,0.0127,0.5165
840185,2659,1600.0,-7.824999999999967,505,0.6579,98.2,0.0096,0.5127
840558,2660,500.0,-8.064999999999984,373,0.6577,98.2,0.0122,0.5121
840832,2661,300.0,-7.569999999999991,274,0.6576,98.2,0.0094,0.5068
841247,2662,100.0,-8.274999999999984,415,0.6574,98.1,0.0102,0.5087
841681,2663,0.0,-8.369999999999973,434,0.6572,98.1,0.0095,0.5112
842068,2664,0.0,-8.134999999999987,387,0.6571,98.1,0.0105,0.509
842474,2665,200.0,-8.229999999999983,406,0.6569,98.1,0.0108,0.5091
842758,2666,200.0,-7.619999999999983,284,0.6568,98.1,0.0106,0.4958
843073,2667,0.0,-7.774999999999992,315,0.6566,98.1,0.0099,0.5118
843407,2668,200.0,-7.869999999999981,334,0.6565,98.1,0.0107,0.5025
843724,2669,200.0,-7.784999999999981,317,0.6563,98.1,0.0123,0.5074
844055,2670,200.0,-6.954999999999979,331,0.6562,98.1,0.0114,0.5098
844320,2671,0.0,-7.524999999999986,265,0.6561,98.1,0.0099,0.5049
844914,2672,1000.0,-9.169999999999966,594,0.6558,98.1,0.0117,0.5096
845373,2673,0.0,-7.59499999999997,459,0.6556,98.1,0.0125,0.5128
845643,2674,0.0,-7.549999999999986,270,0.6555,98.1,0.0117,0.5187
845976,2675,500.0,-7.864999999999981,333,0.6553,98.1,0.0117,0.5018
846442,2676,1500.0,-7.62999999999998,466,0.6551,98.1,0.0117,0.5079
846724,2677,100.0,-7.609999999999985,282,0.655,98.1,0.0126,0.505
847282,2678,800.0,-8.089999999999964,558,0.6547,98.1,0.012,0.5088
847562,2679,0.0,-7.599999999999991,280,0.6546,98.1,0.0091,0.5083
847929,2680,300.0,-8.03499999999998,367,0.6544,98.1,0.0121,0.5082
848182,2681,0.0,-7.464999999999987,253,0.6543,98.1,0.0106,0.5137
848398,2682,0.0,-7.27999999999999,216,0.6542,98.1,0.0141,0.5071
849007,2683,400.0,-9.244999999999958,609,0.6539,98.1,0.0104,0.5145
849178,2684,0.0,-7.054999999999995,171,0.6539,98.1,0.0102,0.509
849504,2685,400.0,-7.829999999999979,326,0.6537,98.1,0.0124,0.5046
849920,2686,800.0,-8.279999999999983,416,0.6535,98.0,0.0104,0.5111
850219,2687,200.0,-6.794999999999991,299,0.6534,98.0,0.0152,0.5174
850660,2688,700.0,-7.50499999999997,441,0.6532,98.0,0.0114,0.5287
851118,2689,0.0,-7.589999999999977,458,0.653,98.0,0.0106,0.528
851383,2690,200.0,-7.524999999999986,265,0.6529,98.0,0.0137,0.5195
851889,2691,600.0,-6.7299999999999605,506,0.6526,98.0,0.0095,0.5262
852099,2692,0.0,-7.949999999999995,210,0.6526,98.0,0.0113,0.5227
852589,2693,600.0,-6.649999999999964,490,0.6523,98.0,0.0108,0.5308
853065,2694,1200.0,-7.679999999999976,476,0.6521,98.0,0.0099,0.5235
853549,2695,200.0,-6.61999999999997,484,0.6519,98.0,0.0119,0.5242
853941,2696,100.0,-8.159999999999977,392,0.6517,98.0,0.0112,0.5193
854269,2697,1000.0,-7.839999999999985,328,0.6516,98.0,0.0118,0.5258
854792,2698,600.0,-7.914999999999971,523,0.6513,98.0,0.0122,0.5265
855334,2699,800.0,-8.009999999999966,542,0.6511,98.0,0.013,0.5094
855731,2700,400.0,-7.284999999999976,397,0.6509,98.0,0.0133,0.5241
856131,2701,300.0,-8.199999999999974,400,0.6507,98.0,0.0112,0.5108
856403,2702,200.0,-7.559999999999986,272,0.6506,98.0,0.0119,0.5286
856634,2703,0.0,-7.354999999999997,231,0.6505,98.0,0.0129,0.5182
856927,2704,200.0,-7.664999999999989,293,0.6504,98.0,0.0104,0.5251
857268,2705,0.0,-7.9049999999999985,341,0.6502,98.0,0.012,0.5223
857499,2706,0.0,-7.354999999999989,231,0.6501,98.0,0.0109,0.5243
857824,2707,100.0,-7.824999999999983,325,0.65,98.0,0.0139,0.5203
858332,2708,1100.0,-7.839999999999965,508,0.6498,97.9,0.0114,0.5247
858713,2709,1000.0,-7.204999999999979,381,0.6496,97.9,0.0115,0.5274
859184,2710,500.0,-7.6549999999999665,471,0.6494,97.9,0.0118,0.5207
859451,2711,200.0,-7.534999999999995,267,0.6492,97.9,0.0116,0.5249
859922,2712,400.0,-7.654999999999972,471,0.649,97.9,0.0126,0.5219
860299,2713,200.0,-8.084999999999976,377,0.6489,97.9,0.011,0.5279
860587,2714,200.0,-7.639999999999992,288,0.6487,97.9,0.0123,0.5208
860985,2715,100.0,-7.2899999999999725,398,0.6486,97.9,0.0125,0.5193
861345,2716,300.0,-7.099999999999977,360,0.6484,97.9,0.0109,0.515
861603,2717,200.0,-7.489999999999989,258,0.6483,97.9,0.0123,0.5157
862168,2718,1000.0,-7.0249999999999595,565,0.648,97.9,0.0109,0.5188
862455,2719,0.0,-7.634999999999989,287,0.6479,97.9,0.0111,0.5184
862816,2720,400.0,-7.104999999999983,361,0.6477,97.9,0.012,0.5118
863161,2721,0.0,-7.924999999999988,345,0.6476,97.9,0.0119,0.5177
863569,2722,500.0,-7.339999999999984,408,0.6474,97.9,0.0097,0.5154
864130,2723,300.0,-7.004999999999965,561,0.6471,97.9,0.0109,0.5195
864485,2724,0.0,-7.974999999999978,355,0.647,97.9,0.0114,0.5131
864784,2725,300.0,-6.794999999999982,299,0.6468,97.9,0.0128,0.5113
865206,2726,300.0,-7.409999999999971,422,0.6467,97.9,0.014,0.5182
865519,2727,200.0,-7.764999999999985,313,0.6465,97.9,0.0133,0.5191
865805,2728,200.0,-7.6299999999999875,286,0.6464,97.9,0.0135,0.5106
866116,2729,0.0,-7.754999999999991,311,0.6462,97.9,0.0114,0.517
866479,2730,300.0,-8.014999999999976,363,0.6461,97.9,0.0118,0.5255
866800,2731,200.0,-7.80499999999999,321,0.6459,97.9,0.0081,0.5158
867116,2732,200.0,-6.8799999999999795,316,0.6458,97.8,0.0118,0.5203
867471,2733,500.0,-7.074999999999982,355,0.6456,97.8,0.0116,0.5249
867690,2734,0.0,-7.294999999999997,219,0.6455,97.8,0.0121,0.515
867977,2735,100.0,-7.634999999999988,287,0.6454,97.8,0.0125,0.5345
868172,2736,0.0,-7.174999999999992,195,0.6453,97.8,0.0109,0.5308
868695,2737,1000.0,-6.8149999999999675,523,0.6451,97.8,0.0107,0.5198
869093,2738,0.0,-7.28999999999998,398,0.6449,97.8,0.0101,0.5205
869435,2739,0.0,-7.9099999999999895,342,0.6448,97.8,0.0118,0.5095
869896,2740,600.0,-7.604999999999971,461,0.6445,97.8,0.0113,0.5147
870349,2741,300.0,-7.564999999999974,453,0.6443,97.8,0.0117,0.5335
870611,2742,200.0,-7.509999999999988,262,0.6442,97.8,0.0111,0.5221
870936,2743,400.0,-7.82499999999999,325,0.6441,97.8,0.0111,0.5275
871533,2744,200.0,-8.284999999999961,597,0.6438,97.8,0.0115,0.5305
871785,2745,0.0,-7.459999999999992,252,0.6437,97.8,0.0121,0.5366
872187,2746,900.0,-7.309999999999981,402,0.6435,97.8,0.0098,0.5369
872563,2747,600.0,-7.179999999999976,376,0.6433,97.8,0.0129,0.5242
872777,2748,0.0,-7.269999999999993,214,0.6433,97.8,0.0116,0.5301
873162,2749,100.0,-8.124999999999979,385,0.6431,97.8,0.0114,0.5266
873578,2750,200.0,-8.279999999999974,416,0.6429,97.8,0.0128,0.5304
873996,2751,200.0,-8.28999999999998,418,0.6427,97.8,0.0102,0.5354
874390,2752,400.0,-7.269999999999975,394,0.6425,97.8,0.0141,0.5284
874813,2753,500.0,-8.314999999999982,423,0.6423,97.8,0.0104,0.5277
875261,2754,400.0,-7.539999999999978,448,0.6421,97.8,0.0131,0.5312
875457,2755,0.0,-7.18,196,0.642,97.7,0.0136,0.531
875874,2756,600.0,-6.28499999999997,417,0.6419,97.7,0.0099,0.5329
876253,2757,100.0,-8.094999999999978,379,0.6417,97.7,0.0118,0.5314
876535,2758,400.0,-8.30999999999999,282,0.6416,97.7,0.0111,0.5183
876886,2759,200.0,-7.0549999999999775,351,0.6414,97.7,0.0109,0.5334
877306,2760,200.0,-7.399999999999975,420,0.6412,97.7,0.0105,0.5326
877737,2761,400.0,-7.4549999999999805,431,0.641,97.7,0.0122,0.5278
878206,2762,800.0,-7.644999999999973,469,0.6408,97.7,0.0082,0.5292
878564,2763,300.0,-7.089999999999986,358,0.6406,97.7,0.0118,0.5242
879017,2764,400.0,-7.564999999999982,453,0.6404,97.7,0.0121,0.5373
879300,2765,0.0,-8.314999999999989,283,0.6403,97.7,0.0102,0.5276
879567,2766,100.0,-7.534999999999988,267,0.6402,97.7,0.0126,0.5286
879989,2767,700.0,-7.409999999999971,422,0.64,97.7,0.011,0.5288
880372,2768,300.0,-7.214999999999973,383,0.6398,97.7,0.0129,0.5322
880643,2769,0.0,-7.554999999999987,271,0.6397,97.7,0.0113,0.5281
881082,2770,900.0,-7.494999999999972,439,0.6395,97.7,0.0126,0.5288
881397,2771,600.0,-7.774999999999984,315,0.6394,97.7,0.0096,0.5395
881823,2772,400.0,-8.32999999999998,426,0.6392,97.7,0.0121,0.523
882336,2773,800.0,-6.764999999999975,513,0.6389,97.7,0.0113,0.5398
882584,2774,0.0,-7.439999999999992,248,0.6388,97.7,0.0096,0.5278
883006,2775,300.0,-7.409999999999977,422,0.6386,97.7,0.0107,0.5374
883318,2776,0.0,-7.759999999999988,312,0.6385,97.7,0.0128,0.5282
883994,2777,800.0,-9.579999999999966,676,0.6382,97.7,0.0098,0.5322
884412,2778,200.0,-8.289999999999974,418,0.638,97.6,0.0119,0.5271
884926,2779,600.0,-7.869999999999971,514,0.6378,97.6,0.0104,0.5253
885383,2780,100.0,-8.484999999999971,457,0.6376,97.6,0.0122,0.5321
885965,2781,0.0,-8.209999999999958,582,0.6373,97.6,0.0109,0.5314
886313,2782,100.0,-7.039999999999985,348,0.6372,97.6,0.0117,0.5354
886672,2783,500.0,-7.994999999999981,359,0.637,97.6,0.0117,0.5409
886990,2784,400.0,-7.789999999999989,318,0.6369,97.6,0.0097,0.5282
887367,2785,0.0,-7.1849999999999765,377,0.6367,97.6,0.0146,0.5306
887648,2786,100.0,-6.704999999999984,281,0.6366,97.6,0.0105,0.5436
887894,2787,200.0,-7.429999999999989,246,0.6364,97.6,0.0132,0.5254
888133,2788,0.0,-8.095000000000002,239,0.6363,97.6,0.0114,0.5316
888603,2789,900.0,-7.649999999999965,470,0.6361,97.6,0.0113,0.5284
889107,2790,200.0,-6.7199999999999624,504,0.6359,97.6,0.012,0.5331
889642,2791,1000.0,-8.874999999999963,535,0.6357,97.6,0.0098,0.5345
890059,2792,400.0,-7.384999999999976,417,0.6355,97.6,0.0136,0.5324
890475,2793,1100.0,-7.379999999999974,416,0.6353,97.6,0.0114,0.5395
890892,2794,200.0,-8.284999999999973,417,0.6351,97.6,0.0124,0.5312
891352,2795,500.0,-7.599999999999977,460,0.6349,97.6,0.013,0.5377
891794,2796,400.0,-7.509999999999981,442,0.6347,97.6,0.0119,0.5313
892184,2797,500.0,-7.249999999999978,390,0.6345,97.6,0.0132,0.5267
892426,2798,200.0,-7.409999999999988,242,0.6344,97.6,0.0106,0.5383
892926,2799,900.0,-8.699999999999964,500,0.6342,97.6,0.013,0.5313
893531,2800,700.0,-7.224999999999967,605,0.6339,97.5,0.0124,0.5306
893815,2801,0.0,-7.6199999999999894,284,0.6338,97.5,0.011,0.5263
894097,2802,300.0,-7.609999999999987,282,0.6337,97.5,0.012,0.5338
894430,2803,100.0,-7.864999999999987,333,0.6335,97.5,0.0111,0.5311
894884,2804,800.0,-8.469999999999978,454,0.6333,97.5,0.0117,0.5341
895312,2805,200.0,-8.33999999999998,428,0.6331,97.5,0.0119,0.5387
895820,2806,200.0,-7.839999999999965,508,0.6329,97.5,0.0114,0.5326
896189,2807,500.0,-8.044999999999977,369,0.6327,97.5,0.0117,0.5261
896473,2808,0.0,-8.31999999999999,284,0.6326,97.5,0.0119,0.5238
896699,2809,0.0,-7.329999999999991,226,0.6325,97.5,0.0112,0.5226
897006,2810,500.0,-7.734999999999984,307,0.6323,97.5,0.0121,0.5285
897475,2811,600.0,-8.544999999999977,469,0.6321,97.5,0.0117,0.5312
897921,2812,500.0,-7.529999999999979,446,0.6319,97.5,0.013,0.5276
898352,2813,200.0,-8.354999999999979,431,0.6317,97.5,0.0108,0.5314
898757,2814,400.0,-7.324999999999976,405,0.6316,97.5,0.0113,0.5329
899004,2815,0.0,-7.43499999999999,247,0.6314,97.5,0.0118,0.529
899495,2816,1200.0,-7.754999999999977,491,0.6312,97.5,0.0113,0.5307
899890,2817,200.0,-7.274999999999973,395,0.631,97.5,0.009,0.5409
900345,2818,400.0,-7.5749999999999655,455,0.6308,96.8,0.0108,0.5456
900811,2819,1000.0,-7.629999999999967,466,0.6306,96.8,0.0096,0.5556
901259,2820,300.0,-8.43999999999997,448,0.6304,96.8,0.0102,0.5549
901608,2821,400.0,-7.944999999999981,349,0.6303,96.8,0.0094,0.5567
902026,2822,200.0,-6.2899999999999725,418,0.6301,96.8,0.0117,0.5573
902371,2823,400.0,-7.924999999999981,345,0.6299,96.8,0.0126,0.5419
902686,2824,0.0,-7.774999999999994,315,0.6298,96.8,0.0098,0.5537
903058,2825,600.0,-7.159999999999979,372,0.6296,96.8,0.0122,0.5487
903508,2826,700.0,-6.4499999999999735,450,0.6294,96.7,0.0117,0.5534
903857,2827,500.0,-7.044999999999999,349,0.6293,96.7,0.0126,0.5523
904539,2828,1300.0,-7.60999999999995,682,0.629,96.7,0.0107,0.5529
904968,2829,400.0,-7.444999999999973,429,0.6288,96.7,0.0108,0.5543
905249,2830,200.0,-7.604999999999988,281,0.6286,96.7,0.0127,0.5577
905575,2831,0.0,-6.929999999999985,326,0.6285,96.7,0.0112,0.552
905976,2832,0.0,-7.304999999999975,401,0.6283,96.7,0.0126,0.5603
906338,2833,100.0,-8.009999999999977,362,0.6281,96.7,0.0128,0.5486
906864,2834,700.0,-8.829999999999963,526,0.6279,96.7,0.0087,0.5552
907283,2835,400.0,-7.394999999999976,419,0.6277,96.7,0.0096,0.5604
907758,2836,500.0,-7.674999999999967,475,0.6275,96.7,0.0114,0.5523
908063,2837,200.0,-7.72499999999999,305,0.6274,96.7,0.0089,0.5444
908438,2838,300.0,-7.174999999999984,375,0.6272,96.7,0.0113,0.5556
908718,2839,400.0,-7.599999999999995,280,0.6271,96.7,0.0133,0.5556
909003,2840,0.0,-7.624999999999989,285,0.6269,96.7,0.0101,0.5523
909397,2841,100.0,-7.269999999999984,394,0.6268,96.7,0.0105,0.5551
909938,2842,600.0,-6.904999999999969,541,0.6265,96.7,0.0124,0.5513
910328,2843,500.0,-7.249999999999976,390,0.6264,96.7,0.0105,0.5686
910867,2844,600.0,-6.8949999999999605,539,0.6261,96.7,0.0135,0.5728
911276,2845,400.0,-7.34499999999999,409,0.6259,96.6,0.0116,0.5728
911666,2846,400.0,-7.249999999999983,390,0.6258,96.6,0.0113,0.564
911938,2847,200.0,-7.559999999999998,272,0.6256,96.6,0.0121,0.5712
912264,2848,300.0,-7.829999999999991,326,0.6255,96.6,0.011,0.5655
912637,2849,200.0,-8.064999999999987,373,0.6253,96.6,0.0109,0.5668
913066,2850,400.0,-7.44499999999998,429,0.6251,96.6,0.0097,0.5621
913468,2851,600.0,-8.209999999999976,402,0.6249,96.6,0.0111,0.5742
913831,2852,400.0,-8.014999999999983,363,0.6248,96.6,0.0101,0.5663
914234,2853,500.0,-7.314999999999978,403,0.6246,96.6,0.0102,0.5746
914590,2854,400.0,-7.979999999999986,356,0.6244,96.6,0.0117,0.5721
914912,2855,700.0,-6.909999999999979,322,0.6243,96.6,0.0127,0.5619
915412,2856,700.0,-6.699999999999971,500,0.6241,96.6,0.0111,0.5685
915652,2857,0.0,-7.3999999999999915,240,0.624,96.6,0.0116,0.5698
916033,2858,400.0,-7.204999999999981,381,0.6238,96.6,0.0121,0.5688
916422,2859,700.0,-8.144999999999975,389,0.6236,96.5,0.011,0.5636
916892,2860,200.0,-7.649999999999979,470,0.6234,96.5,0.0123,0.5603
917191,2861,100.0,-7.694999999999991,299,0.6233,96.5,0.0125,0.5733
917689,2862,600.0,-6.6899999999999835,498,0.623,96.5,0.0128,0.5743
918009,2863,300.0,-7.799999999999984,320,0.6229,96.5,0.0092,0.5617
918270,2864,600.0,-6.604999999999986,261,0.6228,96.5,0.0124,0.5665
918660,2865,300.0,-7.249999999999973,390,0.6226,96.5,0.0106,0.5727
919067,2866,400.0,-7.334999999999973,407,0.6224,96.5,0.0117,0.5667
919423,2867,0.0,-7.079999999999977,356,0.6223,96.5,0.013,0.5659
919857,2868,600.0,-7.469999999999972,434,0.6221,96.5,0.0093,0.5698
920162,2869,200.0,-7.724999999999989,305,0.6219,96.5,0.0075,0.5777
920499,2870,200.0,-6.984999999999984,337,0.6218,96.5,0.0106,0.5861
920943,2871,800.0,-6.4199999999999715,444,0.6216,96.5,0.0112,0.5975
921180,2872,100.0,-7.38499999999999,237,0.6215,96.5,0.0122,0.5934
921751,2873,600.0,-8.154999999999959,571,0.6212,96.5,0.0103,0.5815
922160,2874,400.0,-7.344999999999973,409,0.621,96.5,0.0113,0.5927
922537,2875,100.0,-7.184999999999977,377,0.6209,96.5,0.0113,0.5839
922777,2876,0.0,-7.39999999999999,240,0.6208,96.5,0.0124,0.5923
923063,2877,200.0,-7.629999999999995,286,0.6206,96.5,0.0129,0.5912
923442,2878,500.0,-7.1949999999999745,379,0.6205,96.5,0.0115,0.5959
923969,2879,800.0,-6.834999999999971,527,0.6202,96.4,0.0142,0.5801
924485,2880,600.0,-6.779999999999962,516,0.62,96.4,0.0095,0.5871
924836,2881,300.0,-7.05499999999999,351,0.6198,96.4,0.0125,0.5875
925261,2882,0.0,-7.424999999999976,425,0.6196,96.4,0.0136,0.5859
925611,2883,200.0,-7.94999999999998,350,0.6195,96.4,0.0121,0.594
926198,2884,800.0,-7.134999999999966,587,0.6192,96.4,0.0112,0.5945
926585,2885,200.0,-7.23499999999998,387,0.619,96.4,0.0118,0.5905
926998,2886,800.0,-7.364999999999972,413,0.6189,96.4,0.0112,0.5883
927282,2887,300.0,-7.619999999999986,284,0.6187,96.4,0.0121,0.5838
927578,2888,0.0,-7.6799999999999855,296,0.6186,96.4,0.0145,0.5886
927926,2889,500.0,-7.939999999999988,348,0.6184,96.4,0.0118,0.5847
928398,2890,200.0,-7.65999999999997,472,0.6182,96.4,0.0098,0.588
928783,2891,600.0,-6.124999999999991,385,0.618,96.4,0.013,0.6034
929234,2892,700.0,-7.554999999999974,451,0.6178,96.4,0.0099,0.5887
929592,2893,200.0,-7.0899999999999785,358,0.6177,96.4,0.0123,0.5821
929932,2894,0.0,-7.8999999999999835,340,0.6175,96.4,0.0115,0.5865
930180,2895,200.0,-7.439999999999989,248,0.6174,96.4,0.0122,0.588
930527,2896,300.0,-7.034999999999979,347,0.6173,96.4,0.0109,0.5875
931067,2897,100.0,-6.8999999999999675,540,0.617,96.4,0.0122,0.5831
931532,2898,400.0,-7.62499999999997,465,0.6168,96.4,0.0101,0.5822
932076,2899,1100.0,-5.61999999999998,544,0.6166,96.4,0.0115,0.5861
932324,2900,0.0,-7.439999999999995,248,0.6165,96.4,0.0107,0.5775
932741,2901,600.0,-7.384999999999972,417,0.6163,96.3,0.0114,0.5983
933194,2902,500.0,-6.464999999999966,453,0.6161,96.3,0.0114,0.5872
933574,2903,300.0,-7.19999999999998,380,0.6159,96.3,0.0136,0.5829
933926,2904,800.0,-7.059999999999977,352,0.6157,96.3,0.0117,0.5842
934151,2905,0.0,-7.324999999999989,225,0.6156,96.3,0.0115,0.5843
934578,2906,600.0,-7.434999999999974,427,0.6154,96.3,0.0109,0.5916
935070,2907,1200.0,-6.659999999999972,492,0.6152,96.3,0.0118,0.5813
935455,2908,200.0,-8.124999999999975,385,0.615,96.3,0.0102,0.5836
935911,2909,100.0,-6.479999999999983,456,0.6148,96.3,0.0115,0.5954
936206,2910,0.0,-7.674999999999985,295,0.6147,96.3,0.011,0.5887
936549,2911,300.0,-7.914999999999978,343,0.6146,96.3,0.0117,0.5864
937021,2912,200.0,-7.659999999999977,472,0.6143,96.3,0.0136,0.5797
937544,2913,700.0,-7.914999999999973,523,0.6141,96.3,0.0115,0.5822
937925,2914,0.0,-7.204999999999974,381,0.6139,96.3,0.0116,0.58
938317,2915,0.0,-6.1599999999999735,392,0.6138,96.3,0.0128,0.5824
938652,2916,500.0,-6.974999999999999,335,0.6136,96.3,0.0104,0.5971
939075,2917,800.0,-7.41499999999997,423,0.6134,96.3,0.0115,0.5826
939546,2918,700.0,-6.554999999999984,471,0.6132,96.3,0.0118,0.5809
939798,2919,400.0,-7.459999999999988,252,0.6131,96.3,0.011,0.5764
940208,2920,500.0,-7.349999999999978,410,0.6129,96.3,0.0106,0.594
940631,2921,800.0,-7.414999999999976,423,0.6127,96.3,0.0113,0.5999
940918,2922,400.0,-7.6349999999999865,287,0.6126,96.3,0.0096,0.6044
941616,2923,700.0,-7.689999999999972,698,0.6123,96.3,0.0122,0.5947
941959,2924,400.0,-7.914999999999981,343,0.6121,96.3,0.0101,0.6009
942335,2925,100.0,-7.179999999999977,376,0.6119,96.2,0.0139,0.5979
942686,2926,300.0,-7.9549999999999885,351,0.6118,96.2,0.0146,0.5932
943112,2927,900.0,-7.429999999999978,426,0.6116,96.2,0.0118,0.6017
943559,2928,400.0,-7.534999999999979,447,0.6114,96.2,0.0089,0.6074
943904,2929,0.0,-7.9249999999999865,345,0.6112,96.2,0.0137,0.6002
944499,2930,1500.0,-7.1749999999999705,595,0.611,96.2,0.0104,0.6057
944831,2931,300.0,-7.859999999999983,332,0.6108,96.2,0.0115,0.5964
945120,2932,0.0,-7.644999999999987,289,0.6107,96.2,0.0129,0.594
945544,2933,200.0,-7.419999999999981,424,0.6105,96.2,0.01,0.5971
945995,2934,600.0,-7.554999999999975,451,0.6103,96.2,0.0141,0.5978
946320,2935,400.0,-6.924999999999985,325,0.6102,96.2,0.0104,0.5992
946635,2936,200.0,-7.774999999999992,315,0.61,96.2,0.0085,0.5998
946915,2937,400.0,-7.599999999999988,280,0.6099,96.2,0.0123,0.599
947493,2938,600.0,-7.089999999999953,578,0.6096,96.2,0.0127,0.6055
947775,2939,200.0,-7.609999999999986,282,0.6095,96.2,0.0105,0.6049
948198,2940,100.0,-7.414999999999979,423,0.6093,96.2,0.0105,0.5948
948552,2941,700.0,-7.069999999999976,354,0.6092,96.2,0.0099,0.599
948945,2942,400.0,-7.264999999999978,393,0.609,96.2,0.0116,0.6025
949222,2943,0.0,-6.684999999999985,277,0.6089,96.2,0.0133,0.6059
949596,2944,200.0,-8.069999999999977,374,0.6087,96.2,0.0126,0.5912
949986,2945,900.0,-6.149999999999997,390,0.6085,96.2,0.0109,0.6017
950559,2946,900.0,-7.064999999999968,573,0.6082,96.2,0.0105,0.6164
951001,2947,700.0,-7.509999999999975,442,0.608,96.1,0.0113,0.6102
951427,2948,1800.0,-7.429999999999971,426,0.6079,96.1,0.0121,0.6109
951725,2949,0.0,-6.789999999999981,298,0.6077,96.1,0.0118,0.6079
952112,2950,400.0,-7.234999999999975,387,0.6075,96.1,0.0131,0.6098
952369,2951,200.0,-7.484999999999988,257,0.6074,96.1,0.0102,0.607
952698,2952,400.0,-7.844999999999985,329,0.6073,96.1,0.0104,0.6152
953106,2953,400.0,-6.239999999999971,408,0.6071,96.1,0.0118,0.6098
953477,2954,300.0,-8.054999999999982,371,0.6069,96.1,0.0134,0.6143
953768,2955,300.0,-7.654999999999987,291,0.6068,96.1,0.011,0.6026
954289,2956,900.0,-6.804999999999977,521,0.6066,96.1,0.0108,0.6063
954747,2957,200.0,-7.589999999999975,458,0.6064,96.1,0.012,0.6033
955019,2958,100.0,-7.559999999999993,272,0.6062,96.1,0.0092,0.6149
955537,2959,700.0,-7.88999999999997,518,0.606,96.1,0.0116,0.6056
956013,2960,400.0,-7.679999999999977,476,0.6058,96.1,0.0122,0.6082
956384,2961,300.0,-7.1549999999999745,371,0.6056,96.1,0.0115,0.6228
956754,2962,100.0,-7.149999999999975,370,0.6055,96.1,0.0104,0.615
957032,2963,0.0,-7.589999999999986,278,0.6053,96.1,0.0134,0.6
957561,2964,500.0,-7.944999999999976,529,0.6051,96.1,0.0125,0.6104
957916,2965,1000.0,-7.074999999999987,355,0.6049,96.1,0.0107,0.6105
958320,2966,900.0,-7.319999999999974,404,0.6048,96.1,0.0126,0.611
958704,2967,0.0,-8.119999999999976,384,0.6046,96.1,0.0105,0.6137
959027,2968,800.0,-7.814999999999982,323,0.6044,96.1,0.0092,0.61
959524,2969,700.0,-6.684999999999968,497,0.6042,96.1,0.0118,0.6095
960065,2970,400.0,-6.904999999999973,541,0.604,96.0,0.013,0.6062
960447,2971,900.0,-7.209999999999973,382,0.6038,96.0,0.0108,0.6147
960890,2972,200.0,-7.514999999999987,443,0.6036,96.0,0.0127,0.6148
961383,2973,800.0,-6.664999999999966,493,0.6034,96.0,0.0116,0.6187
961807,2974,900.0,-6.319999999999968,424,0.6032,96.0,0.0108,0.6189
962286,2975,400.0,-6.594999999999963,479,0.603,96.0,0.0111,0.6144
962580,2976,400.0,-6.769999999999992,294,0.6028,96.0,0.0117,0.6138
962821,2977,0.0,-7.4049999999999905,241,0.6027,96.0,0.0137,0.6256
963287,2978,800.0,-6.529999999999976,466,0.6025,96.0,0.0118,0.6187
963622,2979,400.0,-6.974999999999978,335,0.6024,96.0,0.0123,0.6257
963969,2980,200.0,-7.934999999999985,347,0.6022,96.0,0.0111,0.6086
964390,2981,1400.0,-7.404999999999976,421,0.602,96.0,0.0102,0.6211
964675,2982,0.0,-7.62499999999999,285,0.6019,96.0,0.0113,0.6251
965037,2983,600.0,-7.1099999999999755,362,0.6017,96.0,0.01,0.6133
965325,2984,200.0,-7.639999999999983,288,0.6016,96.0,0.0113,0.6225
965653,2985,500.0,-6.939999999999983,328,0.6015,96.0,0.0122,0.6156
966185,2986,200.0,-6.859999999999982,532,0.6012,96.0,0.0128,0.6229
966488,2987,300.0,-7.714999999999985,303,0.6011,96.0,0.01,0.6182
966920,2988,400.0,-7.459999999999979,432,0.6009,96.0,0.0115,0.6223
967194,2989,300.0,-7.569999999999985,274,0.6008,96.0,0.0131,0.6277
967454,2990,300.0,-7.499999999999995,260,0.6006,96.0,0.0131,0.6292
967870,2991,400.0,-7.379999999999981,416,0.6005,96.0,0.0112,0.6143
968182,2992,0.0,-6.859999999999992,312,0.6003,96.0,0.0137,0.6163
968640,2993,1500.0,-6.489999999999977,458,0.6001,96.0,0.0129,0.6127
969054,2994,700.0,-6.269999999999969,414,0.5999,96.0,0.0129,0.6135
969482,2995,600.0,-6.339999999999971,428,0.5997,96.0,0.0125,0.6177
969782,2996,200.0,-6.799999999999983,300,0.5996,95.9,0.015,0.623
970158,2997,400.0,-7.179999999999976,376,0.5994,95.9,0.0114,0.6202
970624,2998,500.0,-6.529999999999971,466,0.5992,95.9,0.013,0.625
970876,2999,200.0,-7.4599999999999875,252,0.5991,95.9,0.0094,0.6253
971216,3000,0.0,-7.899999999999984,340,0.599,95.9,0.0099,0.6206
971601,3001,0.0,-7.224999999999973,385,0.5988,95.9,0.01,0.6278
971817,3002,0.0,-7.27999999999999,216,0.5987,95.9,0.0111,0.6173
972103,3003,400.0,-6.729999999999985,286,0.5986,95.9,0.0107,0.6285
972485,3004,300.0,-7.2099999999999795,382,0.5984,95.9,0.0134,0.6168
972920,3005,400.0,-7.47499999999997,435,0.5982,95.9,0.0111,0.6241
973258,3006,0.0,-6.98999999999998,338,0.598,95.9,0.0118,0.624
973613,3007,200.0,-7.974999999999984,355,0.5979,95.9,0.0121,0.6293
974224,3008,400.0,-7.254999999999964,611,0.5976,95.9,0.011,0.6293
974703,3009,1500.0,-6.594999999999972,479,0.5974,95.9,0.0121,0.6259
975077,3010,100.0,-7.169999999999979,374,0.5972,95.9,0.0098,0.6147
975563,3011,300.0,-7.729999999999976,486,0.597,95.9,0.0112,0.6205
976063,3012,800.0,-7.799999999999963,500,0.5968,95.9,0.0117,0.621
976455,3013,500.0,-8.159999999999975,392,0.5966,95.9,0.0124,0.6107
976994,3014,300.0,-7.994999999999978,539,0.5964,95.9,0.0124,0.6302
977520,3015,900.0,-6.829999999999971,526,0.5961,95.9,0.0097,0.6295
977900,3016,100.0,-8.09999999999998,380,0.5959,95.9,0.0142,0.6164
978274,3017,1100.0,-8.069999999999983,374,0.5958,95.9,0.0118,0.6191
978595,3018,200.0,-7.804999999999982,321,0.5956,95.9,0.0114,0.6133
978912,3019,0.0,-7.784999999999987,317,0.5955,95.9,0.011,0.6104
979289,3020,0.0,-7.184999999999984,377,0.5953,95.9,0.0134,0.6174
979745,3021,700.0,-7.579999999999976,456,0.5951,95.8,0.0111,0.6234
980049,3022,100.0,-7.719999999999984,304,0.595,95.8,0.0095,0.6196
980379,3023,200.0,-6.949999999999978,330,0.5948,95.8,0.01,0.6233
980643,3024,0.0,-7.519999999999987,264,0.5947,95.8,0.0148,0.6339
980910,3025,400.0,-6.6349999999999945,267,0.5946,95.8,0.0129,0.6159
981387,3026,500.0,-7.6849999999999765,477,0.5944,95.8,0.0118,0.6152
981691,3027,0.0,-7.719999999999989,304,0.5942,95.8,0.0127,0.6225
982047,3028,300.0,-7.079999999999979,356,0.5941,95.8,0.0129,0.6183
982439,3029,300.0,-7.259999999999978,392,0.5939,95.8,0.0114,0.6163
982762,3030,300.0,-6.9149999999999885,323,0.5938,95.8,0.0126,0.6321
983151,3031,0.0,-7.244999999999982,389,0.5936,95.8,0.0136,0.6176
983495,3032,700.0,-7.0199999999999845,344,0.5934,95.8,0.0109,0.6154
983815,3033,0.0,-6.899999999999982,320,0.5933,95.8,0.011,0.6277
984280,3034,0.0,-7.624999999999966,465,0.5931,95.8,0.0128,0.6112
984776,3035,300.0,-7.779999999999981,496,0.5929,95.8,0.0118,0.6241
985255,3036,0.0,-6.594999999999975,479,0.5926,95.8,0.0107,0.6267
985565,3037,200.0,-7.749999999999991,310,0.5925,95.8,0.0139,0.6228
985815,3038,200.0,-7.449999999999986,250,0.5924,95.8,0.0114,0.6194
986193,3039,300.0,-6.089999999999973,378,0.5922,95.8,0.0119,0.6209
986526,3040,300.0,-6.964999999999995,333,0.5921,95.8,0.0115,0.6155
986857,3041,500.0,-6.9549999999999885,331,0.5919,95.8,0.0103,0.6209
987318,3042,1100.0,-6.504999999999969,461,0.5917,95.8,0.0119,0.6177
987832,3043,700.0,-6.769999999999973,514,0.5915,95.8,0.0115,0.6186
988213,3044,200.0,-7.204999999999975,381,0.5913,95.7,0.0125,0.6198
988525,3045,300.0,-7.759999999999987,312,0.5912,95.7,0.0107,0.6136
988857,3046,600.0,-6.959999999999978,332,0.591,95.7,0.013,0.6272
989454,3047,900.0,-5.884999999999987,597,0.5907,95.7,0.012,0.6151
989937,3048,500.0,-7.714999999999963,483,0.5905,95.7,0.0112,0.6268
990316,3049,200.0,-7.194999999999983,379,0.5904,95.7,0.0102,0.6256
990807,3050,500.0,-6.65499999999997,491,0.5901,95.7,0.0116,0.6291
991252,3051,1200.0,-7.524999999999978,445,0.5899,95.7,0.0132,0.6204
991628,3052,200.0,-8.079999999999982,376,0.5898,95.7,0.0118,0.617
991954,3053,0.0,-7.829999999999984,326,0.5896,95.7,0.0143,0.6292
992331,3054,400.0,-7.1849999999999765,377,0.5895,95.7,0.0111,0.6194
992550,3055,0.0,-7.294999999999993,219,0.5894,95.7,0.0104,0.6102
993032,3056,600.0,-7.709999999999976,482,0.5891,95.7,0.0092,0.6176
993445,3057,300.0,-7.364999999999974,413,0.5889,95.7,0.0133,0.6213
994004,3058,500.0,-6.9949999999999894,559,0.5887,95.7,0.012,0.6125
994362,3059,100.0,-7.9899999999999824,358,0.5885,95.7,0.0115,0.6191
994687,3060,400.0,-7.8249999999999895,325,0.5884,95.7,0.011,0.6243
995217,3061,1000.0,-6.849999999999968,530,0.5882,95.7,0.0123,0.6221
995717,3062,700.0,-6.69999999999997,500,0.5879,95.7,0.0131,0.6252
996072,3063,0.0,-7.0749999999999815,355,0.5878,95.7,0.0114,0.618
996350,3064,0.0,-7.589999999999989,278,0.5876,95.7,0.0103,0.6129
996899,3065,1100.0,-8.044999999999963,549,0.5874,95.7,0.0123,0.6175
997293,3066,0.0,-7.269999999999978,394,0.5872,95.6,0.011,0.6224
997681,3067,700.0,-8.139999999999976,388,0.587,95.6,0.0096,0.6227
998168,3068,500.0,-6.634999999999964,487,0.5868,95.6,0.0135,0.6192
998508,3069,100.0,-6.999999999999988,340,0.5867,95.6,0.0105,0.6255
998865,3070,300.0,-7.984999999999978,357,0.5865,95.6,0.0112,0.6131
999212,3071,400.0,-7.034999999999979,347,0.5864,95.6,0.0109,0.6265
999614,3072,100.0,-8.209999999999976,402,0.5862,95.6,0.0123,0.6234
999994,3073,0.0,-7.199999999999982,380,0.586,95.6,0.0092,0.6271
1000333,3074,700.0,-7.8949999999999925,339,0.5859,94.5,0.0111,0.6332
1000916,3075,700.0,-7.114999999999957,583,0.5856,94.5,0.0117,0.6292
1001297,3076,300.0,-7.204999999999982,381,0.5854,94.5,0.0102,0.6348
1001765,3077,500.0,-7.639999999999974,468,0.5852,94.5,0.0137,0.6347
1002220,3078,1200.0,-7.574999999999975,455,0.585,94.5,0.0121,0.6314
1002604,3079,300.0,-7.219999999999974,384,0.5848,94.4,0.0117,0.6371
1003045,3080,600.0,-7.504999999999972,441,0.5846,94.4,0.0114,0.6331
1003469,3081,500.0,-7.419999999999975,424,0.5844,94.4,0.0103,0.6259
1003796,3082,200.0,-6.93499999999998,327,0.5843,94.4,0.0114,0.6383
1003960,3083,0.0,-7.019999999999996,164,0.5842,94.4,0.014,0.6277
1004278,3084,300.0,-7.789999999999994,318,0.5841,94.4,0.0131,0.6309
1004648,3085,500.0,-7.1499999999999755,370,0.5839,94.4,0.0096,0.6394
1005011,3086,500.0,-8.01499999999998,363,0.5837,94.4,0.0128,0.6221
1005604,3087,500.0,-7.164999999999953,593,0.5835,94.4,0.0123,0.6267
1005941,3088,1100.0,-6.984999999999978,337,0.5833,94.4,0.0106,0.6349
1006272,3089,0.0,-7.854999999999982,331,0.5832,94.4,0.0103,0.6292
1006576,3090,0.0,-7.719999999999993,304,0.583,94.4,0.0125,0.6362
1007081,3091,800.0,-6.72499999999997,505,0.5828,94.4,0.0124,0.632
1007654,3092,1700.0,-7.064999999999978,573,0.5826,94.4,0.0119,0.6313
1008148,3093,1600.0,-6.669999999999965,494,0.5823,94.4,0.0114,0.6296
1008649,3094,1100.0,-7.8049999999999695,501,0.5821,94.4,0.0116,0.6339
1009057,3095,600.0,-7.339999999999976,408,0.5819,94.4,0.0114,0.6275
1009584,3096,600.0,-6.834999999999967,527,0.5817,94.4,0.0118,0.6285
1009975,3097,1000.0,-7.254999999999977,391,0.5815,94.4,0.0106,0.6371
1010353,3098,900.0,-7.189999999999981,378,0.5813,94.4,0.0108,0.648
1010819,3099,800.0,-6.529999999999977,466,0.5811,94.4,0.0107,0.6513
1011269,3100,200.0,-7.549999999999983,450,0.5809,94.4,0.0124,0.6508
1011483,3101,0.0,-7.269999999999996,214,0.5808,94.4,0.0112,0.6408
1011876,3102,500.0,-7.264999999999973,393,0.5807,94.4,0.0104,0.6369
1012346,3103,200.0,-6.549999999999979,470,0.5804,94.4,0.0129,0.6431
1012753,3104,0.0,-7.334999999999977,407,0.5803,94.3,0.0128,0.6352
1013069,3105,400.0,-6.87999999999998,316,0.5801,94.3,0.0146,0.6424
1013400,3106,600.0,-6.9549999999999805,331,0.58,94.3,0.0116,0.6381
1013868,3107,1300.0,-7.639999999999977,468,0.5798,94.3,0.0106,0.64
1014496,3108,700.0,-7.339999999999959,628,0.5795,94.3,0.0116,0.6459
1014915,3109,600.0,-7.394999999999975,419,0.5793,94.3,0.0114,0.6379
1015171,3110,400.0,-7.479999999999995,256,0.5792,94.3,0.0091,0.6442
1015615,3111,200.0,-6.419999999999968,444,0.579,94.3,0.0088,0.6456
1016008,3112,800.0,-6.164999999999981,393,0.5788,94.3,0.0112,0.6488
1016507,3113,1100.0,-6.694999999999984,499,0.5786,94.3,0.0116,0.6387
1016901,3114,700.0,-7.269999999999974,394,0.5784,94.3,0.013,0.6403
1017232,3115,0.0,-6.954999999999989,331,0.5782,94.3,0.0098,0.6499
1017631,3116,200.0,-7.294999999999989,399,0.5781,94.3,0.0106,0.6581
1017890,3117,200.0,-7.494999999999989,259,0.5779,94.3,0.0123,0.6415
1018466,3118,400.0,-7.079999999999964,576,0.5777,94.3,0.0123,0.6402
1018855,3119,400.0,-7.244999999999982,389,0.5775,94.3,0.0117,0.6423
1019189,3120,0.0,-6.969999999999986,334,0.5774,94.3,0.0109,0.6469
1019482,3121,500.0,-6.764999999999983,293,0.5772,94.3,0.0093,0.6406
1019727,3122,100.0,-7.424999999999989,245,0.5771,94.2,0.0119,0.6344
1020164,3123,300.0,-5.084999999999983,437,0.5769,94.2,0.013,0.636
1020640,3124,800.0,-6.579999999999966,476,0.5767,94.2,0.0098,0.6422
1021019,3125,200.0,-8.094999999999985,379,0.5765,94.2,0.0117,0.64
1021303,3126,300.0,-7.619999999999984,284,0.5764,94.2,0.0113,0.6523
1021733,3127,400.0,-7.449999999999982,430,0.5762,94.2,0.0118,0.6366
1022123,3128,400.0,-8.149999999999974,390,0.576,94.2,0.0119,0.6351
1022501,3129,1000.0,-7.18999999999998,378,0.5759,94.2,0.0117,0.6398
1022799,3130,200.0,-6.789999999999982,298,0.5757,94.2,0.0131,0.6376
1023261,3131,700.0,-7.6099999999999675,462,0.5755,94.2,0.0108,0.6439
1023793,3132,600.0,-5.559999999999967,532,0.5753,94.2,0.0115,0.6456
1024347,3133,600.0,-8.069999999999967,554,0.575,94.2,0.0125,0.6436
1025080,3134,1200.0,-6.5649999999999595,733,0.5747,94.2,0.0109,0.6404
1025442,3135,1000.0,-7.1099999999999755,362,0.5746,94.2,0.0101,0.6359
1025768,3136,100.0,-7.829999999999983,326,0.5744,94.2,0.0091,0.6461
1026104,3137,400.0,-6.97999999999998,336,0.5743,94.2,0.0096,0.6419
1026592,3138,900.0,-6.639999999999985,488,0.574,94.1,0.0121,0.6432
1027031,3139,500.0,-7.4949999999999815,439,0.5738,94.1,0.01,0.6498
1027361,3140,200.0,-6.94999999999999,330,0.5737,94.1,0.0102,0.6465
1027799,3141,1100.0,-7.489999999999973,438,0.5735,94.1,0.012,0.6399
1028281,3142,400.0,-7.70999999999997,482,0.5733,94.1,0.0117,0.6409
1028816,3143,600.0,-6.8749999999999725,535,0.573,94.1,0.0107,0.6403
1029154,3144,500.0,-7.889999999999993,338,0.5729,94.1,0.0111,0.6461
1029669,3145,900.0,-5.4749999999999615,515,0.5726,94.1,0.0105,0.6457
1030056,3146,0.0,-7.234999999999981,387,0.5725,94.1,0.013,0.6506
1030532,3147,700.0,-6.579999999999977,476,0.5723,94.1,0.0109,0.6444
1031024,3148,300.0,-7.759999999999973,492,0.572,94.1,0.0131,0.6531
1031405,3149,500.0,-7.204999999999982,381,0.5719,94.1,0.011,0.6437
1031752,3150,100.0,-7.034999999999985,347,0.5717,94.1,0.0113,0.6557
1032217,3151,1400.0,-7.624999999999975,465,0.5715,94.1,0.0123,0.6505
1032575,3152,800.0,-7.989999999999981,358,0.5713,94.1,0.0096,0.6617
1032868,3153,0.0,-7.664999999999986,293,0.5712,94.1,0.0109,0.6525
1033209,3154,0.0,-7.004999999999981,341,0.5711,94.1,0.0103,0.6541
1033738,3155,600.0,-7.944999999999968,529,0.5708,94.1,0.0125,0.6575
1034272,3156,1100.0,-6.869999999999967,534,0.5706,94.1,0.0118,0.6546
1034535,3157,200.0,-6.61499999999999,263,0.5705,94.1,0.0104,0.6523
1035012,3158,700.0,-6.5849999999999715,477,0.5702,94.1,0.009,0.6564
1035605,3159,800.0,-5.864999999999965,593,0.57,94.1,0.0124,0.6575
1036152,3160,1400.0,-6.934999999999958,547,0.5697,94.0,0.0125,0.6542
1036555,3161,0.0,-7.314999999999977,403,0.5696,94.0,0.012,0.6507
1036990,3162,600.0,-7.47499999999998,435,0.5694,94.0,0.0119,0.6509
1037319,3163,0.0,-6.944999999999982,329,0.5692,94.0,0.0128,0.6522
1037674,3164,300.0,-7.074999999999995,355,0.569,94.0,0.015,0.6481
1038215,3165,800.0,-6.904999999999971,541,0.5688,94.0,0.0123,0.6482
1038693,3166,1600.0,-7.689999999999967,478,0.5686,94.0,0.0101,0.6525
1039107,3167,0.0,-7.369999999999976,414,0.5684,94.0,0.0115,0.6616
1039338,3168,100.0,-7.355,231,0.5683,94.0,0.0121,0.6504
1039680,3169,100.0,-7.0099999999999945,342,0.5681,94.0,0.0131,0.6519
1040281,3170,1100.0,-5.90499999999996,601,0.5679,94.0,0.0102,0.6624
1040635,3171,500.0,-7.969999999999992,354,0.5677,94.0,0.0122,0.6824
1040972,3172,400.0,-6.984999999999978,337,0.5676,94.0,0.0115,0.6768
1041410,3173,500.0,-6.389999999999974,438,0.5674,94.0,0.0126,0.6704
1041689,3174,0.0,-7.594999999999987,279,0.5672,94.0,0.0114,0.6746
1042179,3175,700.0,-6.649999999999972,490,0.567,94.0,0.0108,0.6757
1042555,3176,400.0,-7.179999999999978,376,0.5669,94.0,0.013,0.6815
1042966,3177,200.0,-7.35499999999999,411,0.5667,94.0,0.0134,0.6701
1043231,3178,300.0,-6.6249999999999964,265,0.5665,94.0,0.0093,0.6647
1043562,3179,0.0,-6.9549999999999805,331,0.5664,94.0,0.013,0.6837
1043873,3180,600.0,-7.754999999999987,311,0.5663,94.0,0.015,0.674
1044377,3181,1500.0,-6.719999999999963,504,0.566,94.0,0.0114,0.6676
1044808,3182,200.0,-5.054999999999995,431,0.5658,94.0,0.0105,0.6687
1045161,3183,600.0,-7.064999999999997,353,0.5657,93.9,0.012,0.6707
1045532,3184,400.0,-7.154999999999988,371,0.5655,93.9,0.0108,0.6765
1046047,3185,1700.0,-7.87499999999997,515,0.5653,93.9,0.0095,0.6761
1046527,3186,1000.0,-7.6999999999999815,480,0.5651,93.9,0.0144,0.6723
1047041,3187,1400.0,-6.769999999999973,514,0.5648,93.9,0.012,0.6686
1047565,3188,1300.0,-6.81999999999997,524,0.5646,93.9,0.0119,0.665
1048092,3189,600.0,-6.834999999999974,527,0.5644,93.9,0.0119,0.6664
1048503,3190,1100.0,-7.3549999999999836,411,0.5642,93.9,0.0124,0.6642
1048940,3191,1300.0,-6.384999999999979,437,0.564,93.9,0.0105,0.6802
1049310,3192,500.0,-7.1499999999999755,370,0.5638,93.9,0.0114,0.6794
1049729,3193,600.0,-6.294999999999986,419,0.5636,93.9,0.0117,0.6761
1050173,3194,700.0,-7.519999999999978,444,0.5634,93.9,0.0107,0.6746
1050761,3195,600.0,-7.139999999999958,588,0.5632,93.9,0.0115,0.6755
1051256,3196,700.0,-8.67499999999997,495,0.5629,93.9,0.0116,0.6793
1051567,3197,500.0,-6.854999999999981,311,0.5628,93.9,0.0106,0.6765
1051771,3198,0.0,-7.9199999999999955,204,0.5627,93.9,0.0144,0.6755
1052217,3199,1200.0,-7.529999999999972,446,0.5625,93.9,0.0105,0.6719
1052630,3200,700.0,-7.36499999999997,413,0.5623,93.9,0.0137,0.682
1052935,3201,200.0,-7.724999999999994,305,0.5622,93.9,0.0145,0.6808
1053295,3202,600.0,-7.099999999999975,360,0.562,93.9,0.0109,0.6712
1053743,3203,900.0,-7.539999999999973,448,0.5618,93.9,0.0107,0.6724
1054095,3204,400.0,-7.959999999999984,352,0.5617,93.9,0.0109,0.6784
1054377,3205,0.0,-7.609999999999993,282,0.5615,93.8,0.0103,0.6749
1054891,3206,300.0,-6.769999999999966,514,0.5613,93.8,0.0141,0.6695
1055479,3207,1000.0,-7.13999999999996,588,0.561,93.8,0.0118,0.6707
1055962,3208,700.0,-7.714999999999965,483,0.5608,93.8,0.0104,0.6798
1056304,3209,0.0,-7.909999999999993,342,0.5607,93.8,0.0096,0.6864
1056573,3210,0.0,-7.5449999999999875,269,0.5605,93.8,0.0086,0.6712
1057100,3211,600.0,-6.834999999999967,527,0.5603,93.8,0.0128,0.6755
1057607,3212,1000.0,-6.734999999999976,507,0.5601,93.8,0.01,0.6707
1057816,3213,0.0,-7.2449999999999966,209,0.56,93.8,0.0092,0.6744
1058143,3214,500.0,-7.834999999999988,327,0.5598,93.8,0.0133,0.6779
1058497,3215,400.0,-7.969999999999985,354,0.5597,93.8,0.0088,0.6777
1059062,3216,1100.0,-8.12499999999997,565,0.5594,93.8,0.0122,0.6732
1059472,3217,500.0,-7.349999999999975,410,0.5592,93.8,0.0128,0.6683
1059920,3218,500.0,-7.539999999999968,448,0.559,93.8,0.0113,0.6735
1060342,3219,900.0,-7.40999999999998,422,0.5588,93.8,0.0124,0.6698
1060711,3220,0.0,-8.044999999999991,369,0.5587,93.8,0.0119,0.6647
1060984,3221,600.0,-7.564999999999986,273,0.5586,93.8,0.0137,0.6612
1061366,3222,400.0,-7.209999999999976,382,0.5584,93.8,0.0118,0.6672
1061913,3223,900.0,-6.93499999999996,547,0.5581,93.8,0.0127,0.6732
1062273,3224,200.0,-7.099999999999984,360,0.558,93.8,0.0105,0.6681
1062561,3225,300.0,-7.639999999999986,288,0.5578,93.8,0.0142,0.6642
1062922,3226,0.0,-7.1049999999999764,361,0.5577,93.7,0.0112,0.6732
1063287,3227,500.0,-7.124999999999979,365,0.5575,93.7,0.0111,0.6615
1063674,3228,500.0,-6.134999999999972,387,0.5573,93.7,0.0114,0.6634
1064103,3229,500.0,-6.344999999999973,429,0.5572,93.7,0.0126,0.6656
1064426,3230,200.0,-6.91499999999998,323,0.557,93.7,0.0122,0.6649
1064764,3231,800.0,-7.889999999999995,338,0.5569,93.7,0.0142,0.6643
1065174,3232,600.0,-7.349999999999977,410,0.5567,93.7,0.0119,0.6639
1065475,3233,400.0,-6.804999999999987,301,0.5565,93.7,0.0103,0.6664
1065764,3234,0.0,-7.64499999999999,289,0.5564,93.7,0.013,0.6576
1066456,3235,300.0,-6.359999999999955,692,0.5561,93.7,0.0119,0.6616
1066839,3236,500.0,-7.214999999999981,383,0.5559,93.7,0.0125,0.6593
1067233,3237,400.0,-7.269999999999981,394,0.5557,93.7,0.0118,0.6598
1067591,3238,700.0,-7.08999999999998,358,0.5556,93.7,0.0122,0.6619
1067896,3239,0.0,-6.8249999999999815,305,0.5554,93.7,0.0137,0.6632
1068455,3240,1300.0,-5.694999999999961,559,0.5552,93.7,0.0129,0.6748
1068864,3241,800.0,-6.244999999999977,409,0.555,93.7,0.0111,0.6591
1069434,3242,600.0,-5.749999999999964,570,0.5548,93.7,0.0141,0.6677
1069760,3243,300.0,-6.929999999999979,326,0.5546,93.7,0.0146,0.6568
1070216,3244,600.0,-6.479999999999979,456,0.5544,93.7,0.0101,0.6608
1070557,3245,200.0,-7.004999999999983,341,0.5542,93.7,0.0119,0.6698
1071010,3246,0.0,-7.564999999999974,453,0.554,93.7,0.0122,0.6601
1071561,3247,1700.0,-6.954999999999956,551,0.5538,93.7,0.0124,0.6556
1072271,3248,500.0,-7.74999999999997,710,0.5535,93.7,0.0132,0.6632
1072635,3249,200.0,-7.119999999999976,364,0.5533,93.7,0.0138,0.6695
1073151,3250,800.0,-6.779999999999967,516,0.5531,93.6,0.0106,0.6663
1073383,3251,200.0,-7.3599999999999905,232,0.553,93.6,0.0118,0.6633
1073765,3252,200.0,-7.209999999999973,382,0.5528,93.6,0.0114,0.6573
1074154,3253,900.0,-7.244999999999979,389,0.5526,93.6,0.0113,0.66
1074655,3254,1300.0,-6.704999999999977,501,0.5524,93.6,0.0107,0.6622
1074942,3255,0.0,-7.634999999999984,287,0.5523,93.6,0.0127,0.6619
1075409,3256,600.0,-6.5349999999999815,467,0.5521,93.6,0.0103,0.6639
1075742,3257,800.0,-6.964999999999999,333,0.5519,93.6,0.0107,0.6763
1076124,3258,500.0,-6.109999999999975,382,0.5517,93.6,0.0124,0.6601
1076479,3259,600.0,-5.9749999999999766,355,0.5516,93.6,0.0123,0.6618
1077026,3260,900.0,-4.134999999999991,547,0.5513,93.6,0.0121,0.6587
1077546,3261,900.0,-6.799999999999972,520,0.5511,93.6,0.0115,0.6603
1077935,3262,1900.0,-6.144999999999982,389,0.5509,93.6,0.0123,0.6546
1078239,3263,0.0,-7.719999999999988,304,0.5508,93.6,0.0115,0.6618
1078709,3264,700.0,-7.649999999999978,470,0.5506,93.6,0.0092,0.6603
1079454,3265,1300.0,-7.924999999999944,745,0.5502,93.6,0.012,0.6536
1079841,3266,600.0,-7.234999999999973,387,0.5501,93.6,0.0129,0.6632
1080175,3267,200.0,-6.969999999999992,334,0.5499,93.6,0.0107,0.6696
1080712,3268,1000.0,-6.884999999999957,537,0.5497,93.6,0.011,0.6727
1081063,3269,800.0,-7.0549999999999775,351,0.5495,93.6,0.0104,0.6779
1081334,3270,200.0,-7.554999999999998,271,0.5494,93.6,0.0167,0.6589
1081848,3271,500.0,-6.769999999999968,514,0.5492,93.6,0.0109,0.6668
1082343,3272,400.0,-7.774999999999976,495,0.5489,93.5,0.0111,0.6698
1082843,3273,300.0,-6.699999999999978,500,0.5487,93.5,0.0104,0.6708
1083355,3274,900.0,-6.759999999999966,512,0.5485,93.5,0.0123,0.6649
1083853,3275,1000.0,-6.689999999999986,498,0.5483,93.5,0.011,0.6692
1084237,3276,500.0,-7.219999999999986,384,0.5481,93.5,0.011,0.6569
1084751,3277,1300.0,-6.769999999999969,514,0.5479,93.5,0.0123,0.6587
1085383,3278,1700.0,-6.059999999999953,632,0.5476,93.5,0.0115,0.6697
1085619,3279,0.0,-7.379999999999994,236,0.5475,93.5,0.0112,0.671
1086159,3280,1400.0,-6.899999999999965,540,0.5472,93.5,0.0138,0.6687
1086532,3281,500.0,-7.164999999999976,373,0.5471,93.5,0.0136,0.671
1086942,3282,1000.0,-6.2499999999999805,410,0.5469,93.5,0.0125,0.6571
1087321,3283,1000.0,-7.194999999999976,379,0.5467,93.5,0.0123,0.6584
1087724,3284,900.0,-6.214999999999972,403,0.5465,93.5,0.0131,0.6661
1088194,3285,700.0,-7.649999999999973,470,0.5463,93.5,0.009,0.6727
1088471,3286,100.0,-7.584999999999983,277,0.5462,93.5,0.0103,0.6705
1088802,3287,0.0,-6.954999999999989,331,0.546,93.5,0.0088,0.658
1089173,3288,1200.0,-6.054999999999974,371,0.5459,93.5,0.0116,0.6613
1089737,3289,1100.0,-7.0199999999999765,564,0.5456,93.5,0.0099,0.6651
1090000,3290,0.0,-7.514999999999993,263,0.5455,93.5,0.0118,0.6623
1090420,3291,100.0,-7.399999999999991,420,0.5453,93.5,0.0118,0.6937
1090835,3292,600.0,-6.27499999999997,415,0.5451,93.5,0.0115,0.6928
1091271,3293,1000.0,-7.479999999999968,436,0.5449,93.4,0.0093,0.6909
1091648,3294,300.0,-7.184999999999975,377,0.5448,93.4,0.0119,0.6854
1091947,3295,300.0,-7.694999999999987,299,0.5446,93.4,0.0105,0.684
1092336,3296,300.0,-7.2449999999999815,389,0.5444,93.4,0.0115,0.6868
1092626,3297,300.0,-7.649999999999994,290,0.5443,93.4,0.0136,0.6792
1093283,3298,1400.0,-4.684999999999961,657,0.544,93.4,0.0126,0.6869
1093828,3299,1400.0,-6.924999999999965,545,0.5438,93.4,0.0117,0.6905
1094377,3300,1800.0,-6.944999999999972,549,0.5435,93.4,0.0106,0.6776
1094902,3301,1100.0,-7.924999999999966,525,0.5433,93.4,0.0111,0.6827
1095289,3302,700.0,-7.234999999999973,387,0.5431,93.4,0.0126,0.6888
1095737,3303,100.0,-7.539999999999974,448,0.5429,93.4,0.0106,0.6772
1096041,3304,0.0,-7.719999999999989,304,0.5428,93.4,0.0113,0.6939
1096562,3305,900.0,-6.804999999999965,521,0.5425,93.4,0.012,0.6793
1096970,3306,300.0,-7.339999999999972,408,0.5424,93.4,0.011,0.6887
1097370,3307,600.0,-7.299999999999999,400,0.5422,93.4,0.0131,0.6899
1097835,3308,700.0,-7.624999999999968,465,0.542,93.4,0.0122,0.6773
1098333,3309,700.0,-7.789999999999983,498,0.5418,93.4,0.0132,0.6851
1098706,3310,200.0,-7.164999999999991,373,0.5416,93.4,0.0151,0.6791
1099056,3311,1000.0,-7.049999999999978,350,0.5414,93.4,0.0149,0.6742
1099385,3312,0.0,-8.544999999999982,329,0.5413,93.4,0.0124,0.6836
1099724,3313,400.0,-6.994999999999978,339,0.5411,93.4,0.0101,0.6935
1100152,3314,300.0,-7.439999999999984,428,0.5409,92.8,0.0132,0.6931
1100570,3315,1100.0,-6.289999999999976,418,0.5407,92.8,0.0135,0.704
1101270,3316,1300.0,-6.3999999999999595,700,0.5404,92.8,0.0115,0.7038
1101720,3317,1200.0,-6.449999999999974,450,0.5402,92.8,0.0126,0.7035
1102108,3318,600.0,-7.239999999999979,388,0.5401,92.8,0.0112,0.7071
1102414,3319,100.0,-6.829999999999986,306,0.5399,92.7,0.0125,0.7064
1103105,3320,900.0,-7.654999999999951,691,0.5396,92.7,0.0117,0.7082
1103411,3321,0.0,-7.729999999999985,306,0.5395,92.7,0.0128,0.6985
1103999,3322,800.0,-7.139999999999965,588,0.5392,92.7,0.0127,0.6921
1104608,3323,1100.0,-5.944999999999957,609,0.5389,92.7,0.0123,0.7054
1105037,3324,700.0,-7.444999999999986,429,0.5387,92.7,0.0125,0.6982
1105359,3325,300.0,-6.909999999999979,322,0.5386,92.7,0.0128,0.7215
1105681,3326,0.0,-7.809999999999984,322,0.5384,92.7,0.0158,0.7055
1106114,3327,400.0,-6.364999999999978,433,0.5382,92.7,0.0118,0.7001
1106572,3328,500.0,-6.489999999999975,458,0.538,92.7,0.0122,0.6994
1106943,3329,100.0,-7.154999999999983,371,0.5379,92.7,0.0098,0.7075
1107399,3330,200.0,-6.47999999999997,456,0.5377,92.7,0.0125,0.7014
1107810,3331,500.0,-7.354999999999974,411,0.5375,92.7,0.0114,0.6961
1108415,3332,1100.0,-7.224999999999961,605,0.5372,92.7,0.0132,0.6926
1108815,3333,400.0,-7.299999999999979,400,0.537,92.7,0.0121,0.7009
1109127,3334,700.0,-6.85999999999998,312,0.5369,92.7,0.0148,0.6991
1109513,3335,1000.0,-7.229999999999974,386,0.5367,92.7,0.011,0.7041
1109996,3336,400.0,-6.614999999999967,483,0.5365,92.7,0.0121,0.6928
1110458,3337,800.0,-6.509999999999964,462,0.5363,92.7,0.013,0.7152
1110848,3338,200.0,-7.249999999999986,390,0.5361,92.7,0.0118,0.7069
1111262,3339,400.0,-6.269999999999976,414,0.5359,92.7,0.0135,0.7099
1111513,3340,0.0,-7.454999999999993,251,0.5358,92.7,0.0122,0.7027
1111784,3341,100.0,-6.654999999999985,271,0.5357,92.7,0.0139,0.7183
1112118,3342,0.0,-6.969999999999979,334,0.5355,92.7,0.0113,0.7179
1112450,3343,200.0,-6.959999999999984,332,0.5354,92.6,0.0139,0.7028
1112839,3344,0.0,-7.2449999999999815,389,0.5352,92.6,0.014,0.7213
1113244,3345,300.0,-6.2249999999999766,405,0.535,92.6,0.0121,0.7173
1113864,3346,1200.0,-4.499999999999991,620,0.5348,92.6,0.0129,0.713
1114291,3347,100.0,-6.334999999999969,427,0.5346,92.6,0.0116,0.7046
1114612,3348,200.0,-6.904999999999989,321,0.5344,92.6,0.0122,0.7075
1115015,3349,800.0,-6.214999999999978,403,0.5342,92.6,0.0116,0.7167
1115424,3350,200.0,-7.344999999999972,409,0.5341,92.6,0.0139,0.7009
1116085,3351,900.0,-4.704999999999943,661,0.5338,92.6,0.0125,0.7087
1116724,3352,900.0,-4.594999999999991,639,0.5335,92.6,0.0126,0.7093
1117273,3353,700.0,-6.944999999999958,549,0.5332,92.6,0.0131,0.7107
1117740,3354,700.0,-6.534999999999974,467,0.533,92.6,0.0126,0.7012
1118078,3355,0.0,-7.889999999999982,338,0.5329,92.6,0.0138,0.7146
1118507,3356,1000.0,-6.344999999999974,429,0.5327,92.6,0.0138,0.7006
1119126,3357,1900.0,-7.294999999999988,619,0.5324,92.6,0.0102,0.7067
1119695,3358,1100.0,-7.044999999999955,569,0.5321,92.6,0.0141,0.7087
1120138,3359,500.0,-6.414999999999975,443,0.5319,92.6,0.0115,0.7216
1120420,3360,500.0,-6.7099999999999875,282,0.5318,92.6,0.0097,0.7205
1120806,3361,700.0,-7.229999999999978,386,0.5316,92.6,0.0113,0.7204
1121222,3362,800.0,-6.279999999999976,416,0.5315,92.6,0.0117,0.7223
1121583,3363,700.0,-6.004999999999985,361,0.5313,92.6,0.0117,0.7254
1122077,3364,700.0,-6.669999999999985,494,0.5311,92.6,0.0135,0.72
1122502,3365,600.0,-6.324999999999969,425,0.5309,92.6,0.0119,0.7196
1122899,3366,200.0,-7.284999999999978,397,0.5307,92.5,0.0154,0.7188
1123226,3367,1100.0,-6.934999999999984,327,0.5305,92.5,0.0117,0.7214
1123712,3368,1000.0,-6.629999999999987,486,0.5303,92.5,0.0124,0.7199
1123987,3369,100.0,-6.6749999999999865,275,0.5302,92.5,0.0104,0.7195
1124498,3370,1000.0,-6.754999999999983,511,0.53,92.5,0.0126,0.7083
1124843,3371,300.0,-7.024999999999984,345,0.5298,92.5,0.0113,0.7195
1125455,3372,600.0,-5.959999999999974,612,0.5295,92.5,0.0138,0.7154
1125816,3373,400.0,-8.004999999999985,361,0.5294,92.5,0.011,0.7221
1126226,3374,500.0,-6.249999999999975,410,0.5292,92.5,0.013,0.715
1126537,3375,0.0,-6.854999999999986,311,0.5291,92.5,0.0093,0.7239
1126984,3376,600.0,-7.534999999999976,447,0.5289,92.5,0.0129,0.7135
1127354,3377,900.0,-6.049999999999983,370,0.5287,92.5,0.0108,0.7121
1127950,3378,500.0,-7.17999999999996,596,0.5284,92.5,0.0122,0.7165
1128368,3379,1200.0,-6.289999999999969,418,0.5282,92.5,0.0128,0.7137
1128803,3380,1000.0,-6.374999999999981,435,0.528,92.5,0.0127,0.7132
1129159,3381,300.0,-7.079999999999976,356,0.5279,92.5,0.0124,0.7234
1129440,3382,100.0,-7.60499999999999,281,0.5278,92.5,0.013,0.7063
1130131,3383,1200.0,-6.354999999999988,691,0.5274,92.5,0.0101,0.724
1130675,3384,1000.0,-6.919999999999956,544,0.5272,92.5,0.0094,0.7395
1131103,3385,400.0,-7.439999999999969,428,0.527,92.5,0.0119,0.733
1131383,3386,200.0,-7.599999999999985,280,0.5269,92.5,0.0137,0.734
1131673,3387,200.0,-7.649999999999987,290,0.5267,92.5,0.0125,0.7279
1132142,3388,600.0,-7.644999999999977,469,0.5265,92.5,0.0124,0.7294
1132581,3389,1100.0,-7.4949999999999815,439,0.5263,92.4,0.0114,0.7247
1132898,3390,200.0,-6.884999999999982,317,0.5262,92.4,0.012,0.7361
1133433,3391,1300.0,-6.874999999999965,535,0.526,92.4,0.0157,0.7388
1133744,3392,800.0,-6.854999999999986,311,0.5258,92.4,0.0124,0.7258
1134145,3393,900.0,-7.304999999999974,401,0.5256,92.4,0.0151,0.738
1134662,3394,1100.0,-6.784999999999966,517,0.5254,92.4,0.0123,0.7302
1135087,3395,700.0,-7.424999999999971,425,0.5252,92.4,0.0138,0.7345
1135610,3396,600.0,-6.814999999999966,523,0.525,92.4,0.0127,0.7354
1136138,3397,600.0,-5.5399999999999725,528,0.5247,92.4,0.0135,0.733
1136485,3398,200.0,-7.93499999999998,347,0.5246,92.4,0.0128,0.736
1136891,3399,800.0,-6.229999999999981,406,0.5244,92.4,0.013,0.7429
1137237,3400,700.0,-7.029999999999988,346,0.5242,92.4,0.0131,0.7324
1137564,3401,0.0,-7.83499999999998,327,0.5241,92.4,0.0111,0.7301
1137914,3402,700.0,-7.049999999999978,350,0.5239,92.4,0.0107,0.7399
1138259,3403,400.0,-7.024999999999978,345,0.5238,92.4,0.0103,0.7321
1138808,3404,1000.0,-6.944999999999968,549,0.5235,92.4,0.014,0.7274
1139228,3405,700.0,-7.399999999999983,420,0.5233,92.4,0.0132,0.7381
1139557,3406,300.0,-6.944999999999991,329,0.5232,92.4,0.0122,0.7365
1140011,3407,300.0,-7.569999999999972,454,0.523,92.4,0.0145,0.7369
1140547,3408,1100.0,-6.879999999999957,536,0.5228,92.4,0.0133,0.7455
1141055,3409,700.0,-6.7399999999999665,508,0.5225,92.4,0.0125,0.7355
1141513,3410,800.0,-6.4899999999999665,458,0.5223,92.4,0.0112,0.7557
1142051,3411,1200.0,-6.88999999999997,538,0.5221,92.3,0.0125,0.7419
1142471,3412,400.0,-6.29999999999998,420,0.5219,92.3,0.0112,0.7493
1142781,3413,400.0,-7.749999999999995,310,0.5217,92.3,0.0152,0.7368
1143150,3414,500.0,-7.144999999999989,369,0.5216,92.3,0.0121,0.7421
1143374,3415,0.0,-7.3199999999999905,224,0.5215,92.3,0.013,0.7323
1143756,3416,500.0,-7.209999999999982,382,0.5213,92.3,0.0131,0.7428
1144303,3417,900.0,-6.934999999999956,547,0.5211,92.3,0.0123,0.7537
1144676,3418,400.0,-7.164999999999985,373,0.5209,92.3,0.0138,0.7471
1145083,3419,100.0,-7.334999999999978,407,0.5207,92.3,0.0102,0.7468
1145479,3420,400.0,-7.27999999999999,396,0.5205,92.3,0.0131,0.7469
1145915,3421,600.0,-8.379999999999976,436,0.5203,92.3,0.0106,0.7425
1146313,3422,900.0,-6.1899999999999835,398,0.5202,92.3,0.0119,0.7486
1146851,3423,1200.0,-4.089999999999966,538,0.5199,92.3,0.0135,0.7362
1147196,3424,300.0,-7.02499999999998,345,0.5198,92.3,0.0123,0.7443
1147593,3425,900.0,-7.2849999999999735,397,0.5196,92.3,0.0112,0.7587
1147965,3426,0.0,-7.159999999999995,372,0.5194,92.3,0.0133,0.7345
1148294,3427,500.0,-6.944999999999979,329,0.5193,92.3,0.0125,0.7493
1148782,3428,800.0,-7.739999999999975,488,0.519,92.3,0.0151,0.7439
1149144,3429,300.0,-7.109999999999983,362,0.5189,92.3,0.0136,0.7484
1149563,3430,400.0,-6.294999999999982,419,0.5187,92.3,0.0114,0.7352
1150022,3431,800.0,-6.4949999999999655,459,0.5185,92.3,0.0103,0.7477
1150362,3432,400.0,-6.9999999999999964,340,0.5183,92.3,0.0131,0.7561
1150737,3433,1000.0,-6.0749999999999975,375,0.5182,92.3,0.013,0.7487
1151073,3434,0.0,-6.979999999999999,336,0.518,92.3,0.0119,0.7373
1151704,3435,600.0,-4.554999999999957,631,0.5177,92.2,0.0111,0.7491
1152044,3436,1300.0,-6.999999999999977,340,0.5176,92.2,0.0111,0.7459
1152396,3437,300.0,-5.959999999999988,352,0.5174,92.2,0.0158,0.749
1152688,3438,100.0,-6.759999999999983,292,0.5173,92.2,0.0169,0.7501
1153031,3439,400.0,-7.014999999999981,343,0.5171,92.2,0.0118,0.7438
1153470,3440,400.0,-6.394999999999984,439,0.5169,92.2,0.0141,0.733
1154003,3441,1700.0,-4.064999999999972,533,0.5167,92.2,0.0125,0.7509
1154430,3442,800.0,-7.434999999999972,427,0.5165,92.2,0.0135,0.741
1154868,3443,1400.0,-6.389999999999975,438,0.5163,92.2,0.0149,0.7449
1155407,3444,1300.0,-5.594999999999989,539,0.5161,92.2,0.0122,0.7333
1155751,3445,200.0,-7.019999999999987,344,0.5159,92.2,0.0129,0.7388
1156121,3446,500.0,-7.149999999999976,370,0.5157,92.2,0.0094,0.7474
1156436,3447,1100.0,-6.874999999999991,315,0.5156,92.2,0.0146,0.7442
1156920,3448,1800.0,-5.319999999999981,484,0.5154,92.2,0.0116,0.7456
1157487,3449,1000.0,-5.734999999999973,567,0.5151,92.2,0.0153,0.7401
1157847,3450,800.0,-7.099999999999982,360,0.515,92.2,0.014,0.7415
1158216,3451,400.0,-7.144999999999994,369,0.5148,92.2,0.0133,0.7357
1158678,3452,700.0,-7.60999999999998,462,0.5146,92.2,0.0127,0.7331
1159086,3453,400.0,-7.3399999999999785,408,0.5144,92.2,0.0137,0.7402
1159652,3454,1300.0,-5.729999999999958,566,0.5142,92.2,0.0153,0.7389
1160069,3455,900.0,-6.284999999999972,417,0.514,92.2,0.0108,0.7491
1160395,3456,400.0,-6.929999999999982,326,0.5138,92.2,0.0117,0.7628
1160765,3457,800.0,-7.149999999999978,370,0.5137,92.2,0.0092,0.7651
1161132,3458,300.0,-7.134999999999983,367,0.5135,92.1,0.0111,0.7529
1161488,3459,500.0,-7.079999999999977,356,0.5133,92.1,0.0128,0.7548
1162061,3460,600.0,-8.164999999999957,573,0.5131,92.1,0.0125,0.7508
1162316,3461,0.0,-6.5749999999999895,255,0.513,92.1,0.0117,0.7597
1162741,3462,900.0,-6.324999999999971,425,0.5128,92.1,0.0118,0.7574
1163148,3463,900.0,-7.334999999999972,407,0.5126,92.1,0.0164,0.7567
1163554,3464,600.0,-7.329999999999977,406,0.5124,92.1,0.0097,0.7605
1163949,3465,800.0,-6.174999999999973,395,0.5122,92.1,0.0107,0.7527
1164440,3466,900.0,-5.354999999999988,491,0.512,92.1,0.0148,0.7587
1164856,3467,0.0,-6.279999999999978,416,0.5118,92.1,0.0114,0.7579
1165350,3468,900.0,-6.669999999999971,494,0.5116,92.1,0.0127,0.752
1165829,3469,200.0,-6.59499999999997,479,0.5114,92.1,0.0122,0.7532
1166266,3470,200.0,-6.384999999999975,437,0.5112,92.1,0.0117,0.7576
1166654,3471,200.0,-7.239999999999978,388,0.511,92.1,0.0116,0.755
1167188,3472,300.0,-6.869999999999965,534,0.5108,92.1,0.0126,0.7562
1167639,3473,100.0,-6.454999999999968,451,0.5106,92.1,0.0139,0.7582
1168184,3474,1200.0,-6.924999999999983,545,0.5103,92.1,0.0115,0.7539
1168452,3475,0.0,-7.539999999999987,268,0.5102,92.1,0.0142,0.7535
1168816,3476,500.0,-7.119999999999976,364,0.51,92.1,0.0144,0.748
1169261,3477,1000.0,-6.424999999999976,445,0.5098,92.1,0.0119,0.7516
1169734,3478,1100.0,-5.2649999999999775,473,0.5096,92.1,0.0136,0.7478
1170064,3479,400.0,-6.94999999999999,330,0.5095,92.1,0.0141,0.7424
1170699,3480,2300.0,-6.074999999999953,635,0.5092,92.0,0.0138,0.7602
1171096,3481,700.0,-7.28499999999998,397,0.509,92.0,0.0097,0.7643
1171440,3482,400.0,-7.019999999999978,344,0.5089,92.0,0.013,0.7566
1171664,3483,0.0,-7.319999999999992,224,0.5088,92.0,0.0114,0.7674
1172216,3484,1000.0,-5.659999999999966,552,0.5085,92.0,0.0109,0.7576
1172822,3485,1500.0,-5.929999999999964,606,0.5082,92.0,0.0107,0.7536
1173504,3486,1500.0,-7.6099999999999834,682,0.5079,92.0,0.0117,0.7597
1173828,3487,0.0,-7.81999999999998,324,0.5078,92.0,0.0131,0.761
1174229,3488,500.0,-6.204999999999972,401,0.5076,92.0,0.0122,0.7536
1174726,3489,400.0,-6.684999999999967,497,0.5074,92.0,0.0128,0.7549
1175282,3490,1100.0,-4.1799999999999615,556,0.5071,92.0,0.0129,0.7647
1175691,3491,700.0,-6.244999999999981,409,0.5069,92.0,0.0115,0.7587
1176083,3492,200.0,-7.259999999999974,392,0.5068,92.0,0.0112,0.7484
1176409,3493,1000.0,-5.829999999999995,326,0.5066,92.0,0.0122,0.7618
1176806,3494,400.0,-6.184999999999981,397,0.5064,92.0,0.0155,0.7611
1177345,3495,600.0,-6.894999999999966,539,0.5062,92.0,0.0121,0.7589
1177878,3496,400.0,-5.564999999999962,533,0.506,92.0,0.014,0.7526
1178347,3497,200.0,-6.544999999999974,469,0.5057,92.0,0.0126,0.7621
1178723,3498,700.0,-7.179999999999983,376,0.5056,92.0,0.0132,0.7623
1179348,3499,900.0,-6.024999999999953,625,0.5053,92.0,0.0137,0.7541
1179711,3500,100.0,-7.114999999999984,363,0.5051,92.0,0.0134,0.7533
1180097,3501,200.0,-7.229999999999978,386,0.505,91.9,0.0138,0.7557
1180482,3502,100.0,-6.1249999999999725,385,0.5048,91.9,0.0126,0.7625
1180793,3503,400.0,-6.85499999999999,311,0.5046,91.9,0.0106,0.7628
1181121,3504,0.0,-6.93999999999998,328,0.5045,91.9,0.0123,0.7583
1181446,3505,300.0,-6.924999999999986,325,0.5043,91.9,0.0109,0.7698
1181770,3506,500.0,-7.81999999999999,324,0.5042,91.9,0.0133,0.7661
1182306,3507,1100.0,-5.579999999999988,536,0.504,91.9,0.0123,0.7579
1182908,3508,1200.0,-7.209999999999951,602,0.5037,91.9,0.0115,0.7564
1183402,3509,1600.0,-5.369999999999963,494,0.5035,91.9,0.0123,0.7619
1183799,3510,1200.0,-7.284999999999989,397,0.5033,91.9,0.0129,0.7518
1184293,3511,1200.0,-6.669999999999981,494,0.5031,91.9,0.0119,0.7571
1184699,3512,300.0,-7.329999999999974,406,0.5029,91.9,0.0131,0.7634
1185152,3513,1900.0,-6.464999999999973,453,0.5027,91.9,0.0121,0.7571
1185563,3514,700.0,-6.25499999999999,411,0.5025,91.9,0.0118,0.7545
1186027,3515,1500.0,-6.51999999999998,464,0.5023,91.9,0.012,0.7603
1186549,3516,900.0,-6.809999999999969,522,0.5021,91.9,0.0116,0.7597
1187010,3517,1400.0,-6.504999999999987,461,0.5018,91.9,0.014,0.7471
1187445,3518,1000.0,-7.474999999999978,435,0.5016,91.9,0.0112,0.7609
1187883,3519,800.0,-7.489999999999973,438,0.5015,91.9,0.0128,0.7552
1188265,3520,400.0,-6.109999999999973,382,0.5013,91.9,0.0096,0.7538
1188753,3521,1400.0,-6.639999999999985,488,0.5011,91.9,0.0132,0.7588
1189087,3522,400.0,-6.969999999999979,334,0.5009,91.8,0.012,0.7626
1189604,3523,1200.0,-5.484999999999982,517,0.5007,91.8,0.0117,0.762
1189966,3524,600.0,-7.109999999999978,362,0.5005,91.8,0.012,0.7541
1190259,3525,200.0,-6.7649999999999855,293,0.5004,91.8,0.0101,0.7687
1190901,3526,600.0,-6.109999999999971,642,0.5001,91.8,0.0113,0.767
1191369,3527,100.0,-7.639999999999974,468,0.4999,91.8,0.0126,0.7611
1191942,3528,1800.0,-4.264999999999986,573,0.4996,91.8,0.0118,0.7599
1192407,3529,600.0,-6.524999999999991,465,0.4994,91.8,0.012,0.7626
1192948,3530,1300.0,-6.904999999999962,541,0.4992,91.8,0.013,0.7677
1193353,3531,300.0,-6.224999999999986,405,0.499,91.8,0.0118,0.7614
1193833,3532,300.0,-6.5999999999999694,480,0.4988,91.8,0.0118,0.7667
1194197,3533,200.0,-7.1199999999999815,364,0.4986,91.8,0.0102,0.756
1194717,3534,800.0,-6.799999999999966,520,0.4984,91.8,0.0117,0.7732
1195174,3535,400.0,-6.484999999999968,457,0.4982,91.8,0.0103,0.7639
1195818,3536,2200.0,-4.619999999999952,644,0.4979,91.8,0.0124,0.7621
1196296,3537,900.0,-6.589999999999964,478,0.4977,91.8,0.0131,0.762
1196710,3538,1100.0,-6.269999999999971,414,0.4975,91.7,0.0114,0.7662
1197085,3539,1300.0,-7.174999999999977,375,0.4973,91.7,0.0136,0.761
1197607,3540,1300.0,-6.80999999999997,522,0.4971,91.7,0.0109,0.7645
1198314,3541,2000.0,-4.934999999999975,707,0.4968,91.7,0.0118,0.7615
1198645,3542,400.0,-7.8549999999999915,331,0.4966,91.7,0.0107,0.7675
1199071,3543,900.0,-7.429999999999984,426,0.4964,91.7,0.011,0.757
1199579,3544,1200.0,-5.439999999999982,508,0.4962,91.7,0.0114,0.7563
1199859,3545,0.0,-6.699999999999987,280,0.4961,91.7,0.0108,0.7586
1200127,3546,0.0,-7.539999999999986,268,0.4959,90.5,0.0135,0.7624
1200490,3547,0.0,-7.1149999999999824,363,0.4958,90.5,0.0122,0.7677
1201074,3548,800.0,-5.819999999999961,584,0.4955,90.5,0.0129,0.7639
1201572,3549,1100.0,-6.6899999999999675,498,0.4953,90.5,0.0119,0.7613
1202079,3550,1300.0,-6.734999999999963,507,0.4951,90.5,0.0118,0.7668
1202446,3551,700.0,-7.13499999999999,367,0.4949,90.5,0.0166,0.7568
1202919,3552,1100.0,-6.564999999999978,473,0.4947,90.5,0.0116,0.7651
1203254,3553,600.0,-6.974999999999985,335,0.4945,90.5,0.0111,0.758
1203715,3554,800.0,-6.504999999999984,461,0.4943,90.5,0.0136,0.762
1204174,3555,400.0,-6.494999999999984,459,0.4941,90.5,0.0118,0.7723
1204599,3556,1600.0,-6.32499999999998,425,0.4939,90.5,0.0148,0.7581
1205024,3557,300.0,-6.324999999999994,425,0.4937,90.5,0.0132,0.7609
1205566,3558,1500.0,-5.609999999999985,542,0.4935,90.5,0.0112,0.7606
1205887,3559,100.0,-6.904999999999982,321,0.4934,90.5,0.0122,0.7458
1206386,3560,1200.0,-6.694999999999964,499,0.4931,90.4,0.0138,0.7618
1206701,3561,100.0,-6.874999999999986,315,0.493,90.4,0.0108,0.7679
1207085,3562,600.0,-6.1199999999999815,384,0.4928,90.4,0.0129,0.7601
1207373,3563,500.0,-6.7399999999999896,288,0.4927,90.4,0.0112,0.75
1207858,3564,500.0,-6.624999999999982,485,0.4925,90.4,0.0117,0.7641
1208241,3565,500.0,-6.1149999999999824,383,0.4923,90.4,0.0112,0.7612
1208875,3566,2200.0,-2.8699999999999837,634,0.492,90.4,0.0129,0.7606
1209364,3567,2400.0,-6.64499999999998,489,0.4918,90.4,0.0121,0.7637
1209724,3568,400.0,-7.099999999999989,360,0.4916,90.4,0.0153,0.7591
1210182,3569,500.0,-6.489999999999972,458,0.4914,90.4,0.0121,0.7735
1210574,3570,300.0,-6.1599999999999815,392,0.4912,90.4,0.011,0.7854
1211221,3571,1400.0,-4.6349999999999945,647,0.491,90.4,0.0142,0.7814
1211577,3572,400.0,-7.079999999999989,356,0.4908,90.4,0.0123,0.7884
1211946,3573,800.0,-7.144999999999985,369,0.4906,90.4,0.0144,0.7778
1212411,3574,300.0,-6.52499999999997,465,0.4904,90.4,0.0117,0.778
1212925,3575,700.0,-6.769999999999966,514,0.4902,90.4,0.011,0.7836
1213411,3576,200.0,-7.729999999999976,486,0.49,90.4,0.0123,0.7732
1213726,3577,300.0,-6.874999999999982,315,0.4898,90.4,0.0129,0.775
1214184,3578,800.0,-7.589999999999972,458,0.4896,90.4,0.0135,0.7752
1214536,3579,0.0,-7.059999999999983,352,0.4895,90.4,0.0165,0.7799
1214919,3580,1100.0,-7.214999999999972,383,0.4893,90.4,0.0141,0.777
1215409,3581,1000.0,-7.749999999999972,490,0.4891,90.4,0.0139,0.7799
1215794,3582,500.0,-7.224999999999986,385,0.4889,90.4,0.0149,0.7928
1216019,3583,0.0,-7.32499999999999,225,0.4888,90.3,0.0111,0.7879
1216196,3584,0.0,-7.084999999999994,177,0.4887,90.3,0.0163,0.7787
1216513,3585,200.0,-6.884999999999982,317,0.4886,90.3,0.013,0.7861
1216812,3586,0.0,-6.794999999999981,299,0.4884,90.3,0.0151,0.7886
1217495,3587,2300.0,-6.3149999999999515,683,0.4881,90.3,0.0122,0.78
1217990,3588,900.0,-6.674999999999966,495,0.4879,90.3,0.011,0.7858
1218479,3589,600.0,-6.644999999999968,489,0.4877,90.3,0.0124,0.7808
1218922,3590,300.0,-6.414999999999969,443,0.4875,90.3,0.0139,0.7845
1219409,3591,400.0,-6.634999999999986,487,0.4873,90.3,0.0111,0.7833
1219750,3592,300.0,-5.904999999999986,341,0.4871,90.3,0.0131,0.7737
1220362,3593,1500.0,-7.259999999999959,612,0.4868,90.3,0.0118,0.7808
1220912,3594,700.0,-6.949999999999977,550,0.4866,90.3,0.0125,0.7839
1221292,3595,500.0,-7.1999999999999735,380,0.4864,90.3,0.013,0.7698
1221981,3596,2200.0,-6.344999999999942,689,0.4861,90.3,0.0101,0.7819
1222430,3597,400.0,-7.5449999999999795,449,0.4859,90.3,0.015,0.7859
1222790,3598,400.0,-7.099999999999983,360,0.4857,90.3,0.0119,0.7878
1223208,3599,1200.0,-7.389999999999979,418,0.4856,90.3,0.0112,0.7739
1223483,3600,300.0,-6.674999999999995,275,0.4854,90.3,0.0101,0.7733
1223917,3601,500.0,-6.369999999999996,434,0.4852,90.3,0.0155,0.7728
1224502,3602,1400.0,-7.124999999999957,585,0.485,90.3,0.0117,0.7756
1225113,3603,1500.0,-7.254999999999975,611,0.4847,90.3,0.0137,0.7783
1225632,3604,400.0,-5.4949999999999735,519,0.4845,90.2,0.012,0.7797
1226252,3605,1300.0,-4.499999999999957,620,0.4842,90.2,0.0129,0.7823
1226678,3606,1000.0,-7.429999999999977,426,0.484,90.2,0.0111,0.7673
1227228,3607,1300.0,-6.94999999999996,550,0.4837,90.2,0.0123,0.7655
1227674,3608,600.0,-7.529999999999978,446,0.4835,90.2,0.0112,0.7786
1228169,3609,1100.0,-6.674999999999974,495,0.4833,90.2,0.0108,0.7702
1228484,3610,400.0,-6.87499999999998,315,0.4832,90.2,0.0133,0.7715
1228889,3611,800.0,-7.32499999999998,405,0.483,90.2,0.0131,0.7785
1229392,3612,200.0,-6.714999999999966,503,0.4828,90.2,0.0114,0.7774
1229906,3613,800.0,-6.769999999999978,514,0.4825,90.2,0.0122,0.7793
1230383,3614,1800.0,-7.684999999999971,477,0.4823,90.2,0.0121,0.7882
1231067,3615,2700.0,-4.819999999999979,684,0.482,90.2,0.0109,0.7821
1231579,3616,1100.0,-6.759999999999964,512,0.4818,90.2,0.0118,0.7915
1231955,3617,1200.0,-6.079999999999975,376,0.4816,90.2,0.0124,0.7815
1232438,3618,1000.0,-6.614999999999972,483,0.4814,90.2,0.0144,0.7857
1232832,3619,800.0,-6.169999999999977,394,0.4812,90.2,0.0144,0.7721
1233244,3620,1400.0,-7.359999999999978,412,0.481,90.2,0.0126,0.7913
1233788,3621,1900.0,-6.919999999999957,544,0.4808,90.2,0.0123,0.7779
1234314,3622,1500.0,-4.029999999999989,526,0.4806,90.2,0.013,0.7834
1234672,3623,600.0,-5.989999999999992,358,0.4804,90.2,0.0114,0.7887
1235112,3624,300.0,-7.499999999999978,440,0.4802,90.2,0.0095,0.7808
1235582,3625,1200.0,-5.249999999999966,470,0.48,90.1,0.0152,0.7768
1236145,3626,1200.0,-5.71499999999998,563,0.4797,90.1,0.0126,0.7804
1236416,3627,400.0,-6.654999999999985,271,0.4796,90.1,0.0097,0.7765
1236874,3628,1600.0,-6.489999999999984,458,0.4794,90.1,0.0123,0.7891
1237260,3629,700.0,-7.229999999999982,386,0.4792,90.1,0.0137,0.7765
1237906,3630,2100.0,-4.629999999999977,646,0.4789,90.1,0.0127,0.7762
1238363,3631,2300.0,-5.184999999999983,457,0.4787,90.1,0.0123,0.7789
1238759,3632,200.0,-7.279999999999976,396,0.4786,90.1,0.0119,0.784
1239094,3633,400.0,-6.974999999999979,335,0.4784,90.1,0.0123,0.7857
1239422,3634,0.0,-7.83999999999999,328,0.4783,90.1,0.0133,0.785
1239845,3635,300.0,-6.314999999999995,423,0.4781,90.1,0.0126,0.7713
1240376,3636,1400.0,-5.554999999999987,531,0.4778,90.1,0.0107,0.7892
1240887,3637,400.0,-3.954999999999973,511,0.4776,90.1,0.0109,0.7924
1241525,3638,1300.0,-4.589999999999978,638,0.4773,90.1,0.0115,0.7919
1242076,3639,800.0,-4.154999999999989,551,0.4771,90.1,0.0129,0.7926
1242501,3640,300.0,-6.32499999999999,425,0.4769,90.1,0.0123,0.7901
1243110,3641,1500.0,-4.445,609,0.4766,90.1,0.0139,0.7821
1243630,3642,700.0,-6.7999999999999785,520,0.4764,90.1,0.0129,0.7905
1244110,3643,100.0,-7.699999999999979,480,0.4762,90.1,0.0136,0.791
1244585,3644,1300.0,-6.5749999999999815,475,0.4759,90.1,0.0119,0.7824
1245129,3645,1800.0,-5.619999999999956,544,0.4757,90.1,0.013,0.7874
1245630,3646,600.0,-6.70499999999997,501,0.4755,90.1,0.0096,0.7883
1246134,3647,1000.0,-6.719999999999962,504,0.4752,90.1,0.0137,0.7835
1246661,3648,1300.0,-6.834999999999974,527,0.475,90.0,0.0148,0.7878
1247164,3649,1300.0,-6.714999999999967,503,0.4748,90.0,0.0118,0.7911
1247602,3650,1400.0,-6.389999999999982,438,0.4746,90.0,0.0118,0.7936
1248016,3651,500.0,-6.269999999999975,414,0.4744,90.0,0.0118,0.7971
1248469,3652,1300.0,-6.464999999999982,453,0.4742,90.0,0.0143,0.7821
1249025,3653,1100.0,-4.17999999999999,556,0.4739,90.0,0.0099,0.7901
1249401,3654,500.0,-6.079999999999982,376,0.4738,90.0,0.0142,0.7887
1249732,3655,200.0,-6.954999999999979,331,0.4736,90.0,0.0125,0.7951
1250267,3656,1000.0,-5.574999999999962,535,0.4734,90.0,0.0136,0.8034
1250738,3657,400.0,-6.5549999999999775,471,0.4732,90.0,0.0126,0.796
1251228,3658,700.0,-5.349999999999971,490,0.4729,90.0,0.0124,0.7978
1251635,3659,400.0,-6.234999999999976,407,0.4728,90.0,0.0119,0.795
1252009,3660,600.0,-7.169999999999983,374,0.4726,90.0,0.0135,0.8025
1252435,3661,400.0,-6.329999999999975,426,0.4724,90.0,0.0129,0.8039
1252858,3662,600.0,-6.314999999999982,423,0.4722,90.0,0.0128,0.7956
1253515,3663,900.0,-4.68499999999997,657,0.4719,90.0,0.0121,0.7979
1253865,3664,400.0,-7.0499999999999945,350,0.4718,90.0,0.0146,0.7954
1254291,3665,400.0,-6.3299999999999725,426,0.4716,90.0,0.0117,0.7994
1254958,3666,1400.0,-1.1349999999999665,667,0.4713,90.0,0.012,0.7909
1255481,3667,1500.0,-5.514999999999992,523,0.471,90.0,0.0098,0.8002
1255882,3668,700.0,-6.204999999999984,401,0.4709,90.0,0.0137,0.7994
1256252,3669,200.0,-6.049999999999984,370,0.4707,90.0,0.012,0.7992
1256799,3670,700.0,-5.634999999999987,547,0.4704,89.9,0.0119,0.8007
1257280,3671,800.0,-6.604999999999969,481,0.4702,89.9,0.0099,0.7958
1257746,3672,1400.0,-6.529999999999973,466,0.47,89.9,0.0131,0.8016
1258226,3673,400.0,-5.299999999999997,480,0.4698,89.9,0.0114,0.8019
1258720,3674,600.0,-3.8699999999999957,494,0.4696,89.9,0.0129,0.7935
1259240,3675,800.0,-6.799999999999963,520,0.4693,89.9,0.0114,0.7953
1259622,3676,500.0,-6.109999999999988,382,0.4692,89.9,0.0151,0.7992
1260346,3677,1300.0,-3.3199999999999954,724,0.4688,89.9,0.0129,0.8101
1260794,3678,800.0,-6.439999999999971,448,0.4686,89.9,0.0115,0.814
1261212,3679,0.0,-6.289999999999981,418,0.4685,89.9,0.0116,0.813
1261511,3680,500.0,-6.794999999999991,299,0.4683,89.9,0.013,0.8118
1261831,3681,300.0,-6.899999999999993,320,0.4682,89.9,0.0127,0.8084
1262280,3682,600.0,-6.444999999999974,449,0.468,89.9,0.0119,0.806
1262745,3683,900.0,-6.524999999999972,465,0.4678,89.9,0.0132,0.8106
1263201,3684,400.0,-7.579999999999966,456,0.4676,89.9,0.0118,0.8145
1263496,3685,400.0,-6.774999999999987,295,0.4674,89.9,0.0134,0.8121
1263692,3686,0.0,-7.179999999999997,196,0.4673,89.9,0.0136,0.8098
1264055,3687,0.0,-6.014999999999975,363,0.4672,89.8,0.0105,0.8083
1264488,3688,400.0,-6.364999999999974,433,0.467,89.8,0.011,0.8078
1264868,3689,300.0,-7.199999999999979,380,0.4668,89.8,0.0134,0.8104
1265248,3690,300.0,-6.09999999999998,380,0.4666,89.8,0.0124,0.7952
1265736,3691,700.0,-6.639999999999962,488,0.4664,89.8,0.0109,0.8127
1266221,3692,1000.0,-5.324999999999967,485,0.4662,89.8,0.0135,0.8135
1266489,3693,100.0,-7.539999999999988,268,0.4661,89.8,0.0122,0.8089
1267216,3694,1500.0,-5.03499999999997,727,0.4658,89.8,0.0114,0.8063
1267604,3695,500.0,-6.139999999999973,388,0.4656,89.8,0.0149,0.8138
1267997,3696,300.0,-6.1649999999999725,393,0.4654,89.8,0.0122,0.8067
1268414,3697,700.0,-4.984999999999996,417,0.4652,89.8,0.0136,0.8058
1268976,3698,200.0,-7.009999999999985,562,0.465,89.8,0.0126,0.8113
1269454,3699,400.0,-6.589999999999984,478,0.4647,89.8,0.0127,0.8056
1269865,3700,400.0,-4.954999999999977,411,0.4646,89.8,0.0119,0.8174
1270443,3701,1600.0,-2.58999999999999,578,0.4643,89.8,0.0135,0.8099
1270811,3702,700.0,-6.039999999999976,368,0.4641,89.8,0.0141,0.8064
1271300,3703,700.0,-3.8449999999999975,489,0.4639,89.8,0.011,0.817
1271621,3704,500.0,-6.904999999999982,321,0.4638,89.8,0.0112,0.808
1271990,3705,300.0,-6.044999999999977,369,0.4636,89.8,0.0114,0.8002
1272532,3706,1500.0,-2.409999999999991,542,0.4634,89.8,0.0131,0.813
1272833,3707,200.0,-6.804999999999982,301,0.4632,89.8,0.0123,0.8158
1273129,3708,300.0,-5.679999999999993,296,0.4631,89.7,0.0117,0.8047
1273462,3709,400.0,-5.8649999999999896,333,0.4629,89.7,0.0124,0.8061
1273779,3710,600.0,-6.884999999999986,317,0.4628,89.7,0.0147,0.8017
1274235,3711,800.0,-3.679999999999999,456,0.4626,89.7,0.0115,0.8129
1274774,3712,900.0,-4.094999999999967,539,0.4624,89.7,0.013,0.8128
1275218,3713,200.0,-6.4199999999999875,444,0.4622,89.7,0.0123,0.8102
1275745,3714,800.0,-5.534999999999965,527,0.4619,89.7,0.0115,0.8113
1276092,3715,600.0,-7.034999999999993,347,0.4618,89.7,0.0139,0.8111
1276524,3716,900.0,-6.359999999999977,432,0.4616,89.7,0.0111,0.8095
1276906,3717,300.0,-6.109999999999992,382,0.4614,89.7,0.0143,0.7995
1277421,3718,1200.0,-5.474999999999959,515,0.4612,89.7,0.0125,0.8024
1277784,3719,200.0,-6.014999999999983,363,0.461,89.7,0.014,0.8043
1278226,3720,1000.0,-6.409999999999994,442,0.4608,89.7,0.0122,0.8108
1278751,3721,500.0,-5.524999999999963,525,0.4606,89.7,0.0136,0.8062
1279335,3722,1200.0,-7.119999999999958,584,0.4603,89.7,0.011,0.8113
1279805,3723,100.0,-6.549999999999986,470,0.4601,89.7,0.0119,0.8097
1280339,3724,400.0,-5.569999999999958,534,0.4598,89.7,0.0108,0.813
1280856,3725,600.0,-3.9849999999999928,517,0.4596,89.7,0.0136,0.8106
1281265,3726,1400.0,-4.944999999999974,409,0.4594,89.7,0.013,0.8027
1281736,3727,600.0,-6.5549999999999855,471,0.4592,89.7,0.0136,0.81
1282153,3728,500.0,-6.284999999999995,417,0.459,89.7,0.0139,0.8043
1282499,3729,200.0,-5.9299999999999855,346,0.4589,89.7,0.0121,0.8005
1282800,3730,0.0,-7.7049999999999885,301,0.4587,89.6,0.0142,0.7983
1283590,3731,1900.0,-3.649999999999983,790,0.4584,89.6,0.0135,0.8026
1284196,3732,1500.0,-5.929999999999978,606,0.4581,89.6,0.0137,0.8094
1284585,3733,600.0,-7.244999999999977,389,0.4579,89.6,0.0121,0.809
1285079,3734,900.0,-6.66999999999997,494,0.4577,89.6,0.0111,0.8001
1285724,3735,2100.0,-6.124999999999968,645,0.4574,89.6,0.0134,0.8109
1286053,3736,400.0,-6.944999999999981,329,0.4573,89.6,0.0109,0.813
1286401,3737,100.0,-7.939999999999988,348,0.4571,89.6,0.0107,0.8118
1286857,3738,300.0,-5.179999999999977,456,0.4569,89.6,0.0109,0.8073
1287394,3739,1200.0,-7.9849999999999675,537,0.4567,89.6,0.0119,0.8113
1287933,3740,1900.0,-4.09499999999998,539,0.4564,89.6,0.0126,0.8012
1288292,3741,400.0,-5.994999999999976,359,0.4563,89.6,0.014,0.8143
1288793,3742,1700.0,-7.80499999999998,501,0.456,89.6,0.0122,0.8113
1289252,3743,500.0,-6.494999999999989,459,0.4558,89.6,0.0128,0.8054
1289546,3744,0.0,-6.769999999999982,294,0.4557,89.6,0.0125,0.8155
1290142,3745,1300.0,-4.37999999999999,596,0.4554,89.6,0.0123,0.8116
1290659,3746,300.0,-6.784999999999979,517,0.4552,89.6,0.0125,0.8161
1291212,3747,1200.0,-5.664999999999965,553,0.455,89.6,0.0118,0.8173
1291692,3748,600.0,-5.299999999999977,480,0.4547,89.6,0.0107,0.8149
1292283,3749,1200.0,-5.854999999999969,591,0.4545,89.6,0.012,0.8253
1292887,3750,1500.0,-4.419999999999963,604,0.4542,89.5,0.0123,0.8166
1293304,3751,1200.0,-6.2849999999999735,417,0.454,89.5,0.0142,0.8202
1293766,3752,400.0,-6.509999999999966,462,0.4538,89.5,0.0118,0.8216
1294276,3753,900.0,-6.749999999999975,510,0.4536,89.5,0.0124,0.812
1294847,3754,900.0,-4.254999999999977,571,0.4533,89.5,0.0118,0.8095
1295219,3755,200.0,-6.059999999999984,372,0.4532,89.5,0.0121,0.8136
1295628,3756,700.0,-4.94499999999999,409,0.453,89.5,0.0126,0.8233
1296226,3757,1700.0,-5.88999999999997,598,0.4527,89.5,0.0117,0.8188
1296464,3758,0.0,-7.389999999999987,238,0.4526,89.5,0.0113,0.8258
1297058,3759,1100.0,-4.369999999999961,594,0.4523,89.5,0.0123,0.8184
1297302,3760,0.0,-7.41999999999999,244,0.4522,89.5,0.0093,0.8358
1297641,3761,1000.0,-6.994999999999978,339,0.4521,89.5,0.0136,0.8174
1298080,3762,0.0,-5.094999999999976,439,0.4519,89.5,0.0125,0.8118
1298567,3763,600.0,-6.634999999999971,487,0.4516,89.5,0.0129,0.8062
1298866,3764,500.0,-6.794999999999982,299,0.4515,89.5,0.0083,0.8194
1299249,3765,300.0,-8.114999999999979,383,0.4513,89.5,0.0105,0.8122
1299719,3766,300.0,-6.549999999999978,470,0.4511,89.5,0.0126,0.8211
1300202,3767,600.0,-6.614999999999964,483,0.4509,87.3,0.0134,0.818
1300541,3768,100.0,-5.894999999999984,339,0.4508,87.3,0.0148,0.8192
1301123,3769,1400.0,-4.309999999999978,582,0.4505,87.3,0.012,0.8236
1301503,3770,400.0,-7.199999999999985,380,0.4503,87.3,0.0108,0.8137
1302215,3771,1200.0,-3.2599999999999754,712,0.45,87.3,0.0139,0.8169
1302734,3772,1000.0,-3.9949999999999677,519,0.4498,87.2,0.0119,0.8209
1303258,3773,800.0,-4.019999999999972,524,0.4495,87.2,0.0114,0.8188
1303864,3774,2600.0,-4.429999999999973,606,0.4493,87.2,0.0132,0.8238
1304277,3775,700.0,-6.264999999999974,413,0.4491,87.2,0.0117,0.8212
1304720,3776,1000.0,-6.414999999999973,443,0.4489,87.2,0.0129,0.8167
1305179,3777,900.0,-5.194999999999973,459,0.4487,87.2,0.0121,0.8215
1305465,3778,0.0,-5.6299999999999875,286,0.4485,87.2,0.0131,0.8248
1305831,3779,1000.0,-4.729999999999992,366,0.4484,87.2,0.0118,0.819
1306247,3780,500.0,-6.279999999999973,416,0.4482,87.2,0.0128,0.8276
1306641,3781,100.0,-6.169999999999983,394,0.448,87.2,0.0126,0.8267
1307038,3782,900.0,-6.184999999999972,397,0.4478,87.2,0.0139,0.8217
1307481,3783,400.0,-6.414999999999968,443,0.4476,87.2,0.0115,0.8203
1307952,3784,1200.0,-5.254999999999986,471,0.4474,87.2,0.0124,0.8155
1308240,3785,800.0,-5.6399999999999935,288,0.4473,87.2,0.0127,0.8232
1308983,3786,3500.0,0.585000000000024,743,0.447,87.2,0.0126,0.819
1309485,3787,1800.0,-5.409999999999989,502,0.4467,87.2,0.012,0.8349
1310065,3788,1300.0,-4.299999999999964,580,0.4465,87.2,0.0114,0.8178
1310341,3789,300.0,-7.579999999999988,276,0.4463,87.2,0.0109,0.817
1310714,3790,500.0,-4.764999999999976,373,0.4462,87.2,0.0143,0.821
1311264,3791,400.0,-2.4499999999999997,550,0.4459,87.2,0.0152,0.8278
1311625,3792,400.0,-7.1049999999999764,361,0.4458,87.2,0.0113,0.8107
1311956,3793,300.0,-5.854999999999982,331,0.4456,87.2,0.013,0.8213
1312438,3794,1000.0,-3.809999999999982,482,0.4454,87.2,0.0135,0.8205
1312762,3795,100.0,-5.819999999999996,324,0.4453,87.2,0.0122,0.8238
1313124,3796,700.0,-4.709999999999981,362,0.4451,87.1,0.0113,0.8178
1313581,3797,900.0,-3.6849999999999707,457,0.4449,87.1,0.0107,0.8209
1313992,3798,200.0,-6.254999999999971,411,0.4447,87.1,0.0099,0.8271
1314424,3799,0.0,-3.5599999999999827,432,0.4445,87.1,0.0105,0.8189
1314840,3800,900.0,-6.27999999999998,416,0.4443,87.1,0.0131,0.8157
1315303,3801,200.0,-6.514999999999973,463,0.4441,87.1,0.0141,0.8171
1315652,3802,900.0,-5.944999999999991,349,0.444,87.1,0.0135,0.8103
1316113,3803,900.0,-6.504999999999976,461,0.4437,87.1,0.0138,0.8216
1316473,3804,1000.0,-7.09999999999998,360,0.4436,87.1,0.0103,0.8241
1316969,3805,500.0,-3.879999999999998,496,0.4434,87.1,0.0144,0.8204
1317327,3806,600.0,-5.989999999999979,358,0.4432,87.1,0.0128,0.8216
1317837,3807,1600.0,-3.9499999999999846,510,0.443,87.1,0.0129,0.8141
1318473,3808,2100.0,-0.9799999999999782,636,0.4427,87.1,0.0132,0.8213
1318898,3809,600.0,-6.324999999999988,425,0.4425,87.1,0.0134,0.8219
1319380,3810,900.0,-5.309999999999984,482,0.4423,87.1,0.013,0.8242
1319806,3811,700.0,-3.529999999999994,426,0.4421,87.1,0.0124,0.8227
1320153,3812,300.0,-5.9349999999999765,347,0.4419,87.1,0.0108,0.8296
1320536,3813,0.0,-6.114999999999991,383,0.4418,87.1,0.0108,0.8396
1320933,3814,400.0,-6.184999999999983,397,0.4416,87.1,0.0119,0.8437
1321592,3815,1300.0,-2.9949999999999806,659,0.4413,87.1,0.0128,0.8491
1322295,3816,2100.0,-1.3149999999999866,703,0.441,87.1,0.014,0.8472
1322887,3817,800.0,-0.7599999999999798,592,0.4407,87.1,0.0121,0.8408
1323448,3818,1000.0,-4.204999999999974,561,0.4404,87.1,0.0156,0.8437
1323801,3819,300.0,-7.0649999999999835,353,0.4403,87.1,0.0139,0.8298
1324155,3820,0.0,-5.969999999999987,354,0.4401,87.1,0.01,0.851
1324441,3821,0.0,-6.72999999999999,286,0.44,87.1,0.0129,0.8389
1325221,3822,1100.0,-1.6999999999999837,780,0.4397,87.1,0.0118,0.8434
1325940,3823,1900.0,-1.3949999999999871,719,0.4393,87.0,0.0137,0.8417
1326580,3824,800.0,-4.599999999999987,640,0.439,87.0,0.0118,0.8437
1327078,3825,1100.0,-3.889999999999969,498,0.4388,87.0,0.0135,0.8461
1327409,3826,500.0,-5.854999999999981,331,0.4387,87.0,0.0152,0.8538
1327715,3827,500.0,-5.729999999999984,306,0.4385,87.0,0.0109,0.8306
1328147,3828,600.0,-3.5599999999999925,432,0.4383,87.0,0.012,0.8406
1328561,3829,1500.0,-4.9699999999999775,414,0.4381,87.0,0.013,0.8349
1329084,3830,200.0,-5.514999999999974,523,0.4379,87.0,0.0109,0.837
1329484,3831,200.0,-6.199999999999978,400,0.4377,87.0,0.0129,0.8372
1329813,3832,400.0,-5.844999999999987,329,0.4376,87.0,0.0095,0.8546
1330231,3833,0.0,-7.389999999999978,418,0.4374,87.0,0.0114,0.842
1330743,3834,500.0,-5.459999999999983,512,0.4372,87.0,0.0127,0.8381
1331131,3835,800.0,-6.139999999999973,388,0.437,87.0,0.0135,0.8348
1331683,3836,600.0,-5.659999999999956,552,0.4367,87.0,0.013,0.84
1332130,3837,700.0,-5.134999999999989,447,0.4365,87.0,0.0123,0.8374
1332709,3838,1400.0,-4.294999999999967,579,0.4363,87.0,0.0142,0.8388
1333217,3839,1000.0,-6.7399999999999665,508,0.4361,87.0,0.0129,0.8331
1333696,3840,900.0,-6.594999999999963,479,0.4358,87.0,0.0137,0.8301
1334459,3841,600.0,-5.214999999999972,763,0.4355,87.0,0.0122,0.8346
1334817,3842,300.0,-5.989999999999976,358,0.4353,87.0,0.0117,0.8375
1335258,3843,300.0,-6.404999999999973,441,0.4351,87.0,0.0138,0.8317
1335529,3844,0.0,-7.554999999999987,271,0.435,87.0,0.0122,0.8427
1336236,3845,2000.0,-3.2349999999999657,707,0.4347,87.0,0.0145,0.8321
1336748,3846,1600.0,-3.959999999999994,512,0.4345,87.0,0.0144,0.835
1337330,3847,1500.0,-2.609999999999986,582,0.4342,87.0,0.0133,0.8362
1337722,3848,800.0,-6.159999999999988,392,0.434,86.9,0.0138,0.8343
1338409,3849,300.0,-3.1349999999999634,687,0.4337,86.9,0.0129,0.8318
1338960,3850,500.0,-4.154999999999968,551,0.4335,86.9,0.0133,0.844
1339257,3851,0.0,-6.784999999999998,297,0.4333,86.9,0.0124,0.8405
1339557,3852,300.0,-6.799999999999993,300,0.4332,86.9,0.012,0.8437
1339986,3853,1000.0,-5.044999999999988,429,0.433,86.9,0.011,0.8334
1340428,3854,200.0,-7.509999999999968,442,0.4328,86.9,0.0116,0.8564
1340903,3855,600.0,-6.574999999999967,475,0.4326,86.9,0.0121,0.8694
1341262,3856,700.0,-7.094999999999983,359,0.4324,86.9,0.0138,0.8588
1342100,3857,1300.0,-5.589999999999964,838,0.4321,86.9,0.012,0.8602
1342617,3858,1300.0,-3.9849999999999786,517,0.4318,86.9,0.0123,0.8659
1342944,3859,300.0,-6.934999999999979,327,0.4317,86.9,0.0137,0.8632
1343584,3860,200.0,-6.099999999999971,640,0.4314,86.9,0.0121,0.8622
1344323,3861,1800.0,-3.3949999999999534,739,0.4311,86.9,0.011,0.8591
1344901,3862,700.0,-7.0899999999999705,578,0.4308,86.9,0.0132,0.8595
1345341,3863,500.0,-7.499999999999969,440,0.4306,86.9,0.0121,0.8663
1345989,3864,1200.0,-6.139999999999959,648,0.4303,86.9,0.0145,0.8515
1346657,3865,900.0,-6.23999999999995,668,0.43,86.9,0.0139,0.8553
1347135,3866,600.0,-5.28999999999997,478,0.4298,86.9,0.0109,0.8645
1347582,3867,500.0,-5.134999999999984,447,0.4296,86.9,0.0144,0.863
1348193,3868,1400.0,-4.454999999999977,611,0.4293,86.9,0.0121,0.8671
1348994,3869,1300.0,-1.8049999999999788,801,0.429,86.9,0.0126,0.8544
1349672,3870,1000.0,-4.789999999999949,678,0.4286,86.9,0.0127,0.8653
1350180,3871,1000.0,-5.439999999999978,508,0.4284,86.9,0.0113,0.8645
1350801,3872,1700.0,-4.504999999999949,621,0.4281,86.8,0.0129,0.8468
1351213,3873,400.0,-6.259999999999979,412,0.428,86.8,0.0112,0.8538
1351826,3874,1600.0,-4.464999999999977,613,0.4277,86.8,0.0115,0.8562
1352361,3875,900.0,-6.874999999999977,535,0.4274,86.8,0.013,0.8472
1353053,3876,1500.0,-4.859999999999943,692,0.4271,86.8,0.0119,0.8552
1353647,3877,800.0,-5.869999999999973,594,0.4269,86.8,0.0118,0.8529
1354279,3878,1400.0,-4.559999999999956,632,0.4266,86.8,0.0143,0.8494
1354892,3879,700.0,-4.464999999999977,613,0.4263,86.8,0.0141,0.851
1355432,3880,1000.0,-5.599999999999959,540,0.4261,86.8,0.0118,0.8474
1355900,3881,300.0,-5.239999999999983,468,0.4258,86.8,0.0131,0.8556
1356238,3882,700.0,-6.989999999999981,338,0.4257,86.8,0.0132,0.8556
1356774,3883,300.0,-7.9799999999999836,536,0.4255,86.8,0.0136,0.8487
1357379,3884,500.0,-2.7249999999999894,605,0.4252,86.8,0.0121,0.8535
1357597,3885,0.0,-7.28999999999999,218,0.4251,86.8,0.0105,0.8487
1358334,3886,2200.0,-3.3849999999999683,737,0.4247,86.8,0.0133,0.849
1358781,3887,200.0,-6.434999999999972,447,0.4245,86.8,0.012,0.8444
1359110,3888,500.0,-5.844999999999988,329,0.4244,86.8,0.0124,0.8414
1359950,3889,2400.0,-1.999999999999972,840,0.424,86.8,0.0129,0.8507
1360842,3890,2000.0,-2.2599999999999767,892,0.4236,86.8,0.0136,0.8528
1361430,3891,1500.0,-2.63999999999999,588,0.4234,86.8,0.0102,0.8506
1361860,3892,1200.0,-6.349999999999975,430,0.4232,86.8,0.0117,0.8437
1362383,3893,1000.0,-5.51499999999997,523,0.4229,86.8,0.0128,0.8431
1362839,3894,500.0,-5.179999999999984,456,0.4227,86.8,0.0119,0.8434
1363330,3895,1200.0,-7.754999999999973,491,0.4225,86.8,0.0109,0.8413
1363686,3896,500.0,-7.0799999999999805,356,0.4223,86.7,0.0168,0.8435
1364127,3897,100.0,-8.404999999999973,441,0.4221,86.7,0.0117,0.8524
1364484,3898,0.0,-5.984999999999992,357,0.422,86.7,0.0122,0.8442
1364859,3899,900.0,-6.074999999999985,375,0.4218,86.7,0.0125,0.8582
1365532,3900,1100.0,-4.764999999999955,673,0.4215,86.7,0.0136,0.8456
1366262,3901,2100.0,0.6500000000000319,730,0.4212,86.7,0.0126,0.8539
1366741,3902,100.0,-7.694999999999966,479,0.421,86.7,0.0117,0.8544
1367274,3903,1100.0,-4.064999999999993,533,0.4207,86.7,0.0111,0.8572
1368032,3904,2000.0,-5.189999999999962,758,0.4204,86.7,0.0123,0.8468
1368443,3905,300.0,-6.254999999999987,411,0.4202,86.7,0.0134,0.844
1369145,3906,1700.0,0.7900000000000169,702,0.4199,86.7,0.0125,0.8403
1369931,3907,2000.0,-1.7299999999999727,786,0.4195,86.7,0.0121,0.8522
1370592,3908,1600.0,-3.0049999999999786,661,0.4192,86.7,0.0135,0.8587
1371004,3909,1000.0,-4.959999999999989,412,0.419,86.7,0.0158,0.8554
1371395,3910,400.0,-6.154999999999994,391,0.4189,86.7,0.0117,0.8524
1371811,3911,100.0,-6.279999999999976,416,0.4187,86.7,0.013,0.8486
1372192,3912,1000.0,-6.104999999999974,381,0.4185,86.7,0.0133,0.8607
1372576,3913,200.0,-6.119999999999985,384,0.4183,86.7,0.0145,0.8452
1373164,3914,700.0,-4.339999999999971,588,0.4181,86.7,0.013,0.8595
1373568,3915,600.0,-4.919999999999991,404,0.4179,86.7,0.0111,0.8517
1374157,3916,900.0,-4.344999999999991,589,0.4176,86.7,0.0117,0.8557
1374745,3917,900.0,-4.339999999999971,588,0.4174,86.7,0.0103,0.8649
1375521,3918,700.0,-8.079999999999949,776,0.417,86.7,0.0126,0.854
1376096,3919,1400.0,-2.574999999999994,575,0.4168,86.7,0.0123,0.8557
1376719,3920,1800.0,-2.8149999999999813,623,0.4165,86.6,0.0117,0.8494
1377344,3921,1200.0,-0.9249999999999665,625,0.4162,86.6,0.0126,0.845
1377668,3922,200.0,-5.819999999999993,324,0.416,86.6,0.0117,0.8568
1378184,3923,400.0,-5.479999999999974,516,0.4158,86.6,0.0138,0.86
1378621,3924,600.0,-7.484999999999972,437,0.4156,86.6,0.0137,0.852
1379001,3925,0.0,-6.09999999999999,380,0.4154,86.6,0.0132,0.8699
1379504,3926,700.0,-3.914999999999974,503,0.4152,86.6,0.0152,0.8572
1379901,3927,600.0,-4.884999999999972,397,0.415,86.6,0.0147,0.8536
1380438,3928,1600.0,-4.084999999999969,537,0.4148,86.6,0.0116,0.8571
1380979,3929,1000.0,-4.10499999999997,541,0.4146,86.6,0.014,0.863
1381474,3930,1800.0,-5.374999999999963,495,0.4143,86.6,0.0119,0.8659
1381968,3931,400.0,-3.869999999999995,494,0.4141,86.6,0.0123,0.8719
1382456,3932,1000.0,-3.8399999999999803,488,0.4139,86.6,0.0124,0.8674
1382835,3933,1000.0,-4.794999999999988,379,0.4137,86.6,0.0116,0.864
1383336,3934,1800.0,-3.904999999999995,501,0.4135,86.6,0.0125,0.857
1383827,3935,1700.0,-5.354999999999976,491,0.4133,86.6,0.0144,0.8633
1384238,3936,1100.0,-4.954999999999971,411,0.4131,86.6,0.0154,0.8567
1384745,3937,1300.0,-5.434999999999981,507,0.4129,86.6,0.0124,0.8609
1385237,3938,2200.0,-6.659999999999975,492,0.4126,86.6,0.0125,0.8664
1385670,3939,1200.0,-3.564999999999988,433,0.4124,86.6,0.0117,0.8638
1386050,3940,500.0,-7.199999999999975,380,0.4123,86.6,0.0127,0.8691
1386749,3941,1200.0,-1.2949999999999944,699,0.412,86.6,0.0129,0.8596
1387399,3942,1600.0,-2.949999999999997,650,0.4117,86.6,0.0131,0.8665
1387920,3943,2000.0,-5.504999999999959,521,0.4114,86.6,0.0134,0.8701
1388388,3944,2400.0,-6.539999999999965,468,0.4112,86.5,0.0113,0.8588
1389066,3945,2900.0,-3.089999999999954,678,0.4109,86.5,0.0131,0.8572
1389564,3946,900.0,-6.689999999999965,498,0.4107,86.5,0.0136,0.852
1390349,3947,1700.0,2.6750000000000327,785,0.4103,86.5,0.0119,0.8794
1390834,3948,800.0,-5.324999999999969,485,0.4101,86.5,0.0114,0.8876
1391439,3949,1600.0,-0.8249999999999913,605,0.4099,86.5,0.0138,0.8912
1392049,3950,100.0,-4.4499999999999975,610,0.4096,86.5,0.0109,0.89
1392596,3951,1200.0,-4.134999999999968,547,0.4093,86.5,0.0125,0.8842
1393052,3952,500.0,-5.179999999999994,456,0.4091,86.5,0.01,0.8918
1393653,3953,1700.0,-0.8049999999999748,601,0.4089,86.5,0.0144,0.8869
1394252,3954,1300.0,-0.7949999999999884,599,0.4086,86.5,0.0126,0.8885
1394826,3955,1500.0,-4.26999999999998,574,0.4083,86.5,0.0119,0.893
1395211,3956,100.0,-4.8249999999999735,385,0.4082,86.5,0.0131,0.8935
1395649,3957,500.0,-6.389999999999985,438,0.408,86.5,0.0127,0.8977
1396054,3958,400.0,-4.924999999999993,405,0.4078,86.5,0.0125,0.8948
1396549,3959,800.0,-3.8749999999999916,495,0.4076,86.5,0.0124,0.8898
1397031,3960,500.0,-6.609999999999964,482,0.4073,86.5,0.013,0.8914
1397683,3961,2100.0,1.0400000000000311,652,0.407,86.5,0.0113,0.8919
1398126,3962,600.0,-5.114999999999997,443,0.4068,86.5,0.0128,0.8956
1398453,3963,0.0,-5.834999999999999,327,0.4067,86.5,0.012,0.8791
1398866,3964,500.0,-4.9649999999999785,413,0.4065,86.5,0.0132,0.8869
1399358,3965,1200.0,-2.1599999999999864,492,0.4063,86.5,0.0117,0.8869
1399691,3966,600.0,-5.864999999999979,333,0.4061,86.5,0.0172,0.8876
1400101,3967,100.0,-6.249999999999975,410,0.406,84.5,0.0138,0.8985
1400659,3968,400.0,-4.189999999999998,558,0.4057,84.5,0.0128,0.9174
1400998,3969,500.0,-5.8949999999999765,339,0.4056,84.5,0.014,0.91
1401414,3970,600.0,-6.279999999999976,416,0.4054,84.5,0.0138,0.9213
1402075,3971,2100.0,-1.1049999999999822,661,0.4051,84.4,0.0128,0.9144
1402580,3972,200.0,-3.9249999999999647,505,0.4048,84.4,0.0123,0.9238
1403189,3973,1300.0,1.2550000000000336,609,0.4046,84.4,0.016,0.9195
1403695,3974,500.0,-5.429999999999968,506,0.4043,84.4,0.012,0.9175
1404342,3975,1800.0,-1.034999999999981,647,0.404,84.4,0.0125,0.9169
1404913,3976,1100.0,-0.6549999999999856,571,0.4038,84.4,0.0138,0.9152
1405240,3977,200.0,-5.834999999999981,327,0.4036,84.4,0.0115,0.9166
1405659,3978,700.0,-4.99499999999997,419,0.4035,84.4,0.0138,0.9117
1405985,3979,700.0,-5.829999999999979,326,0.4033,84.4,0.0122,0.9087
1406565,3980,1600.0,-4.299999999999978,580,0.403,84.4,0.0122,0.9168
1406931,3981,0.0,-6.029999999999983,366,0.4029,84.4,0.0142,0.91
1407313,3982,200.0,-7.209999999999981,382,0.4027,84.4,0.0124,0.9205
1408155,3983,2600.0,0.09000000000003006,842,0.4023,84.4,0.0133,0.914
1408809,3984,1500.0,-1.0699999999999759,654,0.402,84.4,0.0113,0.9115
1409276,3985,900.0,-3.734999999999996,467,0.4018,84.4,0.0128,0.9173
1409733,3986,800.0,-5.184999999999981,457,0.4016,84.4,0.0146,0.9147
1410307,3987,800.0,-0.6699999999999875,574,0.4014,84.4,0.0136,0.9158
1410782,3988,1000.0,-5.274999999999996,475,0.4011,84.4,0.0129,0.9263
1411317,3989,0.0,-4.074999999999963,535,0.4009,84.4,0.0146,0.9166
1411751,3990,1600.0,-5.069999999999981,434,0.4007,84.4,0.0118,0.9315
1412178,3991,200.0,-6.334999999999972,427,0.4005,84.4,0.0138,0.9276
1412933,3992,1500.0,-1.5749999999999877,755,0.4002,84.4,0.0132,0.9232
1413324,3993,1000.0,-6.15499999999999,391,0.4,84.4,0.0121,0.9234
1413961,3994,1900.0,-0.9849999999999803,637,0.3997,84.4,0.0121,0.9219
1414360,3995,400.0,-6.1949999999999905,399,0.3995,84.4,0.0143,0.9269
1415080,3996,2500.0,-1.3999999999999742,720,0.3992,84.4,0.0155,0.9174
1415799,3997,2700.0,-3.2949999999999737,719,0.3989,84.4,0.0134,0.9351
1416627,3998,2200.0,0.1600000000000268,828,0.3985,84.3,0.0118,0.9192
1417132,3999,1600.0,-3.924999999999976,505,0.3983,84.3,0.0132,0.9244
1417511,4000,100.0,-4.794999999999989,379,0.3981,84.3,0.012,0.9302
1417899,4001,200.0,-6.1399999999999935,388,0.3979,84.3,0.0152,0.9242
1418470,4002,900.0,-4.254999999999987,571,0.3977,84.3,0.0138,0.919
1418933,4003,1100.0,-6.51499999999999,463,0.3975,84.3,0.0131,0.9162
1419618,4004,1400.0,-1.2249999999999681,685,0.3972,84.3,0.0126,0.9281
1420028,4005,600.0,-6.249999999999995,410,0.397,84.3,0.0112,0.9243
1420604,4006,1000.0,-2.579999999999981,576,0.3967,84.3,0.0133,0.9382
1421239,4007,1600.0,-2.8749999999999742,635,0.3964,84.3,0.0123,0.9367
1421600,4008,100.0,-6.004999999999985,361,0.3963,84.3,0.0116,0.9486
1422175,4009,1900.0,-4.274999999999976,575,0.396,84.3,0.0122,0.9371
1422929,4010,1600.0,-1.569999999999971,754,0.3957,84.3,0.0129,0.9344
1423737,4011,2200.0,0.26000000000004597,808,0.3953,84.3,0.0136,0.9342
1424606,4012,3100.0,-0.04499999999996884,869,0.3949,84.3,0.012,0.9345
1425223,4013,1500.0,-2.7849999999999766,617,0.3946,84.3,0.0132,0.9319
1425590,4014,300.0,-7.134999999999985,367,0.3945,84.3,0.0131,0.9332
1426007,4015,100.0,-4.98499999999998,417,0.3943,84.3,0.0136,0.9321
1426549,4016,1200.0,-5.6099999999999675,542,0.3941,84.3,0.012,0.9312
1427100,4017,1900.0,-5.654999999999962,551,0.3938,84.3,0.0126,0.9309
1427691,4018,900.0,-4.354999999999993,591,0.3935,84.3,0.0126,0.9353
1428078,4019,1100.0,-6.134999999999972,387,0.3934,84.3,0.0176,0.9271
1428674,4020,500.0,-4.379999999999999,596,0.3931,84.3,0.0133,0.9238
1429038,4021,300.0,-6.01999999999998,364,0.3929,84.3,0.014,0.9411
1429547,4022,1400.0,-3.9449999999999816,509,0.3927,84.3,0.0135,0.9424
1430181,4023,1300.0,-7.369999999999957,634,0.3924,84.3,0.0123,0.9478
1430761,4024,1300.0,-4.299999999999982,580,0.3922,84.2,0.0119,0.9426
1431334,4025,1300.0,-0.6649999999999872,573,0.3919,84.2,0.0128,0.9401
1431710,4026,300.0,-6.079999999999978,376,0.3917,84.2,0.0126,0.9311
1432296,4027,1300.0,-0.7299999999999902,586,0.3915,84.2,0.0143,0.94
1432628,4028,400.0,-5.859999999999996,332,0.3913,84.2,0.0129,0.9367
1433031,4029,500.0,-6.214999999999976,403,0.3911,84.2,0.0148,0.9413
1433513,4030,1600.0,-5.309999999999963,482,0.3909,84.2,0.0125,0.9421
1434140,4031,1200.0,-0.9349999999999921,627,0.3906,84.2,0.0114,0.9362
1434544,4032,600.0,-7.319999999999976,404,0.3905,84.2,0.0131,0.9425
1435172,4033,1400.0,-2.8399999999999834,628,0.3902,84.2,0.0127,0.9369
1435800,4034,1500.0,-2.839999999999979,628,0.3899,84.2,0.0144,0.9389
1436365,4035,1200.0,-4.224999999999981,565,0.3896,84.2,0.0155,0.931
1436702,4036,500.0,-5.8849999999999865,337,0.3895,84.2,0.0142,0.9411
1437405,4037,1200.0,0.7850000000000379,703,0.3892,84.2,0.0122,0.9419
1437772,4038,600.0,-6.034999999999983,367,0.389,84.2,0.0112,0.9382
1438609,4039,1600.0,-3.8849999999999563,837,0.3886,84.2,0.0113,0.9382
1439183,4040,700.0,-4.269999999999992,574,0.3884,84.2,0.0105,0.9382
1439863,4041,1400.0,-3.099999999999994,680,0.3881,84.2,0.0124,0.9389
1440478,4042,1400.0,-4.474999999999986,615,0.3878,84.2,0.0127,0.9522
1441043,4043,900.0,-2.524999999999973,565,0.3875,84.2,0.0122,0.9526
1441947,4044,2800.0,4.5799999999999965,904,0.3871,84.2,0.0133,0.9425
1442477,4045,1000.0,-4.049999999999988,530,0.3869,84.2,0.0122,0.95
1442883,4046,1400.0,-4.929999999999996,406,0.3867,84.2,0.0129,0.9452
1443267,4047,500.0,-6.119999999999989,384,0.3865,84.2,0.0133,0.9454
1443809,4048,1400.0,-4.1099999999999595,542,0.3863,84.2,0.0134,0.9424
1444406,4049,1500.0,-2.6849999999999916,597,0.386,84.1,0.0116,0.9494
1444762,4050,400.0,-7.079999999999983,356,0.3859,84.1,0.0114,0.9631
1445493,4051,2500.0,-1.4549999999999597,731,0.3855,84.1,0.013,0.9415
1445988,4052,1000.0,-3.874999999999989,495,0.3853,84.1,0.0141,0.9504
1446575,4053,1500.0,-0.7349999999999701,587,0.385,84.1,0.0134,0.946
1447073,4054,900.0,-5.389999999999982,498,0.3848,84.1,0.0143,0.9421
1447606,4055,500.0,-5.564999999999964,533,0.3846,84.1,0.0138,0.9527
1448037,4056,1100.0,-5.054999999999981,431,0.3844,84.1,0.0151,0.9388
1448604,4057,800.0,-4.234999999999973,567,0.3841,84.1,0.0116,0.9476
1448925,4058,0.0,-5.80499999999998,321,0.384,84.1,0.0107,0.9503
1449602,4059,1200.0,-1.1849999999999854,677,0.3837,84.1,0.0121,0.9556
1450072,4060,500.0,-5.249999999999966,470,0.3835,84.1,0.0113,0.9544
1450502,4061,700.0,-5.049999999999973,430,0.3833,84.1,0.0143,0.9545
1451032,4062,1600.0,-4.049999999999972,530,0.383,84.1,0.0122,0.9549
1451263,4063,0.0,-7.3549999999999915,231,0.3829,84.1,0.0112,0.9556
1451923,4064,1200.0,-1.0999999999999774,660,0.3826,84.1,0.0119,0.9555
1452513,4065,1400.0,-2.649999999999963,590,0.3824,84.1,0.0116,0.9606
1453061,4066,800.0,-4.13999999999997,548,0.3821,84.1,0.0111,0.9569
1453771,4067,1600.0,-3.2499999999999805,710,0.3818,84.1,0.0133,0.9536
1454335,4068,1000.0,-4.219999999999971,564,0.3815,84.1,0.0142,0.9501
1454881,4069,1300.0,-5.629999999999969,546,0.3813,84.1,0.0134,0.9459
1455563,4070,1300.0,-1.2099999999999955,682,0.381,84.1,0.0115,0.9493
1456889,4071,2100.0,5.169999999999667,1326,0.3804,84.1,0.012,0.9528
1457430,4072,600.0,-4.104999999999976,541,0.3802,84.1,0.0148,0.9433
1458006,4073,1500.0,-2.57999999999998,576,0.3799,84.0,0.013,0.9519
1458396,4074,800.0,-4.849999999999987,390,0.3797,84.0,0.0142,0.9579
1459220,4075,2900.0,0.18000000000002014,824,0.3794,84.0,0.0107,0.9548
1459665,4076,700.0,-3.624999999999986,445,0.3792,84.0,0.0102,0.9608
1460180,4077,900.0,-2.274999999999988,515,0.3789,84.0,0.013,0.9648
1460764,4078,1700.0,-7.119999999999989,584,0.3787,84.0,0.0142,0.9601
1461693,4079,3300.0,1.9550000000000463,929,0.3782,84.0,0.0133,0.9618
1462229,4080,1100.0,-5.579999999999979,536,0.378,84.0,0.0156,0.9638
1462649,4081,600.0,-6.299999999999979,420,0.3778,84.0,0.0141,0.9605
1463088,4082,500.0,-5.094999999999977,439,0.3776,84.0,0.0139,0.9613
1463535,4083,500.0,-5.134999999999981,447,0.3774,84.0,0.0128,0.962
1464080,4084,600.0,-4.12499999999997,545,0.3772,84.0,0.0123,0.9654
1464766,4085,2300.0,-1.2299999999999742,686,0.3769,84.0,0.0123,0.9659
1465203,4086,900.0,-6.384999999999974,437,0.3767,84.0,0.0155,0.9629
1465592,4087,0.0,-6.144999999999985,389,0.3765,84.0,0.0116,0.9699
1466091,4088,700.0,-2.19499999999999,499,0.3763,84.0,0.0126,0.9751
1466769,4089,2400.0,0.9100000000000175,678,0.376,84.0,0.0121,0.9672
1467391,4090,1400.0,-4.509999999999956,622,0.3757,84.0,0.0136,0.9598
1468127,4091,1400.0,-1.4799999999999862,736,0.3753,84.0,0.0132,0.9628
1468653,4092,1100.0,-4.029999999999997,526,0.3751,84.0,0.0133,0.9606
1469520,4093,2300.0,2.2650000000000308,867,0.3747,84.0,0.0131,0.9574
1470310,4094,800.0,0.35000000000002895,790,0.3744,84.0,0.0138,0.9608
1470689,4095,1000.0,-6.094999999999983,379,0.3742,84.0,0.0124,0.9542
1471281,4096,1200.0,-0.75999999999999,592,0.3739,84.0,0.0138,0.9554
1471710,4097,700.0,-5.044999999999993,429,0.3737,84.0,0.0102,0.9629
1472339,4098,2100.0,-2.844999999999981,629,0.3734,83.9,0.0119,0.9554
1473298,4099,2200.0,4.304999999999909,959,0.373,83.9,0.0131,0.9544
1473839,4100,1600.0,-4.104999999999992,541,0.3728,83.9,0.013,0.9593
1474182,4101,800.0,-5.91499999999998,343,0.3726,83.9,0.0134,0.9531
1474633,4102,900.0,-6.454999999999988,451,0.3724,83.9,0.0128,0.9473
1475323,4103,3000.0,-1.2499999999999654,690,0.3721,83.9,0.0131,0.949
1475765,4104,500.0,-5.109999999999989,442,0.3719,83.9,0.0122,0.9545
1476004,4105,0.0,-7.39499999999999,239,0.3718,83.9,0.0112,0.9525
1476738,4106,1900.0,2.9300000000000272,734,0.3715,83.9,0.0119,0.9489
1477328,4107,700.0,-4.349999999999974,590,0.3712,83.9,0.0124,0.9512
1477682,4108,500.0,-4.669999999999983,354,0.371,83.9,0.0127,0.9516
1478400,4109,1900.0,-1.3899999999999713,718,0.3707,83.9,0.0145,0.9566
1479092,4110,1100.0,-1.2599999999999825,692,0.3704,83.9,0.0124,0.9552
1479803,4111,1500.0,-1.35499999999996,711,0.3701,83.9,0.0109,0.9439
1480066,4112,0.0,-6.614999999999987,263,0.37,83.9,0.0118,0.9568
1480478,4113,200.0,-6.259999999999973,412,0.3698,83.9,0.0122,0.9563
1481125,4114,1500.0,-1.0349999999999757,647,0.3695,83.9,0.0117,0.952
1481825,4115,2100.0,3.1000000000000343,700,0.3692,83.9,0.0133,0.9442
1482298,4116,100.0,-5.264999999999997,473,0.369,83.9,0.0127,0.9436
1482783,4117,700.0,-3.82499999999997,485,0.3687,83.9,0.0137,0.9438
1483209,4118,400.0,-3.5299999999999754,426,0.3686,83.9,0.0129,0.9549
1483785,4119,1100.0,-0.6799999999999704,576,0.3683,83.9,0.0114,0.9371
1484178,4120,500.0,-6.1649999999999805,393,0.3681,83.9,0.0119,0.9539
1484543,4121,200.0,-6.024999999999983,365,0.368,83.9,0.0118,0.9472
1485294,4122,2100.0,-1.5549999999999686,751,0.3676,83.9,0.0118,0.9467
1485902,4123,500.0,1.2600000000000255,608,0.3673,83.8,0.0098,0.9379
1486399,4124,1000.0,-6.684999999999964,497,0.3671,83.8,0.014,0.9507
1486839,4125,900.0,-5.099999999999968,440,0.3669,83.8,0.0143,0.9436
1487406,4126,1300.0,-4.234999999999975,567,0.3667,83.8,0.0148,0.9528
1488261,4127,2500.0,2.3250000000000366,855,0.3663,83.8,0.015,0.9412
1488771,4128,1100.0,-2.2499999999999925,510,0.3661,83.8,0.0146,0.9428
1489481,4129,1600.0,-3.249999999999987,710,0.3657,83.8,0.0124,0.947
1490230,4130,1300.0,5.354999999999969,749,0.3654,83.8,0.0118,0.946
1490473,4131,0.0,-7.415000000000001,243,0.3653,83.8,0.011,0.9469
1490974,4132,1700.0,-5.404999999999989,501,0.3651,83.8,0.0127,0.9431
1491432,4133,500.0,-5.189999999999998,458,0.3649,83.8,0.0134,0.9494
1491818,4134,300.0,-4.829999999999994,386,0.3647,83.8,0.0149,0.9451
1492207,4135,300.0,-4.844999999999987,389,0.3645,83.8,0.0133,0.9433
1492769,4136,1500.0,-0.6099999999999746,562,0.3643,83.8,0.011,0.9458
1493700,4137,3300.0,7.544999999999923,931,0.3638,83.8,0.0125,0.9463
1494338,4138,1000.0,-4.589999999999987,638,0.3635,83.8,0.0143,0.9468
1494743,4139,900.0,-4.9249999999999785,405,0.3634,83.8,0.0147,0.9521
1495052,4140,600.0,-5.74499999999998,309,0.3632,83.8,0.012,0.9487
1495459,4141,500.0,-4.934999999999974,407,0.363,83.8,0.0133,0.943
1495951,4142,200.0,-3.859999999999979,492,0.3628,83.8,0.0131,0.9474
1496608,4143,600.0,-1.084999999999972,657,0.3625,83.8,0.0135,0.9535
1497166,4144,900.0,-4.189999999999981,558,0.3623,83.8,0.0132,0.9403
1497581,4145,600.0,-4.974999999999973,415,0.3621,83.8,0.0141,0.9461
1498126,4146,900.0,-4.124999999999998,545,0.3618,83.8,0.0129,0.9433
1498716,4147,1400.0,1.35000000000002,590,0.3616,83.8,0.0134,0.9457
1499635,4148,2000.0,7.604999999999813,919,0.3612,83.7,0.0138,0.9446
1500158,4149,500.0,-4.014999999999998,523,0.3609,81.9,0.0108,0.9482
1500615,4150,500.0,-5.1849999999999685,457,0.3607,81.9,0.0118,0.9596
1501066,4151,500.0,-3.6549999999999763,451,0.3605,81.9,0.0128,0.9545
1501565,4152,1300.0,-3.8949999999999663,499,0.3603,81.9,0.0119,0.964
1502103,4153,600.0,-2.389999999999975,538,0.3601,81.9,0.0142,0.9534
1502969,4154,2500.0,2.2700000000000378,866,0.3597,81.9,0.0135,0.9589
1503507,4155,1100.0,-2.389999999999986,538,0.3594,81.9,0.014,0.958
1504157,4156,1200.0,-4.649999999999957,650,0.3591,81.9,0.0137,0.9602
1504475,4157,400.0,-5.789999999999988,318,0.359,81.9,0.0163,0.9556
1505008,4158,400.0,-4.064999999999975,533,0.3587,81.9,0.0145,0.9605
1505724,4159,2800.0,3.020000000000037,716,0.3584,81.9,0.0145,0.963
1506390,4160,1900.0,-1.1299999999999786,666,0.3581,81.9,0.0129,0.9554
1506963,4161,2200.0,-2.5649999999999906,573,0.3579,81.9,0.0149,0.9593
1507246,4162,100.0,-8.314999999999987,283,0.3577,81.9,0.0133,0.9621
1507888,4163,1700.0,-1.0099999999999532,642,0.3575,81.9,0.0135,0.9508
1508279,4164,900.0,-4.854999999999988,391,0.3573,81.9,0.014,0.9589
1508944,4165,1200.0,0.9750000000000298,665,0.357,81.8,0.0131,0.9605
1509665,4166,1700.0,0.695000000000034,721,0.3567,81.8,0.0136,0.9585
1509988,4167,200.0,-5.814999999999994,323,0.3565,81.8,0.0128,0.9488
1510207,4168,200.0,-6.3949999999999925,219,0.3564,81.8,0.0189,0.9684
1510690,4169,600.0,-3.814999999999981,483,0.3562,81.8,0.013,0.9696
1511281,4170,1600.0,-2.65499999999999,591,0.3559,81.8,0.0134,0.965
1511799,4171,1500.0,-3.9899999999999958,518,0.3557,81.8,0.0122,0.9744
1512516,4172,2000.0,0.7150000000000327,717,0.3554,81.8,0.0127,0.9642
1512840,4173,0.0,-5.819999999999989,324,0.3552,81.8,0.0164,0.9645
1513345,4174,100.0,-3.925,505,0.355,81.8,0.0111,0.9693
1513751,4175,700.0,-3.429999999999985,406,0.3548,81.8,0.0139,0.9756
1514078,4176,400.0,-4.534999999999999,327,0.3547,81.8,0.015,0.9609
1514739,4177,1300.0,-1.1049999999999724,661,0.3544,81.8,0.0121,0.9781
1515468,4178,700.0,2.955000000000034,729,0.354,81.8,0.0137,0.9686
1516445,4179,1300.0,4.214999999999858,977,0.3536,81.8,0.0133,0.9722
1516932,4180,1100.0,-2.1349999999999896,487,0.3534,81.8,0.0141,0.9732
1517443,4181,1100.0,-5.454999999999975,511,0.3532,81.8,0.0117,0.9715
1518047,4182,900.0,-0.8199999999999785,604,0.3529,81.8,0.014,0.9629
1518656,4183,1300.0,1.2550000000000265,609,0.3526,81.8,0.0145,0.9699
1519195,4184,1000.0,-0.49499999999998767,539,0.3524,81.8,0.0124,0.9713
1519827,4185,1100.0,-2.8599999999999968,632,0.3521,81.8,0.0137,0.9719
1520423,4186,1200.0,3.6200000000000134,596,0.3518,81.8,0.0122,0.9798
1520907,4187,1300.0,-2.1199999999999806,484,0.3516,81.8,0.0116,0.9769
1521823,4188,1800.0,4.820000000000011,916,0.3512,81.8,0.0146,0.9671
1522306,4189,700.0,-2.1149999999999936,483,0.351,81.8,0.0111,0.9679
1522878,4190,1300.0,-2.5599999999999845,572,0.3507,81.8,0.0144,0.9774
1523357,4191,1200.0,-3.7949999999999857,479,0.3505,81.8,0.0142,0.9756
1523932,4192,700.0,-0.6749999999999741,575,0.3502,81.8,0.0123,0.9769
1524351,4193,900.0,-4.994999999999995,419,0.35,81.8,0.0118,0.9708
1524957,4194,1500.0,1.2700000000000315,606,0.3498,81.8,0.0134,0.9769
1525529,4195,1500.0,-0.6599999999999939,572,0.3495,81.8,0.0143,0.9745
1526073,4196,1400.0,-4.119999999999991,544,0.3493,81.7,0.0141,0.9769
1526656,4197,900.0,-0.714999999999979,583,0.349,81.7,0.0144,0.9733
1527310,4198,1600.0,-1.0699999999999665,654,0.3487,81.7,0.0128,0.9813
1527978,4199,1500.0,3.260000000000039,668,0.3484,81.7,0.0133,0.9722
1528787,4200,2300.0,7.754999999999996,809,0.348,81.7,0.0128,0.9801
1529528,4201,1800.0,5.794999999999999,741,0.3477,81.7,0.0113,0.9697
1530076,4202,700.0,-0.5399999999999827,548,0.3475,81.7,0.0132,0.9757
1530399,4203,200.0,-4.514999999999992,323,0.3473,81.7,0.0142,0.9792
1531065,4204,900.0,-1.129999999999996,666,0.347,81.7,0.0124,0.9854
1531540,4205,1300.0,-2.074999999999991,475,0.3468,81.7,0.0131,0.9766
1532164,4206,1400.0,-2.8199999999999736,624,0.3465,81.7,0.0121,0.9785
1532738,4207,1600.0,-0.6699999999999875,574,0.3463,81.7,0.0168,0.9725
1534079,4208,1600.0,5.8949999999994995,1341,0.3457,81.7,0.0118,0.9817
1534541,4209,700.0,-5.209999999999989,462,0.3455,81.7,0.013,0.9771
1535424,4210,3200.0,2.1850000000000342,883,0.3451,81.7,0.014,0.9792
1535659,4211,200.0,-6.474999999999998,235,0.345,81.7,0.0129,0.9862
1536231,4212,1500.0,-2.5599999999999925,572,0.3447,81.7,0.0141,0.9781
1536738,4213,2200.0,-2.234999999999977,507,0.3445,81.7,0.0123,0.9772
1537846,4214,2800.0,7.059999999999802,1108,0.344,81.7,0.013,0.9824
1538300,4215,1300.0,-5.169999999999976,454,0.3438,81.7,0.0131,0.9689
1538927,4216,1500.0,-0.9349999999999712,627,0.3435,81.7,0.0127,0.9792
1539386,4217,700.0,-5.194999999999981,459,0.3433,81.7,0.0131,0.9734
1539784,4218,200.0,-4.889999999999996,398,0.3431,81.7,0.0131,0.9819
1540284,4219,1100.0,-3.899999999999971,500,0.3429,81.7,0.0131,0.9816
1540810,4220,600.0,-2.329999999999989,526,0.3426,81.7,0.0135,0.9861
1541406,4221,1800.0,-0.77999999999997,596,0.3424,81.7,0.0112,0.9837
1542002,4222,1500.0,-2.6799999999999837,596,0.3421,81.6,0.0133,0.9937
1542353,4223,100.0,-5.954999999999992,351,0.3419,81.6,0.0121,0.9937
1542898,4224,1600.0,1.5750000000000242,545,0.3417,81.6,0.0123,0.9867
1543599,4225,1400.0,-1.3049999999999828,701,0.3414,81.6,0.0134,0.9916
1544094,4226,500.0,-3.874999999999977,495,0.3412,81.6,0.0121,0.9917
1544574,4227,300.0,-3.7999999999999883,480,0.3409,81.6,0.0136,0.9932
1545381,4228,3200.0,9.364999999999888,807,0.3406,81.6,0.0125,0.9956
1545742,4229,0.0,-4.704999999999982,361,0.3404,81.6,0.0156,0.9864
1546103,4230,1400.0,-3.2049999999999867,361,0.3403,81.6,0.0101,0.996
1546515,4231,400.0,-6.259999999999979,412,0.3401,81.6,0.0127,0.9842
1547218,4232,2800.0,0.7850000000000223,703,0.3398,81.6,0.0134,0.98
1547550,4233,400.0,-4.559999999999985,332,0.3396,81.6,0.0137,0.9886
1548234,4234,2200.0,3.1800000000000352,684,0.3393,81.6,0.0131,0.991
1548651,4235,800.0,-4.984999999999991,417,0.3391,81.6,0.0169,0.9806
1549162,4236,600.0,-3.954999999999992,511,0.3389,81.6,0.0124,0.9816
1549797,4237,1600.0,1.125000000000032,635,0.3386,81.6,0.0133,0.9866
1550264,4238,1100.0,-5.234999999999978,467,0.3384,81.6,0.0117,0.9914
1551233,4239,1600.0,8.054999999999747,969,0.3379,81.6,0.015,0.9884
1551553,4240,300.0,-6.899999999999988,320,0.3378,81.6,0.0128,0.9898
1552458,4241,1800.0,4.574999999999987,905,0.3374,81.6,0.0133,0.9959
1553087,4242,2500.0,3.455000000000016,629,0.3371,81.6,0.0144,0.9912
1554055,4243,3200.0,8.559999999999828,968,0.3367,81.6,0.0144,0.9928
1554216,4244,0.0,-7.0049999999999955,161,0.3366,81.6,0.0104,0.992
1554841,4245,1200.0,-0.9249999999999714,625,0.3363,81.6,0.0125,0.9953
1555722,4246,2300.0,7.794999999999923,881,0.3359,81.6,0.0132,0.9887
1557100,4247,2700.0,5.309999999999557,1378,0.3353,81.6,0.0129,0.9955
1557713,4248,1800.0,-0.8649999999999904,613,0.335,81.6,0.0151,0.9902
1558259,4249,2600.0,-2.429999999999985,546,0.3348,81.5,0.0124,0.995
1558656,4250,700.0,-6.184999999999971,397,0.3346,81.5,0.0118,0.9995
1559312,4251,2800.0,3.3200000000000376,656,0.3343,81.5,0.0125,1.0001
1560607,4252,3100.0,6.124999999999539,1295,0.3337,81.5,0.0138,0.9898
1561379,4253,2900.0,7.939999999999967,772,0.3334,81.5,0.0122,0.9847
1561906,4254,1500.0,-2.3349999999999906,527,0.3331,81.5,0.0115,0.9875
1562757,4255,2300.0,6.044999999999887,851,0.3328,81.5,0.0135,0.9906
1563305,4256,1300.0,-0.5399999999999894,548,0.3325,81.5,0.0125,0.9852
1564306,4257,1100.0,7.5949999999998665,1001,0.3321,81.5,0.0135,0.9861
1564897,4258,2500.0,-0.7549999999999875,591,0.3318,81.5,0.0151,0.9902
1565464,4259,700.0,-4.234999999999973,567,0.3315,81.5,0.0138,0.9845
1566050,4260,2600.0,1.370000000000032,586,0.3313,81.5,0.0143,0.9783
1566566,4261,1900.0,-0.37999999999998746,516,0.331,81.5,0.0126,0.9847
1566926,4262,800.0,-4.699999999999979,360,0.3309,81.5,0.0138,0.9803
1567468,4263,1700.0,-2.409999999999977,542,0.3306,81.5,0.0176,0.9844
1568218,4264,2100.0,2.8500000000000254,750,0.3303,81.5,0.0128,0.9959
1568814,4265,200.0,-0.7799999999999767,596,0.33,81.5,0.015,0.9918
1569414,4266,1700.0,3.6000000000000316,600,0.3298,81.5,0.0142,0.9857
1569846,4267,400.0,-5.05999999999997,432,0.3296,81.5,0.0133,0.9866
1570609,4268,2600.0,5.284999999999919,763,0.3292,81.5,0.0121,0.9953
1572555,4269,2700.0,2.469999999999734,1946,0.3284,81.5,0.0125,0.9997
1573446,4270,1700.0,8.444999999999805,891,0.3279,81.5,0.0108,0.9979
1574090,4271,2200.0,1.0800000000000143,644,0.3277,81.5,0.0133,1.0005
1574800,4272,2200.0,3.050000000000039,710,0.3273,81.5,0.0127,0.998
1576128,4273,2500.0,4.459999999999998,1328,0.3267,81.4,0.0136,0.9938
1576855,4274,2800.0,2.965000000000024,727,0.3264,81.4,0.0132,0.9997
1577626,4275,2900.0,0.4450000000000296,771,0.3261,81.4,0.0126,0.9999
1578154,4276,2000.0,-0.4399999999999791,528,0.3258,81.4,0.0122,0.9926
1578910,4277,1500.0,8.019999999999921,756,0.3255,81.4,0.0129,0.9931
1579503,4278,1200.0,-2.664999999999983,593,0.3252,81.4,0.0136,1.0006
1580069,4279,1500.0,-2.529999999999975,566,0.325,81.4,0.0138,1.0045
1580635,4280,500.0,-2.5299999999999696,566,0.3247,81.4,0.0124,1.0124
1580965,4281,400.0,-5.849999999999978,330,0.3246,81.4,0.0131,1.0023
1581391,4282,700.0,-6.32999999999998,426,0.3244,81.4,0.0128,1.0011
1581930,4283,900.0,-4.094999999999983,539,0.3241,81.4,0.0122,1.0068
1582977,4284,3100.0,9.764999999999713,1047,0.3237,81.4,0.0144,1.0049
1583842,4285,2200.0,-0.024999999999974598,865,0.3233,81.4,0.0136,1.0154
1584699,4286,1600.0,2.315000000000019,857,0.3229,81.4,0.0136,1.0032
1585218,4287,700.0,-3.9949999999999974,519,0.3227,81.4,0.0141,1.0088
1586072,4288,2900.0,2.3300000000000303,854,0.3223,81.4,0.0142,0.9993
1586945,4289,3800.0,2.2350000000000465,873,0.3219,81.4,0.0131,1.0106
1587802,4290,1800.0,2.31500000000005,857,0.3215,81.4,0.0142,1.0032
1589126,4291,1800.0,5.179999999999915,1324,0.3209,81.4,0.0137,1.0025
1590101,4292,5000.0,1.7250000000000671,975,0.3205,81.4,0.0132,1.0061
1590809,4293,1700.0,0.7600000000000335,708,0.3201,81.4,0.0146,1.0143
1591362,4294,1300.0,-4.164999999999995,553,0.3199,81.3,0.0133,1.0102
1591898,4295,1200.0,-0.47999999999997733,536,0.3196,81.3,0.0134,1.0107
1592320,4296,1000.0,-6.309999999999981,422,0.3195,81.3,0.0123,1.0085
1592812,4297,900.0,-3.8599999999999897,492,0.3192,81.3,0.0138,1.0014
1593210,4298,0.0,-8.189999999999984,398,0.3191,81.3,0.0128,1.0096
1594376,4299,2200.0,5.9699999999997315,1166,0.3185,81.3,0.0135,1.0147
1595755,4300,2900.0,2.6049999999999986,1379,0.3179,81.3,0.0138,1.0074
1596484,4301,2300.0,2.9550000000000294,729,0.3176,81.3,0.0135,1.0098
1597063,4302,2100.0,1.4050000000000287,579,0.3173,81.3,0.0145,1.0106
1597972,4303,2900.0,8.454999999999863,909,0.3169,81.3,0.0146,1.0103
1598650,4304,2200.0,5.710000000000012,678,0.3166,81.3,0.0142,1.0045
1599064,4305,1300.0,-4.969999999999973,414,0.3164,81.3,0.0157,1.0185
1599923,4306,2800.0,6.404999999999883,859,0.316,81.3,0.0137,1.0047
1600275,4307,400.0,-5.9599999999999795,352,0.3159,79.8,0.0128,1.0215
1600872,4308,1400.0,-0.784999999999989,597,0.3156,79.8,0.0136,1.0116
1601164,4309,800.0,-5.659999999999997,292,0.3155,79.8,0.0128,1.0127
1602435,4310,2500.0,5.8449999999995645,1271,0.3149,79.8,0.0139,1.0101
1603351,4311,3300.0,7.619999999999892,916,0.3145,79.8,0.0125,1.0152
1603946,4312,1600.0,-0.7749999999999786,595,0.3142,79.7,0.0149,1.0179
1604374,4313,1200.0,-3.5399999999999983,428,0.314,79.7,0.0141,1.0178
1604972,4314,2400.0,3.6100000000000216,598,0.3138,79.7,0.0141,1.0079
1605609,4315,1800.0,3.4150000000000293,637,0.3135,79.7,0.0149,1.0145
1605976,4316,600.0,-4.734999999999994,367,0.3133,79.7,0.0132,1.0089
1606449,4317,800.0,-5.2649999999999935,473,0.3131,79.7,0.0124,1.0141
1607149,4318,1200.0,5.599999999999965,700,0.3128,79.7,0.0122,1.0113
1607605,4319,400.0,-3.6799999999999913,456,0.3126,79.7,0.0124,1.0138
1608497,4320,2000.0,4.6399999999999615,892,0.3122,79.7,0.0124,1.0156
1609037,4321,900.0,-0.4999999999999871,540,0.3119,79.7,0.0111,1.0112
1610050,4322,2300.0,4.034999999999788,1013,0.3115,79.7,0.0114,1.0176
1610593,4323,700.0,-4.114999999999984,543,0.3112,79.7,0.0154,1.027
1611134,4324,1300.0,-0.5049999999999795,541,0.311,79.7,0.0125,1.0248
1611550,4325,600.0,-3.4799999999999787,416,0.3108,79.7,0.013,1.0171
1612112,4326,1200.0,-0.6099999999999755,562,0.3105,79.7,0.0134,1.0187
1612831,4327,2000.0,3.0050000000000328,719,0.3102,79.7,0.0147,1.0255
1613495,4328,1500.0,0.9800000000000333,664,0.3099,79.7,0.0139,1.0234
1614626,4329,2300.0,8.444999999999599,1131,0.3094,79.7,0.0127,1.0235
1615175,4330,1300.0,-0.5449999999999768,549,0.3092,79.7,0.013,1.0243
1615853,4331,1300.0,3.210000000000032,678,0.3089,79.7,0.0135,1.018
1616190,4332,100.0,-5.884999999999999,337,0.3087,79.7,0.0115,1.03
1616746,4333,800.0,-2.4799999999999778,556,0.3085,79.7,0.0136,1.0236
1617305,4334,1500.0,1.505000000000023,559,0.3082,79.7,0.0121,1.0278
1618123,4335,3300.0,7.709999999999801,818,0.3078,79.7,0.0132,1.0239
1619839,4336,1200.0,5.219999999999152,1716,0.3071,79.7,0.0146,1.0151
1620397,4337,1000.0,-4.189999999999985,558,0.3068,79.7,0.0108,1.0333
1620801,4338,200.0,-3.4199999999999817,404,0.3066,79.7,0.0123,1.0415
1622291,4339,3000.0,4.749999999999464,1490,0.306,79.7,0.0136,1.0298
1622618,4340,300.0,-4.535,327,0.3058,79.7,0.0137,1.0219
1622909,4341,200.0,-4.354999999999989,291,0.3057,79.7,0.0117,1.0318
1623345,4342,700.0,-3.5799999999999974,436,0.3055,79.6,0.0144,1.0237
1624423,4343,2200.0,7.209999999999714,1078,0.305,79.6,0.012,1.0296
1624919,4344,400.0,-2.179999999999992,496,0.3048,79.6,0.016,1.0228
1625301,4345,1500.0,-3.309999999999976,382,0.3046,79.6,0.0147,1.0318
1625856,4346,1200.0,-2.4749999999999845,555,0.3044,79.6,0.0124,1.0377
1626683,4347,900.0,7.664999999999915,827,0.304,79.6,0.0141,1.0263
1628781,4348,1200.0,1.7099999999992122,2098,0.303,79.6,0.0145,1.0285
1629370,4349,1400.0,-0.7449999999999655,589,0.3028,79.6,0.0107,1.0272
1630498,4350,1700.0,6.1599999999995445,1128,0.3023,79.6,0.0128,1.0356
1630896,4351,1300.0,-3.389999999999975,398,0.3021,79.6,0.0154,1.044
1631527,4352,700.0,-0.9549999999999681,631,0.3018,79.6,0.0157,1.0417
1632068,4353,1000.0,-2.4049999999999914,541,0.3016,79.6,0.0146,1.0351
1633233,4354,1600.0,6.774999999999669,1165,0.301,79.6,0.0136,1.0373
1633872,4355,1600.0,-0.9949999999999783,639,0.3008,79.6,0.0121,1.0444
1635157,4356,1300.0,2.6749999999999057,1285,0.3002,79.6,0.0149,1.0398
1636715,4357,1600.0,2.9099999999995854,1558,0.2995,79.6,0.0141,1.0359
1637573,4358,1700.0,9.40999999999989,858,0.2991,79.6,0.0136,1.0456
1638379,4359,1700.0,7.769999999999897,806,0.2987,79.6,0.0153,1.0447
1640477,4360,1200.0,2.909999999999294,2098,0.2978,79.6,0.0129,1.0412
1640986,4361,2200.0,-0.344999999999986,509,0.2976,79.6,0.0158,1.068
1641679,4362,1700.0,0.8350000000000173,693,0.2972,79.6,0.0133,1.0473
1642374,4363,1600.0,8.32499999999997,695,0.2969,79.6,0.0137,1.0665
1643016,4364,3000.0,1.0900000000000336,642,0.2966,79.5,0.012,1.0582
1643617,4365,2100.0,1.2950000000000337,601,0.2964,79.5,0.0136,1.0573
1644265,4366,1600.0,3.3600000000000296,648,0.2961,79.5,0.0132,1.0554
1645831,4367,3800.0,2.4699999999998443,1566,0.2954,79.5,0.0148,1.058
1646381,4368,300.0,-4.149999999999967,550,0.2951,79.5,0.0165,1.0569
1648154,4369,2000.0,2.9349999999994836,1773,0.2943,79.5,0.0137,1.0637
1648667,4370,800.0,-2.2649999999999952,513,0.2941,79.5,0.012,1.0575
1649180,4371,2000.0,-2.26499999999997,513,0.2939,79.5,0.0127,1.057
1649797,4372,2300.0,1.2150000000000176,617,0.2936,79.5,0.0124,1.0503
1651891,4373,1200.0,1.7299999999995146,2094,0.2926,79.5,0.0144,1.0646
1652400,4374,1500.0,-2.2449999999999717,509,0.2924,79.5,0.012,1.0677
1654495,4375,2000.0,1.3249999999995978,2095,0.2915,79.5,0.013,1.0633
1655164,4376,2700.0,3.255000000000023,669,0.2912,79.5,0.0146,1.0667
1657258,4377,1200.0,1.3299999999993366,2094,0.2902,79.5,0.0133,1.067
1657866,4378,1400.0,3.560000000000035,608,0.29,79.5,0.0146,1.0682
1658248,4379,1400.0,-3.3099999999999827,382,0.2898,79.5,0.0105,1.0644
1660342,4380,3100.0,-1.3700000000006307,2094,0.2888,79.5,0.0136,1.0656
1662434,4381,2200.0,-1.3600000000004444,2092,0.2879,79.4,0.0138,1.0705
1663650,4382,1500.0,5.719999999999646,1216,0.2874,79.4,0.012,1.0739
1665267,4383,1100.0,4.114999999999327,1617,0.2866,79.4,0.0121,1.0741
1667363,4384,600.0,1.3199999999992302,2096,0.2857,79.4,0.0134,1.0674
1667764,4385,1800.0,-3.4049999999999923,401,0.2855,79.4,0.0114,1.0746
1668378,4386,900.0,-2.7699999999999845,614,0.2852,79.4,0.0136,1.0717
1668837,4387,500.0,-3.6949999999999994,459,0.285,79.4,0.0131,1.0637
1669625,4388,1800.0,0.36000000000003096,788,0.2847,79.4,0.0132,1.0681
1670200,4389,800.0,-2.574999999999976,575,0.2844,79.4,0.0147,1.0755
1670919,4390,3100.0,3.0050000000000354,719,0.2841,79.4,0.0148,1.0806
1671318,4391,800.0,-6.194999999999982,399,0.2839,79.4,0.0147,1.0755
1671701,4392,700.0,-4.8149999999999995,383,0.2837,79.4,0.014,1.0685
1672385,4393,1400.0,3.180000000000037,684,0.2834,79.4,0.0131,1.0689
1673028,4394,900.0,1.0850000000000275,643,0.2831,79.4,0.0119,1.0754
1675123,4395,900.0,1.3249999999993625,2095,0.2822,79.4,0.0127,1.075
1675703,4396,1300.0,-4.299999999999974,580,0.2819,79.4,0.0142,1.0744
1676210,4397,900.0,-2.2349999999999945,507,0.2817,79.4,0.0137,1.0714
1676839,4398,1500.0,-0.9449999999999825,629,0.2814,79.4,0.0151,1.0705
1677475,4399,1800.0,3.4200000000000363,636,0.2811,79.4,0.0126,1.0757
1679574,4400,2000.0,1.3049999999995663,2099,0.2802,79.3,0.0145,1.0763
1680045,4401,1600.0,-2.0549999999999957,471,0.28,79.3,0.0127,1.072
1682141,4402,2200.0,-0.9800000000000457,2096,0.279,79.3,0.0137,1.0869
1682755,4403,1000.0,1.230000000000036,614,0.2788,79.3,0.0128,1.0873
1683452,4404,2800.0,3.115000000000035,697,0.2784,79.3,0.0127,1.0803
1685550,4405,2500.0,1.3099999999995182,2098,0.2775,79.3,0.013,1.0929
1687644,4406,900.0,1.329999999999493,2094,0.2766,79.3,0.0149,1.0858
1688912,4407,1700.0,4.159999999999557,1268,0.276,79.3,0.0129,1.0928
1690041,4408,1500.0,3.4549999999999015,1129,0.2755,79.3,0.0132,1.088
1690577,4409,800.0,-4.07999999999997,536,0.2752,79.3,0.0133,1.0821
1691125,4410,600.0,-5.639999999999965,548,0.275,79.3,0.0134,1.0782
1691625,4411,1000.0,-2.199999999999985,500,0.2748,79.3,0.0139,1.0832
1692224,4412,1100.0,-0.7949999999999773,599,0.2745,79.3,0.0147,1.0831
1692833,4413,2000.0,-0.844999999999958,609,0.2742,79.3,0.013,1.0839
1694930,4414,1300.0,-1.3850000000006477,2097,0.2733,79.3,0.0126,1.0764
1697025,4415,2200.0,1.3249999999998483,2095,0.2723,79.2,0.0129,1.0775
1697592,4416,900.0,1.465000000000022,567,0.2721,79.2,0.0144,1.0812
1698311,4417,1500.0,0.7050000000000356,719,0.2718,79.2,0.013,1.0832
1698711,4418,700.0,-4.899999999999986,400,0.2716,79.2,0.0118,1.082
1699334,4419,1700.0,3.485000000000035,623,0.2713,79.2,0.0134,1.0843
1701431,4420,2500.0,1.3149999999991095,2097,0.2704,77.9,0.0128,1.0833
1701953,4421,1400.0,-0.4099999999999757,522,0.2701,77.8,0.0133,1.0879
1704050,4422,2100.0,1.3149999999994701,2097,0.2692,77.8,0.0131,1.0922
1706147,4423,1300.0,1.3149999999994844,2097,0.2682,77.8,0.0131,1.0852
1706677,4424,600.0,1.6500000000000137,530,0.268,77.8,0.0139,1.0877
1708774,4425,2300.0,-1.3850000000003957,2097,0.2671,77.8,0.0129,1.0836
1710868,4426,2200.0,-1.3700000000003154,2094,0.2661,77.8,0.0132,1.089
1712966,4427,1600.0,1.3099999999994978,2098,0.2652,77.8,0.0125,1.0916
1715059,4428,2000.0,1.3349999999992832,2093,0.2642,77.8,0.0138,1.102
1717151,4429,1600.0,1.3399999999989927,2092,0.2633,77.8,0.0127,1.0951
1719244,4430,2800.0,-1.3650000000004585,2093,0.2623,77.8,0.0126,1.0956
1719792,4431,1100.0,1.5600000000000298,548,0.2621,77.8,0.0112,1.0925
1721890,4432,1200.0,1.7099999999990194,2098,0.2611,77.8,0.0141,1.0941
1723988,4433,2200.0,1.309999999999146,2098,0.2602,77.7,0.0129,1.0972
1726080,4434,1100.0,1.3399999999995282,2092,0.2593,77.7,0.0132,1.0919
1726636,4435,700.0,-0.579999999999969,556,0.259,77.7,0.0123,1.1001
1728733,4436,2200.0,1.3149999999994186,2097,0.2581,77.7,0.0131,1.0953
1729357,4437,800.0,3.4800000000000395,624,0.2578,77.7,0.0127,1.0979
1731449,4438,1200.0,1.3399999999995238,2092,0.2568,77.7,0.0129,1.0993
1733546,4439,1000.0,1.7149999999992644,2097,0.2559,77.7,0.0135,1.0993
1735132,4440,1400.0,1.569999999999741,1586,0.2552,77.7,0.0137,1.0984
1735628,4441,600.0,1.8200000000000207,496,0.255,77.7,0.0139,1.1018
1737722,4442,2200.0,1.3299999999992176,2094,0.254,77.7,0.0126,1.0995
1738202,4443,500.0,-0.1999999999999842,480,0.2538,77.7,0.0134,1.098
1740294,4444,2100.0,1.3399999999993675,2092,0.2529,77.7,0.0126,1.1018
1742392,4445,1500.0,2.1099999999991983,2098,0.2519,77.7,0.0129,1.1109
1744455,4446,1900.0,1.4849999999993644,2063,0.251,77.6,0.012,1.1092
1745065,4447,1100.0,1.2500000000000293,610,0.2507,77.6,0.012,1.1074
1747162,4448,2300.0,1.3149999999991824,2097,0.2498,77.6,0.014,1.1093
1749259,4449,2900.0,1.3149999999992543,2097,0.2488,77.6,0.0131,1.111
1751353,4450,1600.0,1.729999999999201,2094,0.2479,77.6,0.0117,1.1113
1751932,4451,1200.0,3.7050000000000196,579,0.2476,77.6,0.0131,1.1107
1754029,4452,1700.0,1.7149999999989607,2097,0.2467,77.6,0.0121,1.1139
1756128,4453,2200.0,1.7049999999991794,2099,0.2457,77.6,0.0139,1.1143
1758221,4454,1800.0,1.734999999999185,2093,0.2448,77.6,0.0129,1.1191
1758791,4455,1200.0,3.750000000000032,570,0.2445,77.6,0.0112,1.119
1759261,4456,1000.0,-2.0499999999999745,470,0.2443,77.6,0.0132,1.1151
1761359,4457,1900.0,1.3099999999991905,2098,0.2434,77.6,0.0125,1.1244
1761896,4458,1800.0,3.9150000000000134,537,0.2431,77.6,0.0142,1.1181
1763733,4459,2200.0,3.814999999999471,1837,0.2423,77.5,0.0139,1.125
1765188,4460,2400.0,1.8249999999998288,1455,0.2417,77.5,0.0138,1.1278
1766699,4461,1500.0,1.944999999999836,1511,0.241,77.5,0.0131,1.1258
1768795,4462,1800.0,-0.5800000000001093,2096,0.24,77.5,0.0135,1.1295
1770890,4463,2900.0,1.7249999999989853,2095,0.2391,77.5,0.0129,1.1287
1771403,4464,2100.0,-2.26499999999999,513,0.2389,77.5,0.0125,1.1304
1772661,4465,2900.0,2.809999999999702,1258,0.2383,77.5,0.0138,1.1282
1774753,4466,1900.0,1.7399999999994336,2092,0.2374,77.5,0.0131,1.1368
1775318,4467,2300.0,-0.6249999999999813,565,0.2371,77.5,0.014,1.1347
1775953,4468,2000.0,1.1250000000000222,635,0.2368,77.5,0.0133,1.1325
1776617,4469,2800.0,3.2800000000000207,664,0.2365,77.5,0.0131,1.1371
1776977,4470,0.0,-7.999999999999977,360,0.2364,77.5,0.0139,1.1356
1779076,4471,3200.0,-1.3950000000002598,2099,0.2354,77.5,0.0135,1.1336
1779615,4472,400.0,3.9050000000000242,539,0.2352,77.5,0.0145,1.1407
1781711,4473,700.0,1.3199999999993013,2096,0.2342,77.4,0.0149,1.1379
1782263,4474,1800.0,1.540000000000025,552,0.234,77.4,0.0118,1.1334
1784360,4475,1500.0,1.31499999999913,2097,0.233,77.4,0.0127,1.1388
1786033,4476,2800.0,3.4349999999993006,1673,0.2323,77.4,0.013,1.1339
1788129,4477,1800.0,1.3199999999990526,2096,0.2313,77.4,0.0129,1.1359
1790224,4478,3300.0,1.3249999999990933,2095,0.2304,77.4,0.0129,1.1343
1790750,4479,1800.0,3.9700000000000246,526,0.2302,77.4,0.0118,1.1258
1792843,4480,2100.0,1.7349999999988759,2093,0.2292,77.4,0.0141,1.1269
1794941,4481,2200.0,1.7099999999992361,2098,0.2283,77.4,0.0129,1.1231
1795295,4482,0.0,-5.96999999999999,354,0.2281,77.4,0.015,1.1355
1797393,4483,2300.0,2.509999999999197,2098,0.2272,77.4,0.0119,1.1275
1797808,4484,1100.0,-1.7749999999999768,415,0.227,77.4,0.0128,1.1255
1798096,4485,0.0,-7.639999999999986,288,0.2269,77.4,0.0113,1.1324
1800192,4486,1800.0,-0.9800000000001035,2096,0.2259,76.1,0.0138,1.1279
1802288,4487,1600.0,-0.18000000000036387,2096,0.225,76.1,0.0137,1.1263
1804381,4488,900.0,-0.5650000000002979,2093,0.224,76.1,0.0141,1.1249
1806003,4489,1800.0,4.089999999999217,1622,0.2233,76.1,0.0122,1.1272
1808098,4490,1500.0,1.7249999999990724,2095,0.2224,76.1,0.014,1.1231
1810192,4491,1600.0,2.1299999999990256,2094,0.2214,76.1,0.0133,1.1306
1812285,4492,2000.0,-0.16500000000030735,2093,0.2205,76.1,0.0142,1.141
1814383,4493,1700.0,1.3099999999991923,2098,0.2195,76.1,0.0135,1.1436
1815112,4494,1100.0,8.154999999999855,729,0.2192,76.1,0.0143,1.1438
1817006,4495,1500.0,3.4299999999992865,1894,0.2183,76.0,0.0127,1.1373
1817427,4496,1000.0,2.1950000000000127,421,0.2182,76.0,0.0144,1.1444
1818001,4497,1800.0,3.7300000000000235,574,0.2179,76.0,0.0132,1.1418
1820096,4498,1000.0,1.7249999999993548,2095,0.217,76.0,0.0123,1.1375
1822195,4499,800.0,1.7049999999992682,2099,0.216,76.0,0.0127,1.1438
1824291,4500,1700.0,1.3199999999991467,2096,0.2151,76.0,0.0135,1.1428
1826390,4501,2000.0,-1.3950000000003455,2099,0.2141,76.0,0.0122,1.1458
1826873,4502,1100.0,4.185000000000016,483,0.2139,76.0,0.0141,1.1362
1828972,4503,1800.0,-0.9950000000004655,2099,0.213,76.0,0.0137,1.1432
1831065,4504,2300.0,1.3349999999989084,2093,0.212,76.0,0.0124,1.1422
1831647,4505,2500.0,3.6899999999999764,582,0.2118,76.0,0.0136,1.1381
1833740,4506,1600.0,-1.3650000000004923,2093,0.2108,76.0,0.0131,1.1421
1835837,4507,1700.0,-0.9850000000000736,2097,0.2099,76.0,0.0134,1.1386
1837936,4508,1700.0,-0.9950000000002053,2099,0.2089,75.9,0.0138,1.1388
1840034,4509,700.0,1.3099999999994525,2098,0.208,75.9,0.0127,1.1422
1842133,4510,3100.0,1.3049999999991044,2099,0.207,75.9,0.014,1.1512
1844229,4511,1800.0,1.3199999999987417,2096,0.2061,75.9,0.0135,1.1522
1846324,4512,2200.0,-1.3750000000006821,2095,0.2052,75.9,0.0135,1.1467
1848417,4513,1600.0,1.334999999999467,2093,0.2042,75.9,0.0124,1.1455
1850509,4514,1400.0,1.3399999999993675,2092,0.2033,75.9,0.0125,1.1483
1852606,4515,2800.0,-1.3850000000003981,2097,0.2023,75.9,0.013,1.1587
1854701,4516,2200.0,1.324999999999048,2095,0.2014,75.9,0.0128,1.1574
1856796,4517,1800.0,1.3249999999993687,2095,0.2004,75.9,0.0124,1.1559
1858888,4518,1600.0,1.339999999999396,2092,0.1995,75.8,0.0119,1.1556
1860987,4519,2900.0,1.304999999999147,2099,0.1986,75.8,0.0127,1.1633
1863083,4520,2200.0,-1.3800000000005843,2096,0.1976,75.8,0.0129,1.1696
1865180,4521,1500.0,1.314999999998827,2097,0.1967,75.8,0.0128,1.1707
1867276,4522,2800.0,-1.38000000000042,2096,0.1957,75.8,0.014,1.1694
1869374,4523,1800.0,1.3099999999991931,2098,0.1948,75.8,0.0126,1.1719
1871466,4524,2200.0,-1.360000000000459,2092,0.1938,75.8,0.0128,1.1804
1873559,4525,3200.0,1.334999999998809,2093,0.1929,75.8,0.0137,1.1821
1875656,4526,2600.0,1.3149999999992525,2097,0.192,75.8,0.0121,1.1854
1877753,4527,2900.0,-1.3850000000004432,2097,0.191,75.8,0.0131,1.1814
1879849,4528,2500.0,1.3199999999991752,2096,0.1901,75.8,0.0133,1.18
1881942,4529,2200.0,-1.3650000000005158,2093,0.1891,75.7,0.0127,1.1935
1884041,4530,2300.0,1.304999999999219,2099,0.1882,75.7,0.0141,1.1846
1886135,4531,2700.0,1.3299999999992282,2094,0.1872,75.7,0.0135,1.1873
1888230,4532,2500.0,-1.3750000000004623,2095,0.1863,75.7,0.0123,1.1862
1890323,4533,2400.0,1.3349999999991011,2093,0.1854,75.7,0.0138,1.1908
1892415,4534,2100.0,1.3399999999991543,2092,0.1844,75.7,0.0129,1.2042
1894514,4535,2200.0,1.3049999999992812,2099,0.1835,75.7,0.0129,1.2031
1896607,4536,900.0,1.33499999999899,2093,0.1825,75.7,0.0137,1.2022
1898704,4537,2200.0,1.3149999999991806,2097,0.1816,75.7,0.014,1.2031
1900802,4538,1700.0,-1.3900000000006365,2098,0.1806,74.5,0.0123,1.2046
1902898,4539,1400.0,-1.3800000000002681,2096,0.1797,74.5,0.0126,1.1994
1904996,4540,2400.0,-1.3900000000006867,2098,0.1788,74.5,0.0134,1.2016
1907089,4541,2700.0,-1.3650000000007747,2093,0.1778,74.5,0.0131,1.1991
1909188,4542,2000.0,1.3049999999988309,2099,0.1769,74.5,0.0123,1.2042
1911285,4543,2000.0,1.3149999999987987,2097,0.1759,74.5,0.0132,1.1987
1913378,4544,1700.0,1.3349999999990265,2093,0.175,74.5,0.0142,1.1997
1915471,4545,1600.0,1.3349999999990665,2093,0.174,74.5,0.0116,1.2067
1916010,4546,1400.0,3.9050000000000153,539,0.1738,74.5,0.0133,1.1957
1918106,4547,2400.0,-1.3800000000004018,2096,0.1729,74.5,0.0129,1.2019
1920203,4548,1000.0,-1.3850000000005824,2097,0.1719,74.4,0.0134,1.205
1922301,4549,1600.0,1.309999999999194,2098,0.171,74.4,0.0128,1.2093
1924395,4550,1200.0,-1.3700000000007497,2094,0.17,74.4,0.014,1.2049
1926493,4551,1800.0,1.3099999999987624,2098,0.1691,74.4,0.013,1.201
1928590,4552,1600.0,1.314999999998979,2097,0.1681,74.4,0.0127,1.2043
1930689,4553,1700.0,1.3049999999992643,2099,0.1672,74.4,0.0137,1.2136
1932786,4554,2300.0,1.3149999999988573,2097,0.1662,74.4,0.0132,1.2214
1934882,4555,2500.0,1.3199999999989647,2096,0.1653,74.4,0.0136,1.2238
1936974,4556,1000.0,1.3399999999988337,2092,0.1644,74.4,0.0151,1.2239
1939070,4557,1300.0,1.3199999999988519,2096,0.1634,74.4,0.0133,1.2217
1941162,4558,1300.0,-1.3600000000004075,2092,0.1625,74.4,0.0129,1.2262
1943258,4559,1400.0,-1.380000000000801,2096,0.1615,74.3,0.0139,1.2233
1945350,4560,2400.0,1.3399999999989323,2092,0.1606,74.3,0.0125,1.2261
1947445,4561,2400.0,1.3249999999987185,2095,0.1596,74.3,0.0136,1.2213
1949540,4562,3700.0,1.3249999999991457,2095,0.1587,74.3,0.0134,1.2269
1951638,4563,2100.0,1.3099999999993592,2098,0.1578,74.3,0.0134,1.2297
1953732,4564,1900.0,1.3299999999989334,2094,0.1568,74.3,0.014,1.2306
1955829,4565,1400.0,1.3149999999991984,2097,0.1559,74.3,0.0136,1.2277
1957927,4566,2000.0,1.3099999999992393,2098,0.1549,74.3,0.0135,1.2332
1960022,4567,2200.0,1.3249999999991395,2095,0.154,74.3,0.0129,1.2273
1962116,4568,1400.0,1.3299999999991057,2094,0.153,74.2,0.0125,1.2361
1964209,4569,2500.0,1.3349999999990754,2093,0.1521,74.2,0.0141,1.2368
1966302,4570,2300.0,1.334999999999102,2093,0.1512,74.2,0.0138,1.2347
1968397,4571,1100.0,-1.3750000000003846,2095,0.1502,74.2,0.0128,1.2337
1970494,4572,1000.0,1.314999999998875,2097,0.1493,74.2,0.0137,1.2376
1972591,4573,1500.0,1.314999999998851,2097,0.1483,74.2,0.0134,1.2428
1974689,4574,1500.0,-1.3900000000002954,2098,0.1474,74.2,0.013,1.2403
1976788,4575,2100.0,1.3049999999988984,2099,0.1464,74.2,0.0132,1.2428
1978883,4576,1300.0,1.3249999999989726,2095,0.1455,74.2,0.0135,1.2441
1980981,4577,1100.0,0.6099999999993102,2098,0.1446,74.1,0.0131,1.2504
1983078,4578,2800.0,1.3149999999988928,2097,0.1436,74.1,0.0136,1.254
1985171,4579,1700.0,1.3349999999987574,2093,0.1427,74.1,0.0139,1.253
1987263,4580,2700.0,2.139999999999069,2092,0.1417,74.1,0.012,1.2537
1987636,4581,200.0,-8.064999999999985,373,0.1416,74.1,0.0113,1.2458
1989735,4582,1100.0,1.7049999999989973,2099,0.1406,74.1,0.014,1.254
1991829,4583,1400.0,1.7299999999989364,2094,0.1397,74.1,0.0129,1.2537
1993926,4584,600.0,2.9149999999992593,2097,0.1387,74.1,0.0138,1.2461
1994185,4585,0.0,-8.194999999999991,259,0.1386,74.1,0.0101,1.2528
1996280,4586,800.0,3.624999999998953,2095,0.1377,74.1,0.0137,1.2471
1998072,4587,2800.0,5.239999999998923,1792,0.1369,74.1,0.0133,1.2481
2000018,4588,1500.0,4.069999999999004,1946,0.136,72.9,0.0132,1.2524
2002111,4589,1600.0,2.4349999999988663,2093,0.1351,72.9,0.0139,1.253
2004209,4590,1400.0,2.1099999999990446,2098,0.1341,72.9,0.0134,1.2453
2005558,4591,1400.0,5.854999999999442,1349,0.1335,72.9,0.014,1.248
2006630,4592,1800.0,6.83999999999953,1072,0.133,72.9,0.0132,1.2506
2008728,4593,1200.0,2.1099999999991814,2098,0.1321,72.9,0.0128,1.25
2010451,4594,1400.0,5.18499999999901,1723,0.1313,72.9,0.0128,1.2551
2011115,4595,2000.0,9.579999999999856,664,0.131,72.9,0.015,1.256
2011654,4596,1600.0,9.504999999999932,539,0.1308,72.9,0.0152,1.2595
2011949,4597,0.0,-7.674999999999993,295,0.1306,72.9,0.014,1.2552
2014044,4598,900.0,3.3249999999990063,2095,0.1297,72.8,0.0135,1.2576
2014960,4599,2200.0,8.019999999999616,916,0.1293,72.8,0.0139,1.2558
2016718,4600,2000.0,5.309999999999003,1758,0.1285,72.8,0.0142,1.255
2016989,4601,0.0,-8.254999999999994,271,0.1284,72.8,0.0127,1.2647
2018713,4602,1900.0,3.479999999999147,1724,0.1276,72.8,0.0133,1.2563
2020486,4603,1100.0,3.734999999999056,1773,0.1268,72.8,0.0126,1.2636
2020788,4604,0.0,-7.7099999999999955,302,0.1266,72.8,0.0158,1.28
2021273,4605,1900.0,9.774999999999952,485,0.1264,72.8,0.0149,1.2702
2022264,4606,1900.0,6.844999999999568,991,0.126,72.8,0.0141,1.2741
2024359,4607,1600.0,0.22499999999956888,2095,0.125,72.8,0.0144,1.2701
2025627,4608,800.0,5.459999999999364,1268,0.1245,72.8,0.0127,1.2719
2027722,4609,1300.0,3.7249999999986976,2095,0.1235,72.8,0.014,1.2737
2029814,4610,1000.0,2.9399999999989204,2092,0.1226,72.8,0.0141,1.2694
2030350,4611,1700.0,9.919999999999941,536,0.1223,72.8,0.0133,1.2744
2031915,4612,1700.0,5.174999999999117,1565,0.1216,72.7,0.0142,1.2807
2033011,4613,900.0,5.219999999999495,1096,0.1211,72.7,0.014,1.283
2033881,4614,2400.0,9.049999999999653,870,0.1208,72.7,0.0129,1.2721
2034542,4615,2200.0,11.294999999999863,661,0.1205,72.7,0.0124,1.2733
2036139,4616,1900.0,5.414999999999076,1597,0.1197,72.7,0.0135,1.2761
2037381,4617,2000.0,7.189999999999423,1242,0.1192,72.7,0.0134,1.2761
2038134,4618,2300.0,8.83499999999977,753,0.1188,72.7,0.0125,1.2713
2040233,4619,1300.0,5.304999999998723,2099,0.1179,72.7,0.0144,1.2732
2041215,4620,1200.0,9.589999999999606,982,0.1175,72.7,0.0133,1.2796
2043308,4621,800.0,3.7349999999987302,2093,0.1165,72.7,0.0143,1.2777
2044006,4622,2000.0,13.109999999999886,698,0.1162,72.7,0.012,1.2755
2044649,4623,2300.0,11.284999999999837,643,0.1159,72.7,0.014,1.2802
2045334,4624,1600.0,13.074999999999942,685,0.1156,72.7,0.0125,1.2814
2046055,4625,1500.0,11.694999999999734,721,0.1153,72.7,0.0146,1.2751
2046822,4626,2000.0,13.164999999999843,767,0.1149,72.7,0.014,1.2752
2047463,4627,1400.0,9.794999999999877,641,0.1146,72.7,0.0142,1.2841
2047710,4628,0.0,-7.434999999999995,247,0.1145,72.7,0.0164,1.2731
2048729,4629,900.0,8.604999999999535,1019,0.1141,72.7,0.0114,1.2766
2050040,4630,900.0,8.844999999999306,1311,0.1135,72.7,0.0136,1.2731
2050628,4631,2300.0,9.659999999999823,588,0.1132,72.7,0.0151,1.2785
2051250,4632,1800.0,11.489999999999835,622,0.1129,72.6,0.0146,1.2697
2052013,4633,3400.0,43.9849999999995,763,0.1126,72.6,0.0136,1.2728
2052583,4634,1200.0,10.849999999999913,570,0.1123,72.6,0.0134,1.2671
2053063,4635,1500.0,10.199999999999932,480,0.1121,72.6,0.0132,1.2692
2053977,4636,500.0,8.429999999999598,914,0.1117,72.6,0.0126,1.2711
2054594,4637,2600.0,9.514999999999834,617,0.1114,72.6,0.0111,1.2701
2055496,4638,1600.0,11.58999999999968,902,0.111,72.6,0.0124,1.2732
2056297,4639,1900.0,13.395000000000078,801,0.1107,72.6,0.0127,1.2713
2056939,4640,1000.0,12.189999999999806,642,0.1104,72.6,0.0141,1.2751
2057472,4641,1600.0,9.93499999999991,533,0.1101,72.6,0.0138,1.2732
2058092,4642,1600.0,7.999999999999829,620,0.1099,72.6,0.0135,1.2748
2058785,4643,900.0,10.63499999999992,693,0.1095,72.6,0.0121,1.266
2059405,4644,1400.0,11.899999999999924,620,0.1093,72.6,0.013,1.275
2060004,4645,1600.0,10.3049999999999,599,0.109,72.6,0.0128,1.2645
2060593,4646,2700.0,12.454999999999924,589,0.1087,72.6,0.0109,1.2846
2061396,4647,3800.0,44.18499999999962,803,0.1084,72.6,0.0139,1.2817
2062144,4648,1800.0,10.35999999999974,748,0.108,72.6,0.0148,1.2789
2062831,4649,1800.0,10.364999999999792,687,0.1077,72.6,0.0153,1.2825
2063400,4650,1100.0,9.354999999999915,569,0.1075,72.6,0.0151,1.2845
2064111,4651,1700.0,11.444999999999826,711,0.1072,72.6,0.014,1.284
2064774,4652,3800.0,43.184999999999775,663,0.1069,72.6,0.0122,1.283
2065417,4653,1400.0,11.784999999999854,643,0.1066,72.6,0.012,1.2864
2066138,4654,5000.0,44.39499999999969,721,0.1062,72.6,0.0128,1.2814
2066770,4655,4200.0,44.739999999999704,632,0.106,72.6,0.0128,1.2826
2067738,4656,2900.0,9.959999999999578,968,0.1055,72.6,0.0126,1.2751
2068264,4657,1000.0,9.9699999999999,526,0.1053,72.6,0.0151,1.2805
2068915,4658,3600.0,42.7449999999998,651,0.105,72.5,0.0142,1.2868
2069553,4659,800.0,10.609999999999918,638,0.1047,72.5,0.0155,1.2756
2069865,4660,0.0,-7.759999999999993,312,0.1046,72.5,0.0128,1.2873
2070458,4661,2300.0,9.334999999999898,593,0.1043,72.5,0.0145,1.2951
2071070,4662,1600.0,12.739999999999878,612,0.104,72.5,0.016,1.2894
2071734,4663,1800.0,11.079999999999842,664,0.1037,72.5,0.0126,1.3008
2072703,4664,500.0,13.555000000000177,969,0.1033,72.5,0.0152,1.2954
2073416,4665,4100.0,44.53499999999976,713,0.103,72.5,0.0136,1.2955
2074028,4666,1800.0,10.739999999999856,612,0.1027,72.5,0.013,1.2913
2074854,4667,2700.0,12.469999999999771,826,0.1023,72.5,0.0136,1.298
2075141,4668,0.0,-7.634999999999987,287,0.1022,72.5,0.0136,1.2993
2075401,4669,0.0,-7.499999999999995,260,0.1021,72.5,0.0137,1.2973
2075647,4670,0.0,-7.429999999999993,246,0.102,72.5,0.0138,1.2862
2076236,4671,1400.0,12.054999999999861,589,0.1017,72.5,0.0165,1.2934
2076747,4672,500.0,9.644999999999957,511,0.1015,72.5,0.0157,1.2897
2077001,4673,0.0,-7.469999999999997,254,0.1013,72.5,0.0164,1.2949
2077918,4674,1800.0,9.11499999999964,917,0.1009,72.5,0.014,1.2911
2078483,4675,400.0,10.074999999999854,565,0.1007,72.5,0.0163,1.2956
2078731,4676,0.0,-7.439999999999994,248,0.1006,72.5,0.0151,1.2827
2079283,4677,2200.0,9.839999999999922,552,0.1003,72.5,0.0161,1.2897
2079813,4678,1200.0,9.949999999999942,530,0.1001,72.5,0.0125,1.2946
2080350,4679,1600.0,10.314999999999923,537,0.1,72.5,0.0142,1.3058
2080630,4680,0.0,-7.5999999999999925,280,0.1,72.5,0.0143,1.2965
2080870,4681,0.0,-7.399999999999995,240,0.1,72.5,0.0134,1.3145
2081381,4682,1100.0,10.844999999999942,511,0.1,72.5,0.0157,1.3049
2081992,4683,1200.0,11.144999999999925,611,0.1,72.5,0.0143,1.3046
2082305,4684,0.0,-7.76499999999999,313,0.1,72.5,0.0156,1.3158
2083003,4685,600.0,12.309999999999828,698,0.1,72.5,0.0165,1.3056
2083622,4686,1900.0,13.104999999999912,619,0.1,72.5,0.0154,1.3154
2083854,4687,0.0,-7.359999999999995,232,0.1,72.5,0.0142,1.3215
2084470,4688,2800.0,43.51999999999982,616,0.0999,72.5,0.0157,1.3155
2084710,4689,0.0,-7.399999999999994,240,0.0999,72.5,0.0128,1.3133
2085411,4690,3600.0,44.99499999999972,701,0.0999,72.5,0.0144,1.3156
2085947,4691,1100.0,11.119999999999909,536,0.0999,72.4,0.0159,1.3097
2086570,4692,3000.0,43.08499999999973,623,0.0999,72.4,0.014,1.303
2087018,4693,1000.0,-3.639999999999975,448,0.0999,72.4,0.0156,1.2994
2087621,4694,1800.0,11.184999999999903,603,0.0999,72.4,0.0179,1.3055
2088213,4695,1200.0,10.839999999999911,592,0.0999,72.4,0.0149,1.3018
2088790,4696,600.0,11.214999999999883,577,0.0999,72.4,0.0129,1.309
2089447,4697,4500.0,43.81499999999979,657,0.0999,72.4,0.0162,1.3083
2089751,4698,0.0,-8.419999999999991,304,0.0999,72.4,0.0162,1.3007
2090794,4699,500.0,7.78499999999966,1043,0.0999,72.4,0.0162,1.3248
2091094,4700,200.0,-7.699999999999989,300,0.0999,72.4,0.0126,1.3118
2091453,4701,0.0,-7.994999999999988,359,0.0999,72.4,0.0143,1.3171
2091652,4702,0.0,-7.894999999999994,199,0.0999,72.4,0.0093,1.3345
2091913,4703,0.0,-7.504999999999993,261,0.0999,72.4,0.011,1.3181
2092267,4704,0.0,-8.669999999999986,354,0.0999,72.4,0.0144,1.3236
2092600,4705,0.0,-8.56499999999999,333,0.0999,72.4,0.0191,1.3187
2092873,4706,0.0,-7.5649999999999915,273,0.0999,72.4,0.0126,1.3043
2093255,4707,200.0,-8.109999999999982,382,0.0999,72.4,0.0129,1.3233
2093489,4708,0.0,-7.3699999999999894,234,0.0998,72.4,0.017,1.318
2093816,4709,0.0,-8.534999999999993,327,0.0998,72.4,0.0145,1.3215
2094394,4710,1300.0,9.309999999999878,578,0.0998,72.4,0.0128,1.3237
2095105,4711,3500.0,43.54499999999974,711,0.0998,72.4,0.0146,1.3218
2095739,4712,400.0,11.429999999999893,634,0.0998,72.4,0.0149,1.3188
2096360,4713,1300.0,9.994999999999845,621,0.0998,72.4,0.0133,1.33
2096566,4714,0.0,-7.929999999999997,206,0.0998,72.4,0.0173,1.322
2097046,4715,2200.0,9.399999999999928,480,0.0998,72.4,0.0164,1.332
2097643,4716,4000.0,43.91499999999978,597,0.0998,72.4,0.0173,1.3193
2098317,4717,500.0,10.029999999999909,674,0.0998,72.4,0.0133,1.3194
2098983,4718,2800.0,44.16999999999958,666,0.0998,72.4,0.015,1.3169
2099268,4719,0.0,-7.624999999999992,285,0.0998,72.4,0.0142,1.3159
2099639,4720,0.0,-8.054999999999989,371,0.0998,72.4,0.0147,1.3211
2099952,4721,0.0,-8.46499999999999,313,0.0998,72.4,0.0118,1.3244
2100519,4722,1800.0,12.16500000000001,567,0.0998,72.2,0.0129,1.3367
2100852,4723,0.0,-7.864999999999989,333,0.0998,72.2,0.0111,1.3296
2101624,4724,1900.0,8.739999999999789,772,0.0998,72.2,0.0145,1.3214
2102003,4725,0.0,-8.794999999999984,379,0.0998,72.2,0.0177,1.3309
2102250,4726,0.0,-7.434999999999993,247,0.0997,72.2,0.0107,1.3319
2102548,4727,0.0,-7.689999999999996,298,0.0997,72.2,0.0137,1.3284
2102797,4728,200.0,-7.445000000000001,249,0.0997,72.2,0.0131,1.3433
2103211,4729,0.0,-8.969999999999981,414,0.0997,72.2,0.0145,1.3322
2103926,4730,2800.0,43.52499999999965,715,0.0997,72.2,0.0148,1.3354
2104165,4731,0.0,-8.095,239,0.0997,72.2,0.0129,1.3297
2104705,4732,700.0,11.499999999999936,540,0.0997,72.2,0.0186,1.3391
2105415,4733,3600.0,42.74999999999978,710,0.0997,72.2,0.0135,1.3328
2105743,4734,0.0,-7.839999999999992,328,0.0997,72.2,0.0142,1.3355
2106235,4735,1100.0,11.739999999999927,492,0.0997,72.2,0.0155,1.3365
2108330,4736,1500.0,4.22499999999913,2095,0.0997,72.2,0.014,1.3299
2108530,4737,0.0,-7.899999999999998,200,0.0997,72.1,0.015,1.3209
2108785,4738,0.0,-8.17499999999999,255,0.0997,72.1,0.0153,1.3465
2109278,4739,400.0,11.534999999999886,493,0.0997,72.1,0.0147,1.3347
2109890,4740,1100.0,12.639999999999912,612,0.0997,72.1,0.0158,1.3294
2110266,4741,300.0,-8.779999999999983,376,0.0997,72.1,0.0156,1.3453
2110544,4742,0.0,-7.589999999999992,278,0.0997,72.1,0.0121,1.3318
2111273,4743,3000.0,45.2549999999996,729,0.0996,72.1,0.0132,1.3424
2111584,4744,200.0,-8.454999999999998,311,0.0996,72.1,0.0132,1.3321
2111881,4745,0.0,-7.6849999999999845,297,0.0996,72.1,0.016,1.3343
2112527,4746,1800.0,10.569999999999784,646,0.0996,72.1,0.016,1.3318
2112853,4747,200.0,-8.529999999999985,326,0.0996,72.1,0.0178,1.3358
2113657,4748,1300.0,7.779999999999808,804,0.0996,72.1,0.0151,1.3307
2114298,4749,4000.0,43.6949999999998,641,0.0996,72.1,0.0185,1.3345
2114545,4750,0.0,-7.434999999999994,247,0.0996,72.1,0.0128,1.3295
2114856,4751,0.0,-8.454999999999988,311,0.0996,72.1,0.0143,1.3453
2115136,4752,0.0,-7.599999999999988,280,0.0996,72.1,0.0173,1.3374
2115745,4753,1500.0,9.554999999999865,609,0.0996,72.1,0.017,1.3318
2116022,4754,0.0,-7.584999999999991,277,0.0996,72.1,0.0156,1.3388
2116263,4755,0.0,-7.404999999999998,241,0.0996,72.1,0.0145,1.3238
2116538,4756,0.0,-8.274999999999986,275,0.0996,72.1,0.0146,1.334
2116758,4757,0.0,-7.299999999999996,220,0.0996,72.1,0.0172,1.3371
2116970,4758,0.0,-7.960000000000003,212,0.0996,72.1,0.0156,1.3382
2117995,4759,1700.0,9.874999999999527,1025,0.0996,72.1,0.0134,1.337
2118278,4760,0.0,-8.314999999999992,283,0.0996,72.1,0.0128,1.3365
2118603,4761,0.0,-8.52499999999998,325,0.0996,72.1,0.0152,1.3473
2118871,4762,100.0,-8.239999999999991,268,0.0996,72.1,0.0154,1.3343
2119076,4763,0.0,-7.9250000000000025,205,0.0996,72.1,0.0134,1.3405
2119284,4764,0.0,-7.940000000000003,208,0.0996,72.1,0.0131,1.336
2119820,4765,1600.0,1.6200000000000383,536,0.0996,72.1,0.0133,1.3385
2120153,4766,200.0,-8.564999999999984,333,0.0995,72.1,0.0144,1.3429
2122245,4767,1600.0,4.639999999999436,2092,0.0995,72.1,0.0145,1.3463
2123041,4768,2200.0,10.119999999999784,796,0.0995,72.1,0.0142,1.3487
2123246,4769,0.0,-7.9250000000000025,205,0.0995,72.1,0.0118,1.3471
2123491,4770,0.0,-8.125,245,0.0995,72.1,0.0146,1.3418
2123741,4771,100.0,-8.149999999999999,250,0.0995,72.1,0.0145,1.351
2123999,4772,0.0,-8.18999999999999,258,0.0995,72.1,0.0144,1.3478
2124264,4773,0.0,-8.225000000000001,265,0.0995,72.1,0.0148,1.3454
2124928,4774,4100.0,44.17999999999989,664,0.0995,72.1,0.0153,1.3431
2126006,4775,700.0,8.009999999999625,1078,0.0995,72.0,0.0164,1.3474
2126720,4776,4200.0,44.72999999999985,714,0.0995,72.0,0.0144,1.3466
2126928,4777,0.0,-7.940000000000003,208,0.0995,72.0,0.0134,1.3549
2127228,4778,0.0,-8.399999999999991,300,0.0995,72.0,0.0123,1.3472
2127437,4779,0.0,-7.244999999999996,209,0.0995,72.0,0.0143,1.3494
2128207,4780,2900.0,43.24999999999984,770,0.0995,72.0,0.0156,1.3455
2128479,4781,100.0,-8.259999999999991,272,0.0995,72.0,0.0161,1.3564
2129242,4782,3200.0,43.98499999999974,763,0.0994,72.0,0.0162,1.3401
2131337,4783,900.0,1.3249999999989521,2095,0.0994,72.0,0.0152,1.3567
2132015,4784,1700.0,11.609999999999804,678,0.0994,72.0,0.0143,1.3669
2132846,4785,2800.0,42.244999999999656,831,0.0994,72.0,0.0142,1.3625
2134945,4786,700.0,1.3049999999990565,2099,0.0994,72.0,0.0159,1.3595
2135148,4787,0.0,-7.914999999999997,203,0.0994,72.0,0.0159,1.3603
2135889,4788,1100.0,9.694999999999926,741,0.0994,72.0,0.0162,1.3571
2136496,4789,800.0,11.064999999999877,607,0.0994,72.0,0.0137,1.3617
2136793,4790,100.0,-8.384999999999987,297,0.0994,72.0,0.0166,1.367
2137004,4791,0.0,-7.955000000000003,211,0.0994,72.0,0.0153,1.3638
2138616,4792,4000.0,39.03999999999899,1612,0.0993,72.0,0.0165,1.3633
2140575,4793,1300.0,3.504999999998832,1959,0.0993,72.0,0.0159,1.3654
2142468,4794,1000.0,3.5349999999997257,1893,0.0993,71.9,0.0163,1.373
2142656,4795,0.0,-7.139999999999995,188,0.0993,71.9,0.0138,1.375
2143351,4796,3900.0,43.624999999999716,695,0.0993,71.9,0.0148,1.364
2145445,4797,1800.0,-1.3700000000005252,2094,0.0993,71.9,0.0149,1.3613
2145719,4798,400.0,-8.27,274,0.0993,71.9,0.0147,1.3832
2146107,4799,0.0,-8.139999999999983,388,0.0993,71.9,0.0158,1.3596
2147634,4800,3700.0,40.46499999999887,1527,0.0992,71.9,0.0153,1.3714
2147897,4801,0.0,-8.21499999999999,263,0.0992,71.9,0.018,1.3662
2149990,4802,1000.0,-1.365000000000398,2093,0.0992,71.9,0.0152,1.3738
2150563,4803,700.0,-9.76499999999997,573,0.0992,71.9,0.0136,1.3951
2151320,4804,3200.0,-3.484999999999948,757,0.0992,71.9,0.0122,1.3952
2153415,4805,2100.0,-1.3750000000008278,2095,0.0992,71.9,0.0157,1.3928
2155266,4806,700.0,2.244999999999826,1851,0.0992,71.9,0.0148,1.3901
2155473,4807,0.0,-7.935000000000003,207,0.0992,71.9,0.0132,1.387
2156061,4808,2100.0,12.160000000000085,588,0.0991,71.9,0.0141,1.4002
2157621,4809,4400.0,38.79999999999907,1560,0.0991,71.8,0.0173,1.3927
2158611,4810,4800.0,43.54999999999922,990,0.0991,71.8,0.0139,1.3959
2159227,4811,4000.0,43.31999999999979,616,0.0991,71.8,0.0174,1.3981
2160018,4812,4500.0,44.64499999999941,791,0.0991,71.8,0.0166,1.3974
2162116,4813,1400.0,1.7099999999989306,2098,0.0991,71.8,0.0142,1.408
2163488,4814,1000.0,8.139999999999272,1372,0.0991,71.8,0.0138,1.4078
2165127,4815,4100.0,39.204999999998755,1639,0.099,71.8,0.0152,1.4072
2165307,4816,0.0,-7.799999999999997,180,0.099,71.8,0.0162,1.3949
2165642,4817,0.0,-8.574999999999985,335,0.099,71.8,0.0142,1.4149
2165902,4818,0.0,-7.499999999999996,260,0.099,71.8,0.0119,1.4167
2167996,4819,600.0,-1.370000000000565,2094,0.099,71.8,0.0142,1.4103
2170094,4820,1500.0,1.309999999998963,2098,0.099,71.8,0.0143,1.406
2170977,4821,1700.0,7.784999999999676,883,0.099,71.8,0.0166,1.415
2173072,4822,2600.0,1.3249999999987763,2095,0.099,71.7,0.0153,1.418
2173773,4823,3100.0,44.09499999999963,701,0.0989,71.7,0.0159,1.4243
2174649,4824,2600.0,42.01999999999957,876,0.0989,71.7,0.0161,1.4173
2175391,4825,2100.0,10.489999999999775,742,0.0989,71.7,0.0162,1.4211
2177489,4826,1300.0,-1.3900000000007426,2098,0.0989,71.7,0.0154,1.4143
2179588,4827,2200.0,1.3049999999987572,2099,0.0989,71.7,0.0162,1.4167
2181685,4828,1100.0,1.3149999999987347,2097,0.0989,71.7,0.0165,1.4391
2182976,4829,1000.0,2.644999999999878,1291,0.0988,71.7,0.0142,1.4459
2185036,4830,2200.0,5.399999999998758,2060,0.0988,71.7,0.0163,1.4428
2187135,4831,2300.0,1.3049999999989286,2099,0.0988,71.7,0.0155,1.44
2188230,4832,3500.0,40.424999999999464,1095,0.0988,71.7,0.0175,1.4431
2188655,4833,1100.0,2.175000000000022,425,0.0988,71.7,0.0142,1.4348
2188948,4834,0.0,-8.364999999999988,293,0.0988,71.7,0.0156,1.4364
2189229,4835,0.0,-8.304999999999987,281,0.0988,71.7,0.0137,1.4489
2189480,4836,0.0,-7.454999999999997,251,0.0988,71.6,0.0177,1.4469
2191577,4837,2200.0,1.3149999999989488,2097,0.0987,71.6,0.0162,1.4584
2193676,4838,2400.0,-1.3950000000007887,2099,0.0987,71.6,0.0155,1.4601
2195775,4839,1600.0,1.3049999999995245,2099,0.0987,71.6,0.0153,1.4543
2197867,4840,2600.0,1.3399999999989172,2092,0.0987,71.6,0.016,1.4545
2199177,4841,1500.0,5.249999999999496,1310,0.0987,71.6,0.0153,1.4537
2201273,4842,3000.0,1.319999999999312,2096,0.0986,70.7,0.015,1.4645
2203368,4843,3300.0,1.3249999999989956,2095,0.0986,70.7,0.0155,1.4718
2204891,4844,5100.0,38.984999999998834,1523,0.0986,70.7,0.0154,1.4764
2206989,4845,4500.0,1.3099999999988263,2098,0.0986,70.7,0.016,1.4728
2209085,4846,5600.0,1.3199999999989478,2096,0.0985,70.7,0.0145,1.477
2211178,4847,5800.0,1.3349999999991056,2093,0.0985,70.6,0.0151,1.4664
2213271,4848,3600.0,1.3349999999992566,2093,0.0985,70.6,0.0149,1.4618
2215370,4849,3000.0,1.3049999999988664,2099,0.0985,70.6,0.0165,1.4646
2217465,4850,5700.0,1.3249999999988367,2095,0.0985,70.6,0.0146,1.4708
2219561,4851,2600.0,1.3199999999988759,2096,0.0984,70.6,0.0171,1.4675
2220399,4852,2000.0,7.609999999999769,838,0.0984,70.6,0.017,1.4661
2222492,4853,2900.0,1.3349999999989315,2093,0.0984,70.6,0.0158,1.4743
2224586,4854,2500.0,1.329999999999429,2094,0.0984,70.6,0.0146,1.4728
2226685,4855,3800.0,1.304999999999092,2099,0.0983,70.6,0.0156,1.4695
2228784,4856,3600.0,1.3049999999988007,2099,0.0983,70.5,0.0147,1.4726
2230877,4857,2800.0,1.334999999999063,2093,0.0983,70.5,0.016,1.4765
2231974,4858,3400.0,6.31499999999951,1097,0.0983,70.5,0.0158,1.4847
2234070,4859,6000.0,1.3199999999991396,2096,0.0983,70.5,0.0174,1.4878
2236162,4860,6700.0,1.3399999999989411,2092,0.0982,70.5,0.0157,1.489
2238254,4861,3000.0,1.3399999999988763,2092,0.0982,70.5,0.0137,1.4893
2240347,4862,2900.0,1.3349999999991136,2093,0.0982,70.5,0.0161,1.4841
2242443,4863,4100.0,1.319999999998994,2096,0.0982,70.5,0.0156,1.5019
2244535,4864,2400.0,1.3399999999990966,2092,0.0981,70.5,0.0162,1.5012
2246634,4865,2400.0,1.304999999999195,2099,0.0981,70.4,0.0152,1.5
2248732,4866,2500.0,1.3099999999992988,2098,0.0981,70.4,0.016,1.4986
2250828,4867,3800.0,1.3199999999990766,2096,0.0981,70.4,0.0173,1.506
2252925,4868,4300.0,1.3149999999990767,2097,0.0981,70.4,0.0148,1.5016
2254849,4869,3400.0,2.1799999999990494,1924,0.098,70.4,0.0168,1.5013
2256943,4870,5300.0,1.3299999999991412,2094,0.098,70.4,0.0157,1.5033
2259037,4871,2800.0,1.3299999999992114,2094,0.098,70.4,0.0174,1.5038
2261135,4872,2900.0,1.3099999999990812,2098,0.098,70.4,0.0167,1.5144
2263228,4873,3200.0,1.3349999999989874,2093,0.0979,70.3,0.0149,1.5139
2265323,4874,2300.0,1.3249999999988722,2095,0.0979,70.3,0.0147,1.5152
2267415,4875,4200.0,1.3399999999990184,2092,0.0979,70.3,0.0151,1.5134
2269514,4876,3600.0,1.3049999999989712,2099,0.0979,70.3,0.0152,1.5154
2271608,4877,3500.0,1.3299999999990737,2094,0.0978,70.3,0.0147,1.5294
2272855,4878,2600.0,5.56499999999935,1247,0.0978,70.3,0.015,1.5318
2274948,4879,2800.0,1.334999999999038,2093,0.0978,70.3,0.015,1.5306
2277046,4880,4400.0,1.309999999998885,2098,0.0978,70.3,0.0159,1.5343
2279144,4881,6000.0,1.3099999999990208,2098,0.0978,70.3,0.0147,1.5291
2281238,4882,3100.0,1.32999999999888,2094,0.0977,70.3,0.0149,1.5301
2283332,4883,4600.0,1.3299999999986936,2094,0.0977,70.2,0.0161,1.5277
2285430,4884,2700.0,1.3099999999989196,2098,0.0977,70.2,0.0148,1.5258
2287524,4885,5200.0,1.32999999999896,2094,0.0977,70.2,0.0149,1.5242
2289616,4886,3300.0,1.3399999999990726,2092,0.0976,70.2,0.0147,1.5254
2291715,4887,3900.0,1.3049999999990467,2099,0.0976,70.2,0.0163,1.5382
2293811,4888,1700.0,1.3199999999989043,2096,0.0976,70.2,0.0142,1.5373
2295906,4889,2100.0,1.3249999999988233,2095,0.0976,70.2,0.0153,1.5422
2298004,4890,2100.0,1.3099999999987721,2098,0.0975,70.2,0.0149,1.5415
2300103,4891,3800.0,1.304999999998727,2099,0.0975,69.3,0.0149,1.5391
2302202,4892,1700.0,1.3049999999988726,2099,0.0975,69.3,0.0153,1.5448
2304295,4893,2800.0,1.3349999999991748,2093,0.0975,69.3,0.0159,1.5458
2306388,4894,1100.0,1.3349999999991073,2093,0.0975,69.3,0.0159,1.5423
2308480,4895,2000.0,1.3399999999987804,2092,0.0974,69.3,0.0159,1.5463
2310574,4896,400.0,1.3299999999988197,2094,0.0974,69.3,0.0154,1.5447
2312667,4897,1000.0,1.3349999999987725,2093,0.0974,69.3,0.0141,1.5453
2314761,4898,2900.0,1.3299999999987548,2094,0.0974,69.3,0.0166,1.5445
2316854,4899,1400.0,-1.365000000000696,2093,0.0973,69.3,0.0158,1.5386
2317928,4900,1600.0,5.329999999999495,1074,0.0973,69.3,0.018,1.5474
2320027,4901,1700.0,-1.3950000000006018,2099,0.0973,69.2,0.0165,1.546
2322124,4902,2400.0,1.3149999999991548,2097,0.0973,69.2,0.0164,1.5652
2324219,4903,1300.0,-1.3750000000005547,2095,0.0973,69.2,0.0152,1.5627
2326312,4904,2100.0,-1.3650000000007956,2093,0.0972,69.2,0.0175,1.5642
2328406,4905,1200.0,-1.3700000000007702,2094,0.0972,69.2,0.0167,1.5639
2330504,4906,2000.0,1.3099999999987517,2098,0.0972,69.2,0.0156,1.5629
2332597,4907,2500.0,1.3349999999987467,2093,0.0972,69.2,0.016,1.5532
2334690,4908,1400.0,1.334999999998847,2093,0.0971,69.2,0.0169,1.5555
2336782,4909,2100.0,-1.3600000000007522,2092,0.0971,69.2,0.0144,1.5561
2338875,4910,600.0,-1.365000000000716,2093,0.0971,69.1,0.0152,1.554
2340970,4911,1000.0,1.3249999999987292,2095,0.0971,69.1,0.0158,1.5577
2343068,4912,2000.0,-1.3900000000008976,2098,0.097,69.1,0.0153,1.5565
2345167,4913,1000.0,1.304999999998886,2099,0.097,69.1,0.015,1.5543
2347261,4914,1800.0,1.3299999999991563,2094,0.097,69.1,0.015,1.5569
2349358,4915,1400.0,1.3149999999987312,2097,0.097,69.1,0.0179,1.5561
2351451,4916,2000.0,1.3349999999988311,2093,0.0969,69.1,0.0162,1.5596
2353547,4917,3400.0,1.3199999999987302,2096,0.0969,69.1,0.0165,1.5543
2355642,4918,2700.0,1.3249999999987025,2095,0.0969,69.0,0.0143,1.5542
2357741,4919,1200.0,1.3049999999988122,2099,0.0969,69.0,0.0148,1.5537
2359838,4920,1500.0,-1.3850000000007068,2097,0.0969,69.0,0.0161,1.5557
2360270,4921,700.0,2.1400000000000157,432,0.0968,69.0,0.014,1.5612
2362367,4922,800.0,1.3149999999990696,2097,0.0968,69.0,0.0152,1.5623
2364464,4923,1100.0,1.3149999999989692,2097,0.0968,69.0,0.0146,1.5618
2366557,4924,1900.0,-1.3650000000007578,2093,0.0968,69.0,0.0158,1.5577
2368649,4925,1100.0,-1.3600000000005208,2092,0.0968,69.0,0.0159,1.5629
2370748,4926,1300.0,1.3049999999989552,2099,0.0967,69.0,0.0156,1.5653
2372847,4927,1100.0,-1.3950000000007368,2099,0.0967,69.0,0.0159,1.5683
2374941,4928,900.0,-1.3700000000007688,2094,0.0967,68.9,0.0151,1.571
2377033,4929,1700.0,-1.3600000000008285,2092,0.0967,68.9,0.0137,1.5745
2379132,4930,2200.0,1.3049999999986817,2099,0.0966,68.9,0.0155,1.5699
2381230,4931,800.0,1.3099999999989596,2098,0.0966,68.9,0.0161,1.5734
2383328,4932,700.0,1.3099999999987428,2098,0.0966,68.9,0.016,1.57
2385422,4933,800.0,1.3299999999987717,2094,0.0966,68.9,0.015,1.5744
2387521,4934,800.0,1.3049999999988255,2099,0.0965,68.9,0.0165,1.5727
2389618,4935,1000.0,-1.3850000000006109,2097,0.0965,68.9,0.0155,1.5739
2391711,4936,1900.0,1.3349999999988018,2093,0.0965,68.9,0.0151,1.5749
2393807,4937,1000.0,1.319999999998755,2096,0.0965,68.8,0.0159,1.577
2395901,4938,1400.0,1.3299999999988765,2094,0.0964,68.8,0.0159,1.5774
2398000,4939,900.0,1.3049999999989623,2099,0.0964,68.8,0.016,1.5752
2400097,4940,2000.0,1.3149999999990207,2097,0.0964,68.1,0.0156,1.5775
2402189,4941,800.0,-1.3600000000005397,2092,0.0964,68.1,0.0152,1.5856
2404283,4942,1600.0,1.329999999998944,2094,0.0964,68.0,0.0173,1.5851
2406376,4943,1700.0,1.3349999999989715,2093,0.0963,68.0,0.0148,1.5866
2408468,4944,1100.0,1.3399999999989083,2092,0.0963,68.0,0.0167,1.5871
2410563,4945,1100.0,1.3249999999989415,2095,0.0963,68.0,0.0169,1.5835
2412656,4946,1000.0,-1.3650000000006273,2093,0.0963,68.0,0.0157,1.5895
2414750,4947,1400.0,1.3299999999988446,2094,0.0962,68.0,0.0152,1.5879
2416847,4948,800.0,1.3149999999990207,2097,0.0962,68.0,0.0158,1.5833
2418940,4949,1000.0,1.3349999999989368,2093,0.0962,68.0,0.0147,1.5869
2421033,4950,800.0,1.3349999999991518,2093,0.0962,68.0,0.0141,1.5865
2423132,4951,600.0,-1.395000000000599,2099,0.0961,68.0,0.0155,1.5872
2425229,4952,1000.0,-1.3850000000007006,2097,0.0961,67.9,0.0157,1.5865
2427325,4953,800.0,1.3199999999990242,2096,0.0961,67.9,0.0156,1.5898
2429417,4954,1700.0,-1.3600000000005918,2092,0.0961,67.9,0.0169,1.5888
2431514,4955,1200.0,-1.3850000000005307,2097,0.096,67.9,0.0144,1.5949
2433607,4956,700.0,-0.5650000000006656,2093,0.096,67.9,0.0145,1.5963
2435702,4957,1200.0,1.7249999999988992,2095,0.096,67.9,0.015,1.5989
2437649,4958,3700.0,39.06499999999902,1947,0.096,67.9,0.0161,1.595
2439744,4959,400.0,1.7249999999987766,2095,0.096,67.9,0.0162,1.5938
2441111,4960,3400.0,45.16499999999946,1367,0.0959,67.9,0.0152,1.5942
2442250,4961,2700.0,42.50499999999932,1139,0.0959,67.9,0.0149,1.5933
2442894,4962,3900.0,43.67999999999974,644,0.0959,67.8,0.0165,1.5946
2443604,4963,3400.0,45.049999999999564,710,0.0959,67.8,0.0149,1.5925
2444113,4964,900.0,10.854999999999901,509,0.0959,67.8,0.0154,1.5894
2444982,4965,3100.0,42.85499999999954,869,0.0959,67.8,0.0157,1.5897
2445781,4966,2500.0,42.804999999999445,799,0.0959,67.8,0.0176,1.5917
2446369,4967,3600.0,43.259999999999785,588,0.0959,67.8,0.0164,1.5899
2447256,4968,3800.0,44.06499999999943,887,0.0959,67.8,0.0179,1.5917
2448193,4969,4100.0,43.71499999999952,937,0.0959,67.8,0.0158,1.5913
2448792,4970,1400.0,9.504999999999871,599,0.0959,67.8,0.0159,1.5924
2449337,4971,1300.0,11.474999999999927,545,0.0958,67.8,0.0164,1.5907
2450068,4972,1300.0,12.644999999999971,731,0.0958,67.8,0.0159,1.5967
2450792,4973,3200.0,44.47999999999969,724,0.0958,67.8,0.0148,1.6027
2451506,4974,2200.0,44.42999999999957,714,0.0958,67.8,0.0148,1.5985
2452137,4975,2800.0,44.54499999999967,631,0.0958,67.8,0.0149,1.6053
2452647,4976,1500.0,12.349999999999923,510,0.0958,67.8,0.016,1.6036
2453234,4977,4100.0,43.16499999999981,587,0.0958,67.8,0.0135,1.6031
2453884,4978,3700.0,43.349999999999774,650,0.0958,67.8,0.0179,1.5951
2455980,4979,800.0,1.3199999999990606,2096,0.0958,67.8,0.0157,1.6007
2456816,4980,4600.0,45.0199999999995,836,0.0958,67.8,0.0179,1.5984
2457954,4981,3800.0,42.809999999999256,1138,0.0957,67.8,0.0154,1.5976
2458797,4982,3400.0,43.68499999999945,843,0.0957,67.8,0.0165,1.5907
2459929,4983,2200.0,7.239999999999452,1132,0.0957,67.8,0.0179,1.595
2460484,4984,1000.0,9.024999999999995,555,0.0957,67.8,0.0142,1.6017
2462578,4985,1000.0,1.3299999999990897,2094,0.0957,67.8,0.015,1.5936
2464676,4986,1800.0,1.3099999999988388,2098,0.0957,67.7,0.0166,1.5989
2466773,4987,1500.0,-1.3850000000008045,2097,0.0956,67.7,0.0162,1.594
2468868,4988,1000.0,1.3249999999990898,2095,0.0956,67.7,0.0178,1.5994
2470682,4989,800.0,4.629999999999549,1814,0.0956,67.7,0.015,1.5962
2472391,4990,2800.0,38.35499999999909,1709,0.0956,67.7,0.0166,1.6008
2473142,4991,3200.0,43.84499999999965,751,0.0956,67.7,0.0141,1.6014
2474414,4992,3800.0,40.03999999999928,1272,0.0956,67.7,0.0142,1.6004
2475459,4993,4400.0,41.374999999999396,1045,0.0956,67.7,0.0166,1.5984
2477553,4994,1600.0,1.3299999999987584,2094,0.0955,67.7,0.0148,1.603
2478531,4995,5200.0,43.309999999999064,978,0.0955,67.7,0.0166,1.6031
2479195,4996,1400.0,12.079999999999814,664,0.0955,67.7,0.0174,1.5997
2480000,4997,3800.0,44.07499999999965,805,0.0955,67.7,0.0139,1.6021
2480995,4998,2900.0,42.124999999999496,995,0.0955,67.7,0.0159,1.6157
2482273,4999,3300.0,41.70999999999909,1278,0.0955,67.6,0.0156,1.6099
2483632,5000,400.0,7.004999999999247,1359,0.0955,67.6,0.0175,1.6158
2484462,5001,3600.0,43.049999999999585,830,0.0954,67.6,0.017,1.6114
2485318,5002,1400.0,11.519999999999627,856,0.0954,67.6,0.0136,1.6138
2485853,5003,1200.0,11.124999999999922,535,0.0954,67.6,0.0158,1.6166
2486772,5004,4000.0,41.30499999999956,919,0.0954,67.6,0.0142,1.613
2487394,5005,3800.0,42.98999999999983,622,0.0954,67.6,0.0185,1.6177
2488046,5006,800.0,10.13999999999988,652,0.0954,67.6,0.0174,1.6139
2488309,5007,200.0,-4.214999999999991,263,0.0954,67.6,0.0125,1.6122
2489232,5008,3400.0,42.884999999999515,923,0.0954,67.6,0.018,1.6149
2489882,5009,4400.0,43.34999999999978,650,0.0954,67.6,0.0161,1.6139
2490943,5010,3200.0,42.39499999999925,1061,0.0954,67.6,0.0196,1.6257
2491694,5011,3300.0,43.94499999999952,751,0.0954,67.6,0.0147,1.6168
2492301,5012,3800.0,43.564999999999785,607,0.0954,67.6,0.0191,1.6157
2493130,5013,3200.0,42.45499999999943,829,0.0954,67.6,0.0152,1.6212
2494581,5014,2900.0,41.5449999999989,1451,0.0953,67.6,0.0171,1.6198
2495312,5015,2900.0,43.244999999999585,731,0.0953,67.6,0.019,1.6283
2496754,5016,3600.0,39.389999999999134,1442,0.0953,67.6,0.0173,1.619
2498020,5017,3200.0,42.26999999999907,1266,0.0953,67.6,0.0189,1.629
2498628,5018,1300.0,12.659999999999865,608,0.0953,67.6,0.0165,1.6208
2499608,5019,900.0,7.7999999999995415,980,0.0953,67.6,0.0181,1.6294
2500909,5020,17520.0,41.29499999999805,1301,0.0953,66.8,0.0165,1.63
2501507,5021,3000.0,43.50999999999974,598,0.0953,66.8,0.0191,1.6328
2502394,5022,3200.0,43.36499999999947,887,0.0952,66.8,0.0169,1.6328
2503381,5023,3100.0,43.164999999999395,987,0.0952,66.8,0.0162,1.6354
2504729,5024,800.0,7.75999999999929,1348,0.0952,66.8,0.0182,1.641
2505526,5025,3000.0,43.01499999999957,797,0.0952,66.8,0.0162,1.633
2506359,5026,3700.0,44.03499999999955,833,0.0952,66.8,0.0189,1.6397
2507007,5027,900.0,11.759999999999891,648,0.0952,66.8,0.0176,1.6354
2507680,5028,3900.0,44.53499999999965,673,0.0952,66.8,0.0185,1.6305
2508292,5029,3600.0,46.13999999999978,612,0.0952,66.8,0.0151,1.6264
2508939,5030,3600.0,44.76499999999974,647,0.0952,66.8,0.0201,1.6339
2509728,5031,4200.0,42.95499999999959,789,0.0952,66.8,0.0179,1.635
2510512,5032,3500.0,44.77999999999937,784,0.0952,66.7,0.0161,1.6429
2511290,5033,3400.0,43.90999999999938,778,0.0951,66.7,0.0155,1.6495
2511864,5034,3500.0,43.829999999999835,574,0.0951,66.7,0.0168,1.6471
2512540,5035,2800.0,45.319999999999574,676,0.0951,66.7,0.02,1.6536
2513200,5036,4100.0,44.299999999999635,660,0.0951,66.7,0.0168,1.6452
2513681,5037,1400.0,9.794999999999952,481,0.0951,66.7,0.0147,1.6526
2514648,5038,3300.0,42.66499999999939,967,0.0951,66.7,0.0184,1.6477
2515330,5039,3400.0,43.48999999999954,682,0.0951,66.7,0.02,1.6473
2516137,5040,2800.0,44.96499999999936,807,0.0951,66.7,0.0145,1.6431
2516773,5041,3200.0,44.21999999999974,636,0.0951,66.7,0.0229,1.6492
2517996,5042,20620.0,42.28499999999819,1223,0.0951,66.7,0.0172,1.6544
2518693,5043,3600.0,44.814999999999486,697,0.0951,66.7,0.017,1.6501
2519390,5044,3100.0,45.21499999999973,697,0.0951,66.7,0.0167,1.6456
2520034,5045,3200.0,43.079999999999615,644,0.095,66.7,0.0175,1.656
2520897,5046,1000.0,11.18500000000006,863,0.095,66.7,0.0156,1.6598
2521554,5047,3000.0,44.11499999999971,657,0.095,66.7,0.0153,1.6581
2522326,5048,2900.0,44.33999999999963,772,0.095,66.7,0.016,1.6517
2523070,5049,3000.0,43.879999999999534,744,0.095,66.7,0.0161,1.6735
2523676,5050,4400.0,46.16999999999974,606,0.095,66.7,0.0186,1.6573
2524270,5051,4700.0,43.829999999999714,594,0.095,66.7,0.017,1.6576
2524999,5052,4200.0,43.354999999999485,729,0.095,66.7,0.0199,1.6659
2525732,5053,2800.0,43.434999999999725,733,0.095,66.7,0.0193,1.6536
2526369,5054,4200.0,45.01499999999973,637,0.095,66.7,0.0199,1.6598
2526905,5055,1000.0,12.01999999999996,536,0.095,66.7,0.0166,1.6682
2527505,5056,3400.0,44.29999999999983,600,0.095,66.7,0.0149,1.656
2528065,5057,3200.0,44.59999999999977,560,0.095,66.7,0.0169,1.6586
2528576,5058,1100.0,11.6449999999999,511,0.095,66.7,0.0185,1.6649
2529278,5059,3300.0,44.1899999999996,702,0.0949,66.7,0.0169,1.6579
2529812,5060,2000.0,11.529999999999884,534,0.0949,66.6,0.0156,1.6521
2530544,5061,4200.0,43.93999999999942,732,0.0949,66.6,0.0153,1.6557
2531158,5062,3800.0,43.629999999999725,614,0.0949,66.6,0.0173,1.6605
2532509,5063,20080.0,42.54499999999778,1351,0.0949,66.6,0.017,1.663
2533023,5064,2800.0,41.02999999999986,514,0.0949,66.6,0.019,1.6665
2533721,5065,4200.0,44.509999999999536,698,0.0949,66.6,0.017,1.6632
2534429,5066,3200.0,44.559999999999505,708,0.0949,66.6,0.0157,1.6656
2535114,5067,4300.0,42.87499999999953,685,0.0949,66.6,0.015,1.6667
2535695,5068,4000.0,45.5949999999997,581,0.0949,66.6,0.017,1.6624
2536635,5069,4300.0,43.9999999999989,940,0.0949,66.6,0.0185,1.6587
2537325,5070,4100.0,45.34999999999962,690,0.0949,66.6,0.0167,1.673
2537956,5071,3200.0,44.14499999999973,631,0.0948,66.6,0.015,1.6591
2538485,5072,1200.0,13.154999999999937,529,0.0948,66.6,0.0174,1.653
2539089,5073,3900.0,44.97999999999968,604,0.0948,66.6,0.0207,1.6649
2539664,5074,4300.0,43.62499999999978,575,0.0948,66.6,0.0181,1.6653
2540268,5075,3600.0,43.67999999999969,604,0.0948,66.6,0.0148,1.6688
2540934,5076,4500.0,44.36999999999955,666,0.0948,66.6,0.018,1.6765
2541516,5077,4600.0,44.789999999999786,582,0.0948,66.6,0.0191,1.6781
2542169,5078,4200.0,43.93499999999966,653,0.0948,66.6,0.0166,1.6752
2542724,5079,2800.0,43.42499999999986,555,0.0948,66.6,0.0181,1.6782
2543225,5080,2200.0,12.994999999999962,501,0.0948,66.6,0.0176,1.6722
2543792,5081,3900.0,43.26499999999981,567,0.0948,66.6,0.0214,1.6759
2544274,5082,2200.0,12.589999999999932,482,0.0948,66.6,0.0136,1.6736
2544841,5083,3600.0,44.06499999999971,567,0.0948,66.6,0.0169,1.6725
2545420,5084,4300.0,43.20499999999985,579,0.0948,66.6,0.0166,1.6804
2546139,5085,1200.0,11.105000000000125,719,0.0948,66.6,0.0174,1.6737
2546806,5086,3700.0,45.96499999999953,667,0.0947,66.6,0.0193,1.6776
2547571,5087,3600.0,44.77499999999934,765,0.0947,66.6,0.0194,1.6811
2548184,5088,3400.0,43.834999999999695,613,0.0947,66.6,0.0135,1.6743
2548766,5089,2800.0,44.08999999999986,582,0.0947,66.6,0.0154,1.6831
2549551,5090,4400.0,44.77499999999933,785,0.0947,66.6,0.0179,1.6774
2550110,5091,3200.0,44.40499999999979,559,0.0947,66.5,0.0174,1.6881
2550847,5092,5000.0,43.81499999999939,737,0.0947,66.5,0.0174,1.6867
2551503,5093,3800.0,43.61999999999959,656,0.0947,66.5,0.0184,1.6872
2552155,5094,3600.0,43.939999999999614,652,0.0947,66.5,0.0183,1.6856
2553391,5095,17360.0,40.51999999999818,1236,0.0947,66.5,0.0172,1.687
2553908,5096,1400.0,12.414999999999914,517,0.0947,66.5,0.0147,1.6818
2555039,5097,18120.0,42.44499999999851,1131,0.0947,66.5,0.0159,1.6865
2555661,5098,2400.0,45.08999999999967,622,0.0946,66.5,0.0175,1.6899
2556251,5099,3700.0,44.44999999999969,590,0.0946,66.5,0.0187,1.688
2556856,5100,3800.0,44.074999999999726,605,0.0946,66.5,0.0232,1.6889
2557445,5101,4200.0,44.75499999999978,589,0.0946,66.5,0.0182,1.6905
2558132,5102,3600.0,45.06499999999961,687,0.0946,66.5,0.0166,1.682
2558782,5103,3800.0,44.849999999999575,650,0.0946,66.5,0.0206,1.692
2559399,5104,3600.0,46.41499999999968,617,0.0946,66.5,0.0141,1.6872
2560101,5105,4600.0,44.58999999999951,702,0.0946,66.5,0.0135,1.6869
2560859,5106,4000.0,44.60999999999941,758,0.0946,66.5,0.0215,1.7042
2561619,5107,5000.0,44.99999999999958,760,0.0946,66.5,0.0194,1.6988
2562265,5108,4000.0,45.46999999999958,646,0.0946,66.5,0.0161,1.7009
2562742,5109,800.0,12.514999999999947,477,0.0946,66.5,0.019,1.7016
2563319,5110,4500.0,44.51499999999971,577,0.0946,66.5,0.0182,1.6992
2563905,5111,1000.0,9.269999999999957,586,0.0946,66.5,0.0164,1.6936
2564394,5112,1600.0,13.254999999999981,489,0.0946,66.5,0.0137,1.7017
2565056,5113,3000.0,44.58999999999963,662,0.0945,66.5,0.0144,1.6943
2565592,5114,600.0,11.51999999999989,536,0.0945,66.5,0.0177,1.6986
2566263,5115,4100.0,43.644999999999655,671,0.0945,66.5,0.0158,1.6978
2566883,5116,3800.0,43.29999999999981,620,0.0945,66.5,0.0173,1.7038
2567845,5117,5700.0,43.98999999999893,962,0.0945,66.5,0.0183,1.6964
2568597,5118,3200.0,43.739999999999355,752,0.0945,66.5,0.018,1.6991
2569240,5119,4000.0,44.08499999999974,643,0.0945,66.4,0.0151,1.7005
2569930,5120,4400.0,46.249999999999496,690,0.0945,66.4,0.0158,1.7008
2570520,5121,2100.0,9.749999999999925,590,0.0945,66.4,0.0166,1.7081
2571095,5122,4100.0,44.2249999999998,575,0.0945,66.4,0.0169,1.7118
2571766,5123,4100.0,43.04499999999949,671,0.0945,66.4,0.0181,1.7078
2572801,5124,6100.0,43.624999999998536,1035,0.0945,66.4,0.0178,1.7016
2573590,5125,5300.0,43.15499999999926,789,0.0944,66.4,0.0189,1.6941
2574476,5126,4600.0,44.669999999998936,886,0.0944,66.4,0.0167,1.7036
2575071,5127,4600.0,44.02499999999981,595,0.0944,66.4,0.0191,1.7004
2575681,5128,4400.0,45.54999999999977,610,0.0944,66.4,0.0215,1.7012
2576216,5129,700.0,12.224999999999948,535,0.0944,66.4,0.0178,1.6996
2577237,5130,5900.0,42.59499999999864,1021,0.0944,66.4,0.0192,1.7028
2577896,5131,4300.0,43.40499999999969,659,0.0944,66.4,0.0167,1.6972
2578581,5132,4700.0,42.97499999999951,685,0.0944,66.4,0.0188,1.7005
2579208,5133,3000.0,46.264999999999816,627,0.0944,66.4,0.0169,1.7017
2579987,5134,5200.0,44.80499999999918,779,0.0944,66.4,0.0183,1.7047
2580590,5135,3500.0,44.48499999999972,603,0.0944,66.4,0.0159,1.7171
2581179,5136,4000.0,43.0549999999998,589,0.0944,66.4,0.0189,1.7143
2581976,5137,3900.0,42.81499999999936,797,0.0944,66.4,0.0194,1.7164
2582541,5138,3800.0,43.27499999999981,565,0.0943,66.4,0.0231,1.7134
2583316,5139,5300.0,43.32499999999927,775,0.0943,66.4,0.0208,1.7198
2583964,5140,3600.0,43.459999999999674,648,0.0943,66.4,0.0172,1.7209
2584562,5141,4400.0,45.609999999999644,598,0.0943,66.4,0.0202,1.7181
2585236,5142,4500.0,44.9299999999995,674,0.0943,66.4,0.0188,1.7147
2586356,5143,5500.0,44.199999999998354,1120,0.0943,66.4,0.0196,1.7123
2586891,5144,1700.0,9.224999999999891,535,0.0943,66.4,0.0187,1.7199
2587465,5145,3600.0,43.22999999999982,574,0.0943,66.4,0.0174,1.7143
2588032,5146,2000.0,12.864999999999903,567,0.0943,66.3,0.0242,1.7218
2588640,5147,3000.0,43.65999999999984,608,0.0943,66.3,0.0188,1.7119
2589416,5148,6300.0,43.519999999999314,776,0.0943,66.3,0.0185,1.7207
2590429,5149,4500.0,43.73499999999877,1013,0.0943,66.3,0.0181,1.7228
2591207,5150,4300.0,44.409999999999165,778,0.0942,66.3,0.0181,1.7317
2592302,5151,4700.0,42.52499999999856,1095,0.0942,66.3,0.0188,1.7314
2593219,5152,6200.0,44.21499999999897,917,0.0942,66.3,0.0185,1.7254
2593934,5153,4200.0,45.92499999999941,715,0.0942,66.3,0.0189,1.7289
2594763,5154,4300.0,44.05499999999905,829,0.0942,66.3,0.0204,1.7226
2595548,5155,4200.0,43.97499999999929,785,0.0942,66.3,0.0175,1.7322
2596240,5156,4100.0,43.739999999999476,692,0.0942,66.3,0.017,1.728
2596932,5157,4500.0,44.43999999999942,692,0.0942,66.3,0.0166,1.7232
2597539,5158,4000.0,45.764999999999745,607,0.0942,66.3,0.0186,1.7245
2598240,5159,3600.0,43.194999999999425,701,0.0942,66.3,0.0169,1.7313
2599075,5160,4300.0,44.82499999999911,835,0.0942,66.3,0.0176,1.7271
2599559,5161,1600.0,13.379999999999981,484,0.0942,66.3,0.0177,1.7251
2600074,5162,700.0,11.524999999999935,515,0.0941,66.1,0.0175,1.7279
2600778,5163,4000.0,45.079999999999465,704,0.0941,66.1,0.0185,1.7492
2601529,5164,4000.0,44.74499999999938,751,0.0941,66.0,0.0163,1.7408
2602120,5165,3500.0,43.14499999999978,591,0.0941,66.0,0.0223,1.752
2603087,5166,3800.0,43.364999999998936,967,0.0941,66.0,0.0225,1.7487
2603575,5167,1700.0,10.859999999999939,488,0.0941,66.0,0.0203,1.7527
2604383,5168,3800.0,44.35999999999923,808,0.0941,66.0,0.0232,1.7449
2605298,5169,4100.0,43.72499999999898,915,0.0941,66.0,0.0163,1.7425
2606208,5170,4100.0,42.749999999998956,910,0.0941,66.0,0.0168,1.748
2607198,5171,4400.0,42.34999999999895,990,0.0941,66.0,0.0208,1.7467
2608259,5172,5400.0,41.39499999999861,1061,0.0941,66.0,0.0165,1.7425
2608883,5173,3700.0,43.37999999999963,624,0.0941,66.0,0.0152,1.7392
2609784,5174,3900.0,43.49499999999906,901,0.094,66.0,0.0211,1.7435
2610465,5175,4300.0,43.19499999999952,681,0.094,66.0,0.0177,1.7517
2610999,5176,4000.0,40.429999999999836,534,0.094,66.0,0.0231,1.7646
2611581,5177,3800.0,43.98999999999966,582,0.094,66.0,0.0168,1.7617
2612746,5178,8000.0,43.57499999999836,1165,0.094,66.0,0.018,1.7514
2613748,5179,5300.0,44.389999999998665,1002,0.094,66.0,0.0203,1.7583
2614322,5180,3000.0,43.029999999999845,574,0.094,66.0,0.0165,1.7541
2615074,5181,3800.0,43.039999999999516,752,0.094,66.0,0.0205,1.7488
2615751,5182,4100.0,43.61499999999949,677,0.094,66.0,0.0161,1.7616
2616328,5183,3400.0,43.314999999999756,577,0.094,66.0,0.0169,1.7537
2617303,5184,5000.0,43.224999999998936,975,0.094,66.0,0.0199,1.7573
2618012,5185,4400.0,43.654999999999404,709,0.0939,66.0,0.0204,1.7498
2618992,5186,6000.0,42.59999999999872,980,0.0939,66.0,0.0191,1.7511
2619807,5187,5600.0,45.124999999999105,815,0.0939,66.0,0.0218,1.7519
2620660,5188,4900.0,43.534999999999066,853,0.0939,66.0,0.021,1.7672
2621290,5189,3800.0,43.54999999999966,630,0.0939,65.9,0.0214,1.7753
2622139,5190,5300.0,43.25499999999903,849,0.0939,65.9,0.0177,1.7682
2622633,5191,1000.0,10.129999999999928,494,0.0939,65.9,0.0208,1.775
2623432,5192,4500.0,42.404999999999184,799,0.0939,65.9,0.021,1.7757
2624203,5193,3200.0,43.44499999999952,771,0.0939,65.9,0.0177,1.7639
2624930,5194,3700.0,44.06499999999943,727,0.0939,65.9,0.0203,1.7757
2625423,5195,1300.0,12.534999999999911,493,0.0939,65.9,0.02,1.7727
2626228,5196,5300.0,43.07499999999923,805,0.0939,65.9,0.0196,1.7654
2627145,5197,4000.0,44.81499999999881,917,0.0938,65.9,0.0178,1.7719
2627990,5198,4200.0,42.474999999999106,845,0.0938,65.9,0.0185,1.7669
2628745,5199,2900.0,43.22499999999943,755,0.0938,65.9,0.0208,1.771
2629733,5200,4700.0,41.95999999999867,988,0.0938,65.9,0.0228,1.763
2630228,5201,3200.0,44.52499999999981,495,0.0938,65.9,0.0155,1.764
2630713,5202,1000.0,13.374999999999954,485,0.0938,65.9,0.0148,1.7618
2631894,5203,5200.0,41.594999999998464,1181,0.0938,65.9,0.0192,1.7657
2632581,5204,3900.0,44.16499999999947,687,0.0938,65.9,0.0239,1.7681
2633343,5205,3800.0,42.58999999999926,762,0.0938,65.9,0.0183,1.7694
2633923,5206,3200.0,40.19999999999982,580,0.0938,65.9,0.0182,1.771
2634694,5207,4500.0,43.244999999999315,771,0.0938,65.9,0.0202,1.7658
2635632,5208,4400.0,43.309999999998944,938,0.0937,65.9,0.0192,1.7724
2636217,5209,4400.0,44.47499999999974,585,0.0937,65.9,0.0191,1.7719
2637253,5210,4400.0,43.419999999998666,1036,0.0937,65.9,0.0213,1.7713
2638109,5211,4100.0,43.319999999999105,856,0.0937,65.9,0.0202,1.771
2638684,5212,4400.0,43.0249999999997,575,0.0937,65.9,0.0174,1.7691
2639580,5213,3500.0,43.31999999999895,896,0.0937,65.9,0.0209,1.7659
2640157,5214,2900.0,40.81499999999989,577,0.0937,65.9,0.0194,1.7732
2640946,5215,5000.0,44.15499999999924,789,0.0937,65.9,0.0198,1.783
2641735,5216,5100.0,43.65499999999937,789,0.0937,65.9,0.0203,1.7771
2642385,5217,4100.0,45.34999999999959,650,0.0937,65.8,0.0231,1.7864
2642982,5218,4200.0,44.81499999999971,597,0.0937,65.8,0.0189,1.7875
2643883,5219,5000.0,44.39499999999899,901,0.0937,65.8,0.019,1.7828
2644395,5220,1400.0,10.13999999999994,512,0.0937,65.8,0.0222,1.776
2645178,5221,2700.0,43.28499999999938,783,0.0936,65.8,0.0241,1.7834
2646091,5222,5100.0,42.934999999998865,913,0.0936,65.8,0.0201,1.7755
2646679,5223,800.0,15.360000000000014,588,0.0936,65.8,0.0221,1.7781
2647190,5224,1100.0,11.644999999999914,511,0.0936,65.8,0.0216,1.7825
2649286,5225,2000.0,4.219999999999476,2096,0.0936,65.8,0.0183,1.7835
2649951,5226,3600.0,44.17499999999965,665,0.0936,65.8,0.021,1.7885
2650752,5227,6100.0,42.294999999999206,801,0.0936,65.8,0.0163,1.8016
2651348,5228,3000.0,43.81999999999978,596,0.0936,65.8,0.0169,1.8016
2651942,5229,400.0,11.529999999999955,594,0.0936,65.8,0.0247,1.8037
2652834,5230,5200.0,43.63999999999904,892,0.0936,65.8,0.0197,1.8071
2653515,5231,3900.0,45.29499999999948,681,0.0935,65.8,0.0216,1.802
2654033,5232,3400.0,43.209999999999845,518,0.0935,65.8,0.0223,1.798
2655228,5233,7100.0,42.5249999999983,1195,0.0935,65.8,0.0194,1.8084
2656121,5234,6400.0,42.83499999999899,893,0.0935,65.8,0.0193,1.8009
2657365,5235,7200.0,41.679999999998174,1244,0.0935,65.8,0.0219,1.8023
2658417,5236,7500.0,41.83999999999857,1052,0.0935,65.8,0.0184,1.7996
2659284,5237,5400.0,44.26499999999894,867,0.0935,65.8,0.0186,1.8053
2659990,5238,3400.0,43.46999999999952,706,0.0935,65.8,0.0164,1.795
2660922,5239,6800.0,42.73999999999876,932,0.0935,65.7,0.0224,1.81
2661573,5240,4200.0,45.44499999999964,651,0.0935,65.7,0.0198,1.8042
2662441,5241,5400.0,42.659999999999094,868,0.0934,65.7,0.0214,1.8085
2663120,5242,3900.0,44.70499999999949,679,0.0934,65.7,0.0191,1.8125
2663692,5243,3500.0,44.63999999999973,572,0.0934,65.7,0.019,1.8059
2665033,5244,10300.0,42.29499999999784,1341,0.0934,65.7,0.0204,1.8018
2665570,5245,1300.0,11.914999999999953,537,0.0934,65.7,0.018,1.8035
2666364,5246,3200.0,42.82999999999935,794,0.0934,65.7,0.0225,1.8026
2667159,5247,5100.0,43.9249999999993,795,0.0934,65.7,0.023,1.8012
2667950,5248,4200.0,42.94499999999932,791,0.0934,65.7,0.0209,1.8087
2668667,5249,5400.0,43.31499999999952,717,0.0934,65.7,0.0188,1.8025
2669207,5250,3800.0,45.79999999999988,540,0.0934,65.7,0.0247,1.8031
2670375,5251,6300.0,41.25999999999827,1168,0.0934,65.7,0.0188,1.8156
2671139,5252,3500.0,43.079999999999366,764,0.0933,65.7,0.022,1.8224
2671907,5253,4900.0,43.959999999999226,768,0.0933,65.7,0.0221,1.8099
2672564,5254,3300.0,44.01499999999952,657,0.0933,65.7,0.0234,1.8137
2673347,5255,4400.0,43.884999999999295,783,0.0933,65.7,0.0202,1.8138
2674052,5256,4400.0,43.57499999999945,705,0.0933,65.7,0.0219,1.8157
2674939,5257,5200.0,44.06499999999896,887,0.0933,65.7,0.0198,1.817
2675607,5258,3400.0,44.3599999999996,668,0.0933,65.7,0.0198,1.8087
2676144,5259,1000.0,12.814999999999927,537,0.0933,65.7,0.0236,1.8211
2677100,5260,7000.0,43.519999999998845,956,0.0933,65.7,0.0189,1.8186
2677922,5261,5000.0,42.58999999999926,822,0.0933,65.7,0.0195,1.8139
2678760,5262,5200.0,43.50999999999923,838,0.0933,65.6,0.021,1.8199
2679300,5263,1300.0,12.499999999999922,540,0.0933,65.6,0.0257,1.8106
2680465,5264,5500.0,42.074999999998305,1165,0.0932,65.6,0.0218,1.8337
2681394,5265,4000.0,43.05499999999908,929,0.0932,65.6,0.0206,1.8371
2681990,5266,3000.0,44.119999999999735,596,0.0932,65.6,0.0246,1.8339
2682648,5267,3800.0,44.309999999999626,658,0.0932,65.6,0.0254,1.8453
2683286,5268,4300.0,44.60999999999966,638,0.0932,65.6,0.0224,1.8378
2683823,5269,3400.0,45.01499999999983,537,0.0932,65.6,0.0189,1.8427
2684460,5270,4100.0,43.31499999999955,637,0.0932,65.6,0.0195,1.8341
2685120,5271,4000.0,44.09999999999961,660,0.0932,65.6,0.0239,1.8342
2685800,5272,3200.0,45.599999999999554,680,0.0932,65.6,0.022,1.8409
2686478,5273,3600.0,44.009999999999444,678,0.0932,65.6,0.0223,1.841
2687013,5274,3500.0,43.82499999999984,535,0.0932,65.6,0.0234,1.8344
2687834,5275,4600.0,43.1949999999992,821,0.0932,65.6,0.0202,1.8349
2688370,5276,1000.0,11.919999999999884,536,0.0932,65.6,0.0194,1.8412
2689335,5277,4900.0,43.77499999999891,965,0.0931,65.6,0.0228,1.8333
2690132,5278,4700.0,43.6149999999992,797,0.0931,65.6,0.019,1.8423
2690725,5279,3100.0,44.134999999999806,593,0.0931,65.6,0.0198,1.852
2691424,5280,3900.0,43.10499999999947,699,0.0931,65.6,0.0259,1.8551
2692199,5281,4800.0,42.92499999999944,775,0.0931,65.6,0.022,1.8545
2692830,5282,3100.0,43.24499999999973,631,0.0931,65.6,0.0189,1.8527
2693558,5283,2900.0,43.659999999999386,728,0.0931,65.6,0.0217,1.8501
2694208,5284,3200.0,44.04999999999958,650,0.0931,65.6,0.0239,1.8494
2694743,5285,1000.0,12.824999999999967,535,0.0931,65.6,0.0244,1.8587
2696174,5286,7400.0,40.944999999997584,1431,0.0931,65.6,0.0212,1.8513
2696708,5287,1400.0,12.229999999999883,534,0.0931,65.6,0.0231,1.8653
2697734,5288,8100.0,42.16999999999849,1026,0.0931,65.5,0.0202,1.8546
2698392,5289,5400.0,43.609999999999644,658,0.093,65.5,0.0202,1.8523
2699331,5290,4000.0,43.2049999999989,939,0.093,65.5,0.0214,1.8485
2699939,5291,3600.0,43.25999999999969,608,0.093,65.5,0.0202,1.8446
2700814,5292,5600.0,43.624999999999005,875,0.093,65.3,0.0221,1.8757
2701811,5293,6500.0,43.21499999999873,997,0.093,65.3,0.024,1.8643
2702730,5294,6000.0,44.20499999999887,919,0.093,65.3,0.0206,1.8706
2703578,5295,3200.0,42.75999999999911,848,0.093,65.3,0.0199,1.8684
2704010,5296,1400.0,12.439999999999948,432,0.093,65.3,0.0182,1.8767
2704721,5297,4200.0,43.64499999999939,711,0.093,65.3,0.0204,1.8636
2705645,5298,6500.0,42.67999999999888,924,0.093,65.3,0.0166,1.8619
2706519,5299,6200.0,43.029999999999,874,0.093,65.3,0.0224,1.8675
2707575,5300,7400.0,42.919999999998545,1056,0.0929,65.3,0.0241,1.8741
2708672,5301,6200.0,42.71499999999837,1097,0.0929,65.3,0.023,1.8588
2709697,5302,6200.0,42.074999999998596,1025,0.0929,65.2,0.0221,1.8663
2710685,5303,6300.0,42.45999999999876,988,0.0929,65.2,0.0242,1.8773
2711707,5304,6300.0,42.389999999998736,1022,0.0929,65.2,0.0195,1.8746
2712595,5305,4600.0,42.15999999999916,888,0.0929,65.2,0.0217,1.869
2713185,5306,600.0,11.749999999999922,590,0.0929,65.2,0.0208,1.8781
2714145,5307,6600.0,43.09999999999874,960,0.0929,65.2,0.0201,1.874
2715169,5308,5800.0,42.27999999999887,1024,0.0929,65.2,0.0202,1.8737
2715815,5309,5600.0,43.66999999999957,646,0.0928,65.2,0.0191,1.867
2716714,5310,5600.0,43.10499999999894,899,0.0928,65.2,0.0186,1.8733
2717228,5311,4300.0,40.72999999999985,514,0.0928,65.2,0.0187,1.8875
2718017,5312,6500.0,43.354999999999244,789,0.0928,65.2,0.0209,1.8773
2718672,5313,4100.0,44.6249999999996,655,0.0928,65.2,0.0218,1.8782
2719220,5314,3800.0,44.359999999999836,548,0.0928,65.2,0.0278,1.8867
2719906,5315,4500.0,43.26999999999949,686,0.0928,65.2,0.0243,1.8597
2720766,5316,5800.0,43.89999999999911,860,0.0928,65.2,0.0186,1.8712
2721491,5317,4200.0,43.27499999999954,725,0.0928,65.2,0.0163,1.8675
2722555,5318,6600.0,42.67999999999845,1064,0.0928,65.2,0.0251,1.8664
2723719,5319,6600.0,42.37999999999831,1164,0.0928,65.2,0.0224,1.8718
2724259,5320,2800.0,41.69999999999983,540,0.0928,65.2,0.0216,1.8673
2724797,5321,3600.0,44.20999999999971,538,0.0927,65.2,0.0204,1.8742
2725598,5322,5000.0,44.69499999999919,801,0.0927,65.2,0.0227,1.8736
2726437,5323,4400.0,42.2049999999991,839,0.0927,65.2,0.0205,1.8618
2727262,5324,3400.0,42.87499999999918,825,0.0927,65.2,0.023,1.8698
2728293,5325,6000.0,43.54499999999873,1031,0.0927,65.2,0.0234,1.8748
2728998,5326,5300.0,43.974999999999476,705,0.0927,65.1,0.0213,1.8699
2729679,5327,4200.0,44.99499999999952,681,0.0927,65.1,0.0192,1.8558
2730214,5328,3800.0,43.42499999999986,535,0.0927,65.1,0.02,1.8771
2730802,5329,4100.0,44.359999999999665,588,0.0927,65.1,0.0247,1.8929
2731531,5330,4900.0,43.35499999999945,729,0.0927,65.1,0.0217,1.8861
2732489,5331,5900.0,42.90999999999868,958,0.0927,65.1,0.0212,1.8879
2733112,5332,2900.0,45.484999999999616,623,0.0927,65.1,0.0315,1.8852
2733978,5333,5600.0,43.96999999999901,866,0.0926,65.1,0.0211,1.8889
2734630,5334,3600.0,43.43999999999943,652,0.0926,65.1,0.0266,1.8893
2735183,5335,2800.0,43.13499999999981,553,0.0926,65.1,0.0235,1.8906
2736230,5336,6100.0,41.864999999998616,1047,0.0926,65.1,0.0215,1.8934
2737454,5337,5400.0,42.07999999999814,1224,0.0926,65.1,0.0203,1.8855
2738366,5338,4600.0,42.93999999999891,912,0.0926,65.1,0.0197,1.8874
2739018,5339,5000.0,43.23999999999956,652,0.0926,65.1,0.0163,1.8812
2739893,5340,5800.0,43.62499999999922,875,0.0926,65.1,0.0202,1.8891
2740767,5341,6600.0,43.72999999999895,874,0.0926,65.1,0.0226,1.9152
2741912,5342,8100.0,42.4749999999984,1145,0.0926,65.1,0.0218,1.9111
2742493,5343,4000.0,43.19499999999976,581,0.0925,65.1,0.0192,1.9106
2743209,5344,3000.0,11.519999999999992,716,0.0925,65.1,0.0257,1.9119
2743861,5345,5600.0,45.33999999999958,652,0.0925,65.1,0.0195,1.8979
2744537,5346,3300.0,42.8199999999996,676,0.0925,65.1,0.0223,1.9042
2745405,5347,4200.0,42.259999999999046,868,0.0925,65.1,0.02,1.9103
2746091,5348,5000.0,42.869999999999266,686,0.0925,65.1,0.0221,1.899
2747102,5349,7000.0,42.84499999999866,1011,0.0925,65.0,0.0216,1.9094
2747763,5350,5600.0,44.29499999999958,661,0.0925,65.0,0.0233,1.9042
2748826,5351,7400.0,42.284999999998554,1063,0.0925,65.0,0.0187,1.9082
2749567,5352,6100.0,43.49499999999932,741,0.0925,65.0,0.0202,1.9085
2750795,5353,5500.0,42.55999999999815,1228,0.0925,65.0,0.0248,1.9219
2751280,5354,600.0,11.374999999999954,485,0.0924,65.0,0.0323,1.9192
2751784,5355,1200.0,12.379999999999928,504,0.0924,65.0,0.0243,1.9193
2752380,5356,4600.0,43.41999999999958,596,0.0924,65.0,0.0214,1.9191
2753346,5357,6400.0,42.16999999999878,966,0.0924,65.0,0.0214,1.9189
2754035,5358,4500.0,42.75499999999947,689,0.0924,65.0,0.021,1.9157
2754656,5359,5600.0,43.59499999999969,621,0.0924,65.0,0.0226,1.9198
2755431,5360,4400.0,44.72499999999939,775,0.0924,65.0,0.0252,1.9159
2756271,5361,4000.0,42.99999999999915,840,0.0924,65.0,0.0234,1.9256
2758369,5362,1800.0,4.2099999999994,2098,0.0924,65.0,0.022,1.9187
2759614,5363,9300.0,43.374999999998096,1245,0.0924,65.0,0.022,1.9226
2760343,5364,4200.0,44.454999999999295,729,0.0923,65.0,0.0228,1.931
2761070,5365,3400.0,42.56499999999933,727,0.0923,65.0,0.0238,1.93
2761906,5366,4800.0,44.41999999999906,836,0.0923,65.0,0.0207,1.9348
2763123,5367,6600.0,42.414999999998265,1217,0.0923,65.0,0.0254,1.9327
2763802,5368,3200.0,43.504999999999484,679,0.0923,65.0,0.0193,1.9259
2764874,5369,5800.0,42.73999999999842,1072,0.0923,65.0,0.0218,1.9347
2765309,5370,1000.0,9.624999999999996,435,0.0923,65.0,0.025,1.9207
2766007,5371,3700.0,44.309999999999576,698,0.0923,64.9,0.0221,1.9365
2766604,5372,4600.0,42.91499999999968,597,0.0923,64.9,0.0227,1.9321
2767308,5373,4000.0,43.27999999999949,704,0.0923,64.9,0.0258,1.9333
2768145,5374,4600.0,42.91499999999922,837,0.0923,64.9,0.0267,1.9382
2769013,5375,4200.0,41.85999999999899,868,0.0922,64.9,0.026,1.9265
2769858,5376,5200.0,43.97499999999912,845,0.0922,64.9,0.0267,1.9235
2770681,5377,4800.0,43.18499999999925,823,0.0922,64.9,0.0202,1.9335
2771789,5378,5500.0,41.75999999999851,1108,0.0922,64.9,0.0249,1.9364
2772751,5379,5000.0,43.189999999998705,962,0.0922,64.9,0.0268,1.9495
2773336,5380,3200.0,43.77499999999972,585,0.0922,64.9,0.0249,1.9418
2774045,5381,4500.0,43.6549999999993,709,0.0922,64.9,0.0159,1.9372
2774846,5382,4100.0,44.39499999999929,801,0.0922,64.9,0.0229,1.9375
2775399,5383,4100.0,44.3349999999998,553,0.0922,64.9,0.0246,1.9412
2776613,5384,6700.0,43.62999999999809,1214,0.0922,64.9,0.0266,1.9381
2777532,5385,6200.0,43.304999999998934,919,0.0922,64.9,0.0223,1.9333
2778135,5386,3900.0,44.684999999999675,603,0.0921,64.9,0.0276,1.9408
2778688,5387,2800.0,43.33499999999977,553,0.0921,64.9,0.0259,1.9317
2780160,5388,8400.0,42.239999999997416,1472,0.0921,64.9,0.0259,1.9388
2780800,5389,3600.0,43.99999999999956,640,0.0921,64.9,0.0223,1.9551
2781399,5390,3300.0,43.10499999999961,599,0.0921,64.9,0.0223,1.9418
2782099,5391,3300.0,44.099999999999426,700,0.0921,64.9,0.0239,1.9482
2782805,5392,4300.0,44.1699999999994,706,0.0921,64.9,0.0248,1.9472
2783535,5393,3300.0,42.34999999999936,730,0.0921,64.9,0.0224,1.9578
2784571,5394,4600.0,43.219999999998535,1036,0.0921,64.9,0.0236,1.9532
2785438,5395,4100.0,44.96499999999904,867,0.0921,64.8,0.0209,1.9398
2786206,5396,4200.0,44.15999999999923,768,0.0921,64.8,0.0229,1.9527
2787062,5397,4200.0,42.61999999999904,856,0.092,64.8,0.0245,1.9462
2787765,5398,3500.0,42.88499999999953,703,0.092,64.8,0.0293,1.9478
2788363,5399,3700.0,43.509999999999586,598,0.092,64.8,0.0231,1.9466
2789145,5400,4900.0,44.28999999999922,782,0.092,64.8,0.0214,1.9423
2789626,5401,900.0,11.394999999999943,481,0.092,64.8,0.0221,1.9347
2790303,5402,3100.0,44.214999999999414,677,0.092,64.8,0.0308,1.9498
2790912,5403,3300.0,44.354999999999656,609,0.092,64.8,0.0186,1.9656
2791643,5404,3900.0,43.94499999999935,731,0.092,64.8,0.0254,1.9627
2792237,5405,4400.0,45.32999999999962,594,0.092,64.8,0.021,1.9532
2793169,5406,6300.0,42.4399999999989,932,0.092,64.8,0.0226,1.9609
2793650,5407,1800.0,10.194999999999947,481,0.092,64.8,0.0193,1.9742
2794435,5408,4800.0,43.37499999999939,785,0.092,64.8,0.0207,1.9611
2794980,5409,4000.0,45.47499999999981,545,0.092,64.8,0.0212,1.9649
2796036,5410,4200.0,42.41999999999854,1056,0.0919,64.8,0.0232,1.9573
2796901,5411,3300.0,44.074999999999136,865,0.0919,64.8,0.0224,1.9652
2797605,5412,4100.0,45.07999999999945,704,0.0919,64.8,0.0207,1.9627
2799073,5413,15880.0,40.559999999997494,1468,0.0919,64.8,0.0246,1.9652
2800018,5414,4700.0,42.174999999998825,945,0.0919,64.5,0.0227,1.9623
2800818,5415,5400.0,43.69999999999909,800,0.0919,64.5,0.0202,1.9947
2802066,5416,6900.0,42.65999999999806,1248,0.0919,64.5,0.023,1.9823
2803005,5417,5500.0,44.20499999999885,939,0.0919,64.5,0.0254,1.9872
2803982,5418,6300.0,42.31499999999875,977,0.0919,64.5,0.0277,1.9852
2804468,5419,1200.0,13.269999999999978,486,0.0918,64.5,0.0206,1.982
2805142,5420,4600.0,43.129999999999576,674,0.0918,64.5,0.0203,1.9759
2805984,5421,4600.0,43.08999999999904,842,0.0918,64.5,0.0212,1.9924
2806952,5422,6200.0,42.95999999999876,968,0.0918,64.5,0.0245,1.986
2808194,5423,7900.0,41.789999999997974,1242,0.0918,64.5,0.0249,1.9791
2808956,5424,4200.0,45.18999999999935,762,0.0918,64.4,0.0212,1.9852
2809877,5425,6400.0,43.494999999998946,921,0.0918,64.4,0.027,1.9782
2810636,5426,5600.0,43.70499999999922,759,0.0918,64.4,0.0225,1.9976
2811460,5427,5400.0,43.17999999999917,824,0.0918,64.4,0.0277,1.9803
2812088,5428,5000.0,44.35999999999966,628,0.0918,64.4,0.0243,1.9947
2813167,5429,6800.0,43.0049999999985,1079,0.0918,64.4,0.0213,1.9813
2814165,5430,6600.0,42.10999999999864,998,0.0917,64.4,0.0222,1.9852
2815124,5431,6100.0,43.30499999999893,959,0.0917,64.4,0.0205,1.9852
2815748,5432,3200.0,43.57999999999982,624,0.0917,64.4,0.0214,1.9833
2816384,5433,5000.0,44.01999999999962,636,0.0917,64.4,0.0276,1.978
2817201,5434,4200.0,44.01499999999918,817,0.0917,64.4,0.0252,1.9957
2818262,5435,4100.0,43.294999999998666,1061,0.0917,64.4,0.0189,1.9828
2819290,5436,5800.0,42.65999999999863,1028,0.0917,64.4,0.022,1.9894
2820403,5437,5000.0,42.9349999999985,1113,0.0917,64.4,0.0227,1.9944
2820878,5438,1300.0,9.824999999999982,475,0.0917,64.4,0.024,1.9962
2821845,5439,5300.0,42.264999999998935,967,0.0917,64.4,0.0243,1.9882
2822682,5440,5000.0,44.514999999999056,837,0.0916,64.4,0.0209,1.9835
2823374,5441,3900.0,43.539999999999516,692,0.0916,64.4,0.0252,1.9896
2824827,5442,7300.0,41.83499999999748,1453,0.0916,64.4,0.0262,1.9908
2825324,5443,200.0,9.4149999999999,497,0.0916,64.4,0.0232,1.9889
2826400,5444,4200.0,41.119999999998605,1076,0.0916,64.4,0.0238,1.992
2827259,5445,5200.0,42.50499999999911,859,0.0916,64.4,0.0198,1.988
2828089,5446,5700.0,42.54999999999909,830,0.0916,64.3,0.0209,1.9853
2828627,5447,3200.0,44.4099999999998,538,0.0916,64.3,0.0198,1.9782
2829835,5448,7300.0,42.35999999999795,1208,0.0916,64.3,0.0222,1.9903
2831054,5449,6000.0,43.004999999998184,1219,0.0916,64.3,0.0213,1.9952
2831887,5450,5400.0,42.73499999999927,833,0.0915,64.3,0.0195,1.9974
2833106,5451,6200.0,43.20499999999821,1219,0.0915,64.3,0.0254,1.9997
2833577,5452,1700.0,10.244999999999933,471,0.0915,64.3,0.0224,1.9922
2834544,5453,4800.0,43.66499999999878,967,0.0915,64.3,0.025,1.9919
2835312,5454,5000.0,43.55999999999933,768,0.0915,64.3,0.0233,2.0007
2835793,5455,1500.0,13.294999999999941,481,0.0915,64.3,0.0277,2.0072
2836333,5456,2600.0,44.499999999999766,540,0.0915,64.3,0.0229,2.0008
2837029,5457,4500.0,44.11999999999956,696,0.0915,64.3,0.0245,1.9998
2837596,5458,3300.0,44.06499999999967,567,0.0915,64.3,0.0232,1.9932
2838436,5459,4500.0,43.199999999998965,840,0.0915,64.3,0.0221,2.0023
2839255,5460,3900.0,43.60499999999923,819,0.0915,64.3,0.0303,1.9963
2840231,5461,5100.0,43.119999999998704,976,0.0914,64.3,0.024,1.9982
2840906,5462,4500.0,44.924999999999464,675,0.0914,64.3,0.0234,2.02
2841592,5463,3700.0,44.769999999999506,686,0.0914,64.3,0.0207,2.0056
2842432,5464,4200.0,43.599999999999085,840,0.0914,64.3,0.0253,2.0028
2843336,5465,3900.0,43.17999999999907,904,0.0914,64.3,0.027,2.0073
2844540,5466,7700.0,42.479999999998256,1204,0.0914,64.3,0.027,2.0123
2845285,5467,4100.0,44.074999999999356,745,0.0914,64.3,0.0245,2.0115
2845765,5468,1200.0,12.799999999999937,480,0.0914,64.3,0.0238,1.9998
2846307,5469,2900.0,44.089999999999776,542,0.0914,64.3,0.0269,2.0069
2847452,5470,6300.0,42.87499999999826,1145,0.0914,64.2,0.023,2.0051
2848091,5471,3900.0,44.30499999999951,639,0.0914,64.2,0.0247,2.0246
2848713,5472,3400.0,44.089999999999584,622,0.0914,64.2,0.0248,2.0109
2849665,5473,4100.0,42.13999999999884,952,0.0913,64.2,0.0211,2.0119
2850739,5474,7300.0,42.529999999998545,1074,0.0913,64.2,0.0252,2.0192
2851507,5475,3200.0,44.2599999999992,768,0.0913,64.2,0.0258,2.0245
2852441,5476,5000.0,43.12999999999882,934,0.0913,64.2,0.0257,2.0333
2852925,5477,1000.0,12.479999999999944,484,0.0913,64.2,0.0238,2.0304
2853519,5478,0.0,11.629999999999892,594,0.0913,64.2,0.0313,2.0219
2853997,5479,1200.0,11.809999999999949,478,0.0913,64.2,0.0306,2.0356
2854965,5480,7200.0,43.559999999998986,968,0.0913,64.2,0.0204,2.0228
2855704,5481,5600.0,43.40499999999947,739,0.0913,64.2,0.0201,2.0249
2856391,5482,4600.0,44.16499999999944,687,0.0913,64.2,0.033,2.0289
2856984,5483,2200.0,11.534999999999883,593,0.0913,64.2,0.0286,2.0241
2857777,5484,3800.0,43.434999999999135,793,0.0913,64.2,0.0234,2.0253
2858446,5485,4300.0,42.554999999999595,669,0.0912,64.2,0.0225,2.0179
2859724,5486,7700.0,43.30999999999804,1278,0.0912,64.2,0.0256,2.0233
2860332,5487,3100.0,43.459999999999695,608,0.0912,64.2,0.0249,2.043
2861564,5488,10100.0,41.839999999997985,1232,0.0912,64.2,0.0233,2.0348
2862484,5489,4700.0,43.499999999998956,920,0.0912,64.2,0.0256,2.0401
2863569,5490,6800.0,42.77499999999848,1085,0.0912,64.2,0.022,2.0367
2864515,5491,4500.0,44.06999999999884,946,0.0912,64.2,0.024,2.0409
2865587,5492,5300.0,43.3399999999986,1072,0.0912,64.2,0.0227,2.0381
2866335,5493,4500.0,44.959999999999305,748,0.0912,64.1,0.0215,2.0409
2866810,5494,1600.0,13.424999999999955,475,0.0911,64.1,0.0314,2.0311
2867376,5495,3200.0,43.469999999999764,566,0.0911,64.1,0.0197,2.0279
2868181,5496,4900.0,43.274999999999174,805,0.0911,64.1,0.0207,2.0388
2869245,5497,5500.0,42.67999999999862,1064,0.0911,64.1,0.025,2.0333
2869844,5498,1500.0,13.204999999999984,599,0.0911,64.1,0.0226,2.0343
2871286,5499,7900.0,42.089999999997595,1442,0.0911,64.1,0.0263,2.0619
2872219,5500,4100.0,43.73499999999889,933,0.0911,64.1,0.0266,2.0673
2872928,5501,4400.0,44.85499999999942,709,0.0911,64.1,0.026,2.0547
2873841,5502,5800.0,42.73499999999898,913,0.0911,64.1,0.0238,2.0608
2874534,5503,4400.0,45.134999999999444,693,0.0911,64.1,0.0304,2.0625
2875012,5504,1000.0,9.409999999999975,478,0.0911,64.1,0.0286,2.0542
2875839,5505,4100.0,43.66499999999911,827,0.091,64.1,0.0262,2.0519
2876657,5506,4500.0,44.00999999999903,818,0.091,64.1,0.032,2.0661
2877234,5507,2500.0,44.41499999999968,577,0.091,64.1,0.0255,2.0537
2877901,5508,2600.0,42.76499999999966,667,0.091,64.1,0.0235,2.0612
2878560,5509,3800.0,45.804999999999495,659,0.091,64.1,0.031,2.0503
2879779,5510,4700.0,41.70499999999801,1219,0.091,64.1,0.0261,2.057
2880525,5511,4000.0,44.169999999999156,746,0.091,64.1,0.0337,2.0827
2881097,5512,3700.0,43.63999999999969,572,0.091,64.1,0.0221,2.0736
2881742,5513,3400.0,44.17499999999969,645,0.091,64.1,0.0226,2.0937
2882460,5514,3600.0,42.709999999999354,718,0.091,64.1,0.0225,2.0844
2883138,5515,4300.0,44.20999999999932,678,0.091,64.1,0.0258,2.0839
2883903,5516,4200.0,44.0749999999993,765,0.091,64.0,0.0224,2.0898
2885053,5517,6600.0,42.04999999999825,1150,0.0909,64.0,0.0235,2.0858
2885776,5518,3200.0,43.784999999999336,723,0.0909,64.0,0.0278,2.074
2886872,5519,6700.0,44.21999999999841,1096,0.0909,64.0,0.0273,2.0815
2887525,5520,3500.0,44.13499999999959,653,0.0909,64.0,0.0293,2.0884
2888290,5521,3700.0,43.574999999999235,765,0.0909,64.0,0.0235,2.0832
2889205,5522,4800.0,43.824999999998816,915,0.0909,64.0,0.0301,2.0914
2890571,5523,7100.0,41.66999999999766,1366,0.0909,64.0,0.0265,2.098
2891321,5524,4100.0,42.74999999999932,750,0.0909,64.0,0.0209,2.117
2892076,5525,3700.0,43.12499999999934,755,0.0909,64.0,0.0229,2.1068
2892924,5526,5200.0,42.359999999999204,848,0.0909,64.0,0.0269,2.1183
2893469,5527,4700.0,40.37499999999984,545,0.0908,64.0,0.0279,2.1181
2893949,5528,1400.0,9.799999999999937,480,0.0908,64.0,0.0295,2.1164
2894993,5529,8400.0,43.27999999999859,1044,0.0908,64.0,0.0265,2.1176
2896338,5530,10000.0,40.97499999999776,1345,0.0908,64.0,0.0245,2.1101
2897105,5531,4700.0,42.86499999999927,767,0.0908,64.0,0.0272,2.1105
2898114,5532,7000.0,42.05499999999862,1009,0.0908,64.0,0.0238,2.1089
2899081,5533,8200.0,41.564999999998825,967,0.0908,64.0,0.0278,2.113
2899752,5534,5100.0,44.24499999999949,671,0.0908,64.0,0.0275,2.1168
2900236,5535,2100.0,12.17999999999994,484,0.0908,63.8,0.0272,2.1147
2900825,5536,1500.0,11.654999999999863,589,0.0908,63.8,0.0232,2.1192
2901740,5537,6000.0,42.82499999999886,915,0.0908,63.8,0.0234,2.1233
2902272,5538,3500.0,44.439999999999834,532,0.0907,63.8,0.0221,2.1314
2902758,5539,800.0,12.569999999999933,486,0.0907,63.8,0.0281,2.1271
2904538,5540,16760.0,38.89999999999665,1780,0.0907,63.8,0.0241,2.1196
2905658,5541,18440.0,43.19999999999826,1120,0.0907,63.8,0.0223,2.1295
2906990,5542,9200.0,40.03999999999777,1332,0.0907,63.8,0.0288,2.1319
2907628,5543,3400.0,43.009999999999685,638,0.0907,63.8,0.032,2.1129
2908296,5544,3600.0,44.45999999999956,668,0.0907,63.7,0.0266,2.1218
2908854,5545,3300.0,45.40999999999975,558,0.0907,63.7,0.0299,2.1167
2909481,5546,4300.0,43.76499999999956,627,0.0907,63.7,0.0267,2.1257
2910339,5547,6300.0,43.509999999998996,858,0.0907,63.7,0.0262,2.1392
2911129,5548,4000.0,44.24999999999926,790,0.0906,63.7,0.0307,2.1326
2912507,5549,6900.0,42.50999999999788,1378,0.0906,63.7,0.0235,2.126
2913398,5550,5900.0,43.44499999999899,891,0.0906,63.7,0.0267,2.1474
2914055,5551,4800.0,43.41499999999957,657,0.0906,63.7,0.0266,2.1239
2914867,5552,4500.0,42.43999999999922,812,0.0906,63.7,0.0281,2.1255
2915646,5553,3600.0,43.30499999999931,779,0.0906,63.7,0.0308,2.1402
2916566,5554,5800.0,43.09999999999896,920,0.0906,63.7,0.0281,2.1322
2917061,5555,1100.0,13.22499999999993,495,0.0906,63.7,0.0226,2.1388
2917860,5556,3500.0,43.10499999999921,799,0.0906,63.7,0.0231,2.1337
2918609,5557,3400.0,43.354999999999336,749,0.0906,63.7,0.0327,2.136
2919500,5558,5900.0,42.744999999998946,891,0.0906,63.7,0.0246,2.1255
2920470,5559,4200.0,43.24999999999871,970,0.0905,63.7,0.0244,2.1404
2921612,5560,6000.0,41.5899999999983,1142,0.0905,63.7,0.0259,2.1415
2922740,5561,5800.0,43.05999999999835,1128,0.0905,63.7,0.0276,2.1462
2923576,5562,4200.0,42.519999999999186,836,0.0905,63.7,0.0263,2.1429
2924596,5563,5400.0,43.299999999998555,1020,0.0905,63.7,0.0306,2.1455
2925395,5564,3400.0,43.20499999999918,799,0.0905,63.7,0.0216,2.1346
2926010,5565,3600.0,45.824999999999584,615,0.0905,63.7,0.0309,2.1373
2926805,5566,3600.0,44.22499999999921,795,0.0905,63.6,0.0273,2.1282
2927440,5567,4200.0,43.62499999999953,635,0.0905,63.6,0.0204,2.1385
2927933,5568,800.0,10.534999999999958,493,0.0905,63.6,0.0323,2.1536
2928488,5569,2900.0,43.324999999999775,555,0.0905,63.6,0.0243,2.1391
2929295,5570,4400.0,43.76499999999923,807,0.0904,63.6,0.0242,2.1423
2929744,5571,400.0,9.954999999999949,449,0.0904,63.6,0.0288,2.1385
2930891,5572,6600.0,42.66499999999829,1147,0.0904,63.6,0.0256,2.1459
2931854,5573,4900.0,43.38499999999873,963,0.0904,63.6,0.0291,2.157
2932997,5574,5100.0,42.78499999999824,1143,0.0904,63.6,0.0232,2.1572
2933890,5575,4900.0,42.034999999999066,893,0.0904,63.6,0.0202,2.1422
2934489,5576,3700.0,45.804999999999715,599,0.0904,63.6,0.0246,2.1337
2935301,5577,4200.0,44.13999999999918,812,0.0904,63.6,0.028,2.1551
2936103,5578,5200.0,42.489999999999156,802,0.0904,63.6,0.0314,2.1538
2936702,5579,3300.0,42.904999999999696,599,0.0904,63.6,0.0251,2.144
2937459,5580,3800.0,43.014999999999276,757,0.0904,63.6,0.0272,2.149
2938315,5581,4300.0,44.71999999999905,856,0.0903,63.6,0.0274,2.1481
2938747,5582,800.0,12.439999999999959,432,0.0903,63.6,0.0216,2.1403
2939561,5583,4100.0,42.02999999999911,814,0.0903,63.6,0.0253,2.1508
2940081,5584,3800.0,43.89999999999986,520,0.0903,63.6,0.0253,2.1651
2940762,5585,3900.0,44.594999999999516,681,0.0903,63.6,0.0258,2.18
2941798,5586,5300.0,42.91999999999865,1036,0.0903,63.6,0.0301,2.1831
2942835,5587,6300.0,42.41499999999853,1037,0.0903,63.6,0.0254,2.1654
2943315,5588,700.0,12.599999999999937,480,0.0903,63.6,0.0286,2.1727
2943848,5589,3200.0,44.334999999999795,533,0.0903,63.6,0.021,2.168
2944403,5590,2400.0,44.524999999999736,555,0.0903,63.5,0.0256,2.1688
2944882,5591,1000.0,12.804999999999957,479,0.0903,63.5,0.0254,2.1692
2945645,5592,4800.0,43.984999999999275,763,0.0903,63.5,0.0235,2.1459
2946339,5593,5100.0,43.52999999999952,694,0.0903,63.5,0.0291,2.1521
2947299,5594,6000.0,44.699999999998745,960,0.0902,63.5,0.0272,2.1635
2948099,5595,5200.0,43.99999999999907,800,0.0902,63.5,0.0294,2.1723
2948673,5596,2300.0,43.429999999999865,574,0.0902,63.5,0.0228,2.1681
2949360,5597,2900.0,42.96499999999943,687,0.0902,63.5,0.0238,2.1624
2950340,5598,5500.0,41.999999999998614,980,0.0902,63.5,0.0216,2.1797
2951000,5599,3900.0,44.59999999999961,660,0.0902,63.5,0.0274,2.1696
2951723,5600,3900.0,45.6849999999994,723,0.0902,63.5,0.0235,2.1665
2952702,5601,5600.0,42.004999999998724,979,0.0902,63.5,0.0255,2.1825
2953461,5602,4200.0,43.70499999999928,759,0.0902,63.5,0.0264,2.1727
2954047,5603,2600.0,45.16999999999968,586,0.0902,63.5,0.025,2.1682
2955052,5604,4500.0,43.17499999999874,1005,0.0902,63.5,0.0263,2.1639
2955955,5605,3700.0,43.08499999999913,903,0.0901,63.5,0.027,2.1692
2956596,5606,4700.0,45.594999999999594,641,0.0901,63.5,0.0284,2.161
2957295,5607,3500.0,43.50499999999952,699,0.0901,63.5,0.0287,2.1745
2958117,5608,5000.0,43.489999999999114,822,0.0901,63.5,0.0253,2.1677
2958761,5609,2900.0,44.47999999999958,644,0.0901,63.5,0.0215,2.1635
2959684,5610,4000.0,43.98499999999878,923,0.0901,63.5,0.0239,2.1718
2960237,5611,3700.0,43.43499999999978,553,0.0901,63.5,0.0231,2.1805
2961163,5612,4600.0,42.86999999999894,926,0.0901,63.5,0.0253,2.1959
2961940,5613,4500.0,45.3149999999993,777,0.0901,63.5,0.0219,2.1847
2962486,5614,1800.0,13.069999999999894,546,0.0901,63.4,0.0242,2.192
2962981,5615,800.0,10.924999999999933,495,0.0901,63.4,0.0276,2.2053
2963975,5616,5900.0,44.429999999998635,994,0.0901,63.4,0.0217,2.1878
2964685,5617,5300.0,43.449999999999285,710,0.09,63.4,0.0248,2.1951
2965232,5618,3300.0,43.46499999999981,547,0.09,63.4,0.0281,2.1978
2966263,5619,7000.0,43.544999999998595,1031,0.09,63.4,0.024,2.196
2967037,5620,5400.0,43.82999999999914,774,0.09,63.4,0.0248,2.1899
2967613,5621,3000.0,43.5199999999998,576,0.09,63.4,0.0269,2.191
2968913,5622,6900.0,42.6999999999978,1300,0.09,63.4,0.0274,2.1923
2969726,5623,5300.0,43.734999999999026,813,0.09,63.4,0.0282,2.1955
2970322,5624,3000.0,44.31999999999976,596,0.09,63.4,0.0256,2.221
2970990,5625,3800.0,44.6599999999995,668,0.09,63.4,0.0254,2.2234
2971676,5626,3500.0,45.06999999999949,686,0.09,63.4,0.0274,2.2417
2972252,5627,3700.0,43.419999999999774,576,0.09,63.4,0.0282,2.2312
2973175,5628,5500.0,43.38499999999884,923,0.09,63.4,0.0245,2.2191
2973761,5629,4600.0,44.96999999999973,586,0.0899,63.4,0.0273,2.2239
2974511,5630,5600.0,44.64999999999914,750,0.0899,63.4,0.0277,2.2257
2975112,5631,5100.0,43.194999999999595,601,0.0899,63.4,0.0345,2.2278
2975764,5632,3900.0,43.03999999999966,652,0.0899,63.4,0.02,2.2369
2976504,5633,5600.0,45.59999999999942,740,0.0899,63.4,0.0321,2.2267
2977133,5634,5000.0,43.454999999999586,629,0.0899,63.4,0.0255,2.2346
2977667,5635,4400.0,43.52999999999981,534,0.0899,63.4,0.0294,2.2355
2978349,5636,3800.0,44.78999999999951,682,0.0899,63.4,0.0227,2.226
2979010,5637,4800.0,44.19499999999948,661,0.0899,63.4,0.03,2.2245
2979639,5638,3400.0,43.15499999999959,629,0.0899,63.4,0.0288,2.2424
2980276,5639,4800.0,44.814999999999614,637,0.0899,63.3,0.0217,2.253
2980845,5640,4900.0,45.25499999999976,569,0.0899,63.3,0.0262,2.2452
2981583,5641,4400.0,44.6099999999994,738,0.0899,63.3,0.0356,2.2481
2982174,5642,4300.0,44.144999999999655,591,0.0899,63.3,0.0355,2.2452
2982849,5643,6100.0,45.22499999999926,675,0.0898,63.3,0.0222,2.2549
2983413,5644,4100.0,46.379999999999754,564,0.0898,63.3,0.0288,2.2483
2984260,5645,5900.0,43.86499999999905,847,0.0898,63.3,0.0252,2.2459
2984730,5646,3800.0,40.74999999999985,470,0.0898,63.3,0.0285,2.2346
2985539,5647,4900.0,43.354999999999144,809,0.0898,63.3,0.03,2.2617
2986723,5648,5700.0,42.17999999999823,1184,0.0898,63.3,0.024,2.2494
2987350,5649,4200.0,44.66499999999959,627,0.0898,63.3,0.0314,2.2501
2988024,5650,3400.0,44.92999999999946,674,0.0898,63.3,0.0253,2.2537
2988779,5651,4300.0,44.524999999999295,755,0.0898,63.3,0.0268,2.2442
2989349,5652,3200.0,43.74999999999979,570,0.0898,63.3,0.0333,2.2337
2990145,5653,5200.0,42.4199999999992,796,0.0898,63.3,0.0253,2.2464
2990590,5654,200.0,10.674999999999926,445,0.0898,63.3,0.0325,2.2496
2991100,5655,2500.0,10.849999999999923,510,0.0898,63.3,0.034,2.2624
2991772,5656,5900.0,43.33999999999947,672,0.0897,63.3,0.028,2.273
2992486,5657,3400.0,43.12999999999935,714,0.0897,63.3,0.0257,2.2565
2993080,5658,4200.0,45.429999999999644,594,0.0897,63.3,0.0307,2.2531
2993847,5659,4000.0,42.56499999999928,767,0.0897,63.3,0.0278,2.2507
2994822,5660,7200.0,44.524999999998734,975,0.0897,63.3,0.027,2.254
2995680,5661,5100.0,44.00999999999899,858,0.0897,63.3,0.0263,2.2596
2996395,5662,4200.0,43.42499999999938,715,0.0897,63.3,0.0248,2.2499
2997576,5663,9200.0,41.69499999999826,1181,0.0897,63.2,0.0353,2.2609
2998179,5664,3600.0,45.28499999999966,603,0.0897,63.2,0.0343,2.2615
2998690,5665,4000.0,43.744999999999855,511,0.0897,63.2,0.0296,2.2445
2999224,5666,3500.0,43.72999999999975,534,0.0897,63.2,0.0327,2.2625
2999818,5667,4600.0,43.129999999999555,594,0.0897,63.2,0.0332,2.256
